Date,Tournament,Rank,Player,Record,Pokemon 1,Pokemon 2,Pokemon 3,Pokemon 4,Pokemon 5,Pokemon 6,Showdown Team,Source
2026-06-18,Intimidators Champions Challenge #19 REG M-B,unplaced,NightX,0-2-0,Staraptor,Metagross,Sinistcha,Grimmsnarl,Garchomp,Sylveon,"Staraptor @ Staraptite
Ability: Intimidate
Jolly Nature
- Brave Bird
- Roost
- Close Combat
- Protect

Metagross @ Metagrossite
Ability: Clear Body
Adamant Nature
- Protect
- Psychic Fangs
- Rock Slide
- Bullet Punch

Sinistcha @ Kasib Berry
Ability: Hospitality
Bold Nature
- Matcha Gotcha
- Strength Sap
- Rage Powder
- Protect

Grimmsnarl @ Light Clay
Ability: Prankster
Careful Nature
- Reflect
- Light Screen
- Parting Shot
- Foul Play

Garchomp @ Choice Scarf
Ability: Rough Skin
Adamant Nature
- Earthquake
- Rock Tomb
- Dragon Claw
- Stomping Tantrum

Sylveon @ Fairy Feather
Ability: Pixilate
Modest Nature
- Hyper Beam
- Baby-Doll Eyes
- Detect
- Hyper Voice",https://play.limitlesstcg.com/tournament/6a2fe50b2d97f3b0c261746a/player/nightx/teamlist
2026-06-18,Intimidators Champions Challenge #19 REG M-B,unplaced,Lufa_07,1-1-0,Whimsicott,Gholdengo,Garchomp,Basculegion,Staraptor,Eelektross,"Whimsicott @ Focus Sash
Ability: Prankster
Timid Nature
- Moonblast
- Tailwind
- Tickle
- Fake Tears

Gholdengo @ Life Orb
Ability: Good as Gold
Modest Nature
- Make It Rain
- Shadow Ball
- Power Gem
- Protect

Garchomp @ Soft Sand
Ability: Rough Skin
Adamant Nature
- Rock Slide
- Dragon Claw
- Earthquake
- Protect

Basculegion @ Choice Scarf
Ability: Adaptability
Jolly Nature
- Wave Crash
- Aqua Jet
- Flip Turn
- Last Respects

Staraptor @ Staraptite
Ability: Intimidate
Adamant Nature
- Close Combat
- Brave Bird
- Roost
- Protect

Eelektross @ Eelektrossite
Ability: Levitate
Modest Nature
- Discharge
- Thunderbolt
- Giga Drain
- Protect",https://play.limitlesstcg.com/tournament/6a2fe50b2d97f3b0c261746a/player/lufa_07/teamlist
2026-06-18,Intimidators Champions Challenge #19 REG M-B,unplaced,Veaga,0-2-0,Whimsicott,Mawile,Milotic,Incineroar,Staraptor,Garchomp,"Whimsicott @ Focus Sash
Ability: Prankster
Bold Nature
- Tailwind
- Encore
- Charm
- Moonblast

Mawile @ Mawilite
Ability: Hyper Cutter
Jolly Nature
- Play Rough
- Iron Head
- Protect
- Sucker Punch

Milotic @ Leftovers
Ability: Competitive
Bold Nature
- Scald
- Life Dew
- Icy Wind
- Protect

Incineroar @ Chople Berry
Ability: Intimidate
Careful Nature
- Fake Out
- Swagger
- Flare Blitz
- Parting Shot

Staraptor @ Staraptite
Ability: Intimidate
Jolly Nature
- Protect
- Brave Bird
- Close Combat
- Roost

Garchomp @ Life Orb
Ability: Rough Skin
Jolly Nature
- Earthquake
- Dragon Claw
- Protect
- Rock Tomb",https://play.limitlesstcg.com/tournament/6a2fe50b2d97f3b0c261746a/player/veaga/teamlist
2026-06-18,Intimidators Champions Challenge #19 REG M-B,unplaced,kenzinn,1-2-0,Farigiraf,Incineroar,Mawile,Swampert,Sinistcha,Pelipper,"Farigiraf @ Life Orb
Ability: Armor Tail
Quiet Nature
- Twin Beam
- Hyper Voice
- Trick Room
- Protect

Incineroar @ Sitrus Berry
Ability: Intimidate
Adamant Nature
- Darkest Lariat
- Parting Shot
- Fake Out
- Flare Blitz

Mawile @ Mawilite
Ability: Intimidate
Brave Nature
- Iron Head
- Play Rough
- Sucker Punch
- Protect

Swampert @ Swampertite
Ability: Torrent
Adamant Nature
- Wave Crash
- High Horsepower
- Ice Punch
- Protect

Sinistcha @ Leftovers
Ability: Hospitality
Relaxed Nature
- Matcha Gotcha
- Rage Powder
- Trick Room
- Protect

Pelipper @ Focus Sash
Ability: Drizzle
Modest Nature
- Protect
- Weather Ball
- Hurricane
- Tailwind",https://play.limitlesstcg.com/tournament/6a2fe50b2d97f3b0c261746a/player/kenzinn/teamlist
2026-06-18,Intimidators Champions Challenge #19 REG M-B,unplaced,JogadorZero,1-3-0,Floette-Eternal,Whimsicott,Sneasler,Milotic,Pyroar,Torkoal,"Floette-Eternal @ Floettite
Ability: Flower Veil
Timid Nature
- Moonblast
- Dazzling Gleam
- Light of Ruin
- Protect

Whimsicott @ Fairy Feather
Ability: Prankster
Bold Nature
- Moonblast
- Tailwind
- Protect
- Encore

Sneasler @ White Herb
Ability: Unburden
Adamant Nature
- Protect
- Dire Claw
- Close Combat
- Fake Out

Milotic @ Sitrus Berry
Ability: Competitive
Modest Nature
- Protect
- Scald
- Icy Wind
- Ice Beam

Pyroar @ Pyroarite
Ability: Unnerve
Timid Nature
- Overheat
- Heat Wave
- Hyper Voice
- Protect

Torkoal @ Charcoal
Ability: Drought
Bold Nature
- Eruption
- Overheat
- Helping Hand
- Protect",https://play.limitlesstcg.com/tournament/6a2fe50b2d97f3b0c261746a/player/jogadorzero/teamlist
2026-06-18,Intimidators Champions Challenge #19 REG M-B,unplaced,JAGUARR,1-2-0,Talonflame,Garchomp,Annihilape,Metagross,Maushold,Floette-Eternal,"Talonflame @ nothing
Ability: Gale Wings
Jolly Nature
- Acrobatics
- Tailwind
- Protect
- Flare Blitz

Garchomp @ Life Orb
Ability: Rough Skin
Jolly Nature
- Dragon Claw
- Protect
- Rock Slide
- Earthquake

Annihilape @ Sitrus Berry
Ability: Defiant
Adamant Nature
- Rage Fist
- Close Combat
- Drain Punch
- Coaching

Metagross @ Metagrossite
Ability: Clear Body
Jolly Nature
- Bullet Punch
- Protect
- Psychic Fangs
- Stomping Tantrum

Maushold @ Chople Berry
Ability: Friend Guard
Impish Nature
- Follow Me
- Protect
- Beat Up
- Super Fang

Floette-Eternal @ Floettite
Ability: Flower Veil
Timid Nature
- Dazzling Gleam
- Protect
- Light of Ruin
- Moonblast",https://play.limitlesstcg.com/tournament/6a2fe50b2d97f3b0c261746a/player/jaguarr/teamlist
2026-06-18,Intimidators Champions Challenge #19 REG M-B,unplaced,GuiCateb,2-3-0,Annihilape,Whimsicott,Pyroar,Aerodactyl,Venusaur,Grimmsnarl,"Annihilape @ Leftovers
Ability: Defiant
Adamant Nature
- Drain Punch
- Bulk Up
- Protect
- Rage Fist

Whimsicott @ Fairy Feather
Ability: Prankster
Timid Nature
- Tailwind
- Moonblast
- Sunny Day
- Protect

Pyroar @ Pyroarite
Ability: Unnerve
Timid Nature
- Heat Wave
- Overheat
- Hyper Voice
- Protect

Aerodactyl @ Life Orb
Ability: Unnerve
Jolly Nature
- Rock Slide
- Sunny Day
- Protect
- Tailwind

Venusaur @ Focus Sash
Ability: Chlorophyll
Timid Nature
- Sleep Powder
- Sludge Bomb
- Giga Drain
- Protect

Grimmsnarl @ Light Clay
Ability: Prankster
Impish Nature
- Light Screen
- Fake Out
- Spirit Break
- Reflect",https://play.limitlesstcg.com/tournament/6a2fe50b2d97f3b0c261746a/player/guicateb/teamlist
2026-06-18,Intimidators Champions Challenge #19 REG M-B,unplaced,Gabrielferlin,1-1-0,Raichu,Charizard,Gengar,Incineroar,Milotic,Altaria,"Raichu @ Raichunite X
Ability: Lightning Rod
Timid Nature
- Drain Punch
- Play Rough
- Trailblaze
- Volt Tackle

Charizard @ Charizardite Y
Ability: Blaze
Jolly Nature
- Blast Burn
- Flare Blitz
- Outrage
- Thunder Punch

Gengar @ Lum Berry
Ability: Cursed Body
Timid Nature
- Dark Pulse
- Icy Wind
- Psychic
- Shadow Ball

Incineroar @ Sitrus Berry
Ability: Blaze
Adamant Nature
- Fire Blast
- Overheat
- Reversal
- Shadow Claw

Milotic @ Focus Sash
Ability: Competitive
Modest Nature
- Draining Kiss
- scald
- Rest
- Hyper Beam

Altaria @ Leftovers
Ability: Cloud Nine
Impish Nature
- Aerial Ace
- Earthquake
- Fly
- Ice Beam",https://play.limitlesstcg.com/tournament/6a2fe50b2d97f3b0c261746a/player/gabrielferlin/teamlist
2026-06-18,Intimidators Champions Challenge #19 REG M-B,unplaced,DUhZER4,1-2-0,Swampert,Pelipper,Sinistcha,Sneasler,Sableye,Archaludon,"Swampert @ Swampertite
Ability: Torrent
Jolly Nature
- Wave Crash
- Earthquake
- Ice Punch
- Protect

Pelipper @ Sitrus Berry
Ability: Drizzle
Calm Nature
- Hurricane
- Weather Ball
- Helping Hand
- Tailwind

Sinistcha @ Kasib Berry
Ability: Hospitality
Calm Nature
- Matcha Gotcha
- Life Dew
- Rage Powder
- Protect

Sneasler @ Focus Sash
Ability: Unburden
Jolly Nature
- Fake Out
- Close Combat
- Dire Claw
- Protect

Sableye @ Light Clay
Ability: Prankster
Careful Nature
- Reflect
- Light Screen
- Rain Dance
- Will-O-Wisp

Archaludon @ Leftovers
Ability: Stamina
Modest Nature
- Dragon Pulse
- Flash Cannon
- Electro Shot
- Protect",https://play.limitlesstcg.com/tournament/6a2fe50b2d97f3b0c261746a/player/duhzer4/teamlist
2026-06-18,Intimidators Champions Challenge #19 REG M-B,unplaced,Dragonis,0-2-0,Gengar,Incineroar,Dragonite,Garchomp,Grimmsnarl,Dragapult,"Gengar @ Gengarite
Ability: Cursed Body
Timid Nature
- Dazzling Gleam
- Sludge Bomb
- Protect
- Substitute

Incineroar @ Sitrus Berry
Ability: Intimidate
Careful Nature
- Flare Blitz
- Fake Out
- Protect
- Parting Shot

Dragonite @ White Herb
Ability: Multiscale
Adamant Nature
- Extreme Speed
- Dragon Claw
- Protect
- Tailwind

Garchomp @ Life Orb
Ability: Rough Skin
Jolly Nature
- Earthquake
- Scale Shot
- Protect
- Rock Slide

Grimmsnarl @ Leftovers
Ability: Prankster
Impish Nature
- Light Screen
- Sucker Punch
- Spirit Break
- Parting Shot

Dragapult @ Dragon Fang
Ability: Clear Body
Jolly Nature
- Dragon Darts
- Substitute
- Sucker Punch
- Will-O-Wisp",https://play.limitlesstcg.com/tournament/6a2fe50b2d97f3b0c261746a/player/dragonis/teamlist
2026-06-18,Intimidators Champions Challenge #19 REG M-B,unplaced,DoctorDragapult,2-3-0,Charizard,Metagross,Samurott-Hisui,Incineroar,Garchomp,Whimsicott,"Charizard @ Charizardite Y
Ability: Drought
Modest Nature
- Weather Ball
- Solar Beam
- Heat Crash
- Play Rough

Metagross @ Metagrossite
Ability: Tough Claws
Jolly Nature
- Psychic Fangs
- Iron Head
- Protect
- Thunder Punch

Samurott-Hisui @ Life Orb
Ability: Sharpness
Adamant Nature
- Ceaseless Edge
- Sucker Punch
- Detect
- Sacred Sword

Incineroar @ Sitrus Berry
Ability: Intimidate
Adamant Nature
- Fake Out
- Flare Blitz
- Parting Shot
- Darkest Lariat

Garchomp @ Lum Berry
Ability: Rough Skin
Jolly Nature
- Stomping Tantrum
- Rock Slide
- Protect
- Dragon Claw

Whimsicott @ Focus Sash
Ability: Prankster
Timid Nature
- Moonblast
- Sunny Day
- Tailwind
- Taunt",https://play.limitlesstcg.com/tournament/6a2fe50b2d97f3b0c261746a/player/doctordragapult/teamlist
2026-06-18,Intimidators Champions Challenge #19 REG M-B,unplaced,Surya,0-3-0,Metagross,Sneasler,Kingambit,Basculegion,Garchomp,Charizard,"Metagross @ Metagrossite
Ability: Clear Body
Adamant Nature
- Body Press
- Iron Head
- Psychic Fangs
- Protect

Sneasler @ White Herb
Ability: Unburden
Adamant Nature
- Dire Claw
- Protect
- Fake Out
- Close Combat

Kingambit @ Black Glasses
Ability: Defiant
Adamant Nature
- Kowtow Cleave
- Protect
- Iron Head
- Sucker Punch

Basculegion @ Choice Scarf
Ability: Adaptability
Adamant Nature
- Aqua Jet
- Last Respects
- Flip Turn
- Wave Crash

Garchomp @ Life Orb
Ability: Rough Skin
Jolly Nature
- Dragon Claw
- Earthquake
- Rock Slide
- Scorching Sands

Charizard @ Charizardite Y
Ability: Solar Power
Timid Nature
- Heat Wave
- Flamethrower
- Solar Beam
- Protect",https://play.limitlesstcg.com/tournament/6a2fe50b2d97f3b0c261746a/player/surya/teamlist
2026-06-18,Intimidators Champions Challenge #19 REG M-B,unplaced,Yeety32050YT,1-3-0,Camerupt,Drampa,Oranguru,Grimmsnarl,Metagross,Sinistcha,"Camerupt @ Cameruptite
Ability: Solid Rock
Quiet Nature
- Ancient Power
- Earth Power
- Eruption
- Protect

Drampa @ Drampanite
Ability: Berserk
Quiet Nature
- Earth Power
- Hyper Voice
- Ice Beam
- Thunderbolt

Oranguru @ Colbur Berry
Ability: Inner Focus
Bold Nature
- Instruct
- Protect
- Psychic
- Trick Room

Grimmsnarl @ Light Clay
Ability: Prankster
Careful Nature
- Light Screen
- Reflect
- Spirit Break
- Parting Shot

Metagross @ Life Orb
Ability: Clear Body
Adamant Nature
- Protect
- Psychic Fangs
- Iron Head
- Bullet Punch

Sinistcha @ Sitrus Berry
Ability: Hospitality
Bold Nature
- Matcha Gotcha
- Rage Powder
- Trick Room
- Protect",https://play.limitlesstcg.com/tournament/6a2fe50b2d97f3b0c261746a/player/yeety32050yt/teamlist
2026-06-18,Intimidators Champions Challenge #19 REG M-B,unplaced,Yaelito,1-3-0,Aerodactyl,Sceptile,Clefable,Incineroar,Garchomp,Mimikyu,"Aerodactyl @ Aerodactylite
Ability: Unnerve
Jolly Nature
- Rock Slide
- Tailwind
- Ice Fang
- Dual Wingbeat

Sceptile @ Sceptilite
Ability: Overgrow
Timid Nature
- Energy Ball
- Protect
- Dragon Pulse
- Earth Power

Clefable @ Babiri Berry
Ability: Unaware
Modest Nature
- Thunderbolt
- Icy Wind
- Follow Me
- Dazzling Gleam

Incineroar @ Sitrus Berry
Ability: Intimidate
Impish Nature
- Fake Out
- Parting Shot
- Throat Chop
- Flare Blitz

Garchomp @ Life Orb
Ability: Rough Skin
Jolly Nature
- Poison Jab
- Dragon Claw
- Earthquake
- Protect

Mimikyu @ Muscle Band
Ability: Disguise
Adamant Nature
- Play Rough
- Drain Punch
- Taunt
- Shadow Sneak",https://play.limitlesstcg.com/tournament/6a2fe50b2d97f3b0c261746a/player/yaelito/teamlist
2026-06-18,Intimidators Champions Challenge #19 REG M-B,unplaced,Mrgentlemanbr,1-3-0,Incineroar,Tsareena,Dragonite,Swampert,Pelipper,Sableye,"Incineroar @ Sitrus Berry
Ability: Intimidate
Brave Nature
- Fake Out
- Parting Shot
- Flare Blitz
- Darkest Lariat

Tsareena @ Wide Lens
Ability: Queenly Majesty
Adamant Nature
- Triple Axel
- Protect
- Trop Kick
- High Jump Kick

Dragonite @ Dragoninite
Ability: Multiscale
Modest Nature
- Draco Meteor
- Flamethrower
- Hurricane
- Extreme Speed

Swampert @ Swampertite
Ability: Torrent
Adamant Nature
- Ice Punch
- Earthquake
- Protect
- Wave Crash

Pelipper @ Damp Rock
Ability: Drizzle
Bold Nature
- Hurricane
- Tailwind
- Wide Guard
- Helping Hand

Sableye @ Focus Sash
Ability: Prankster
Impish Nature
- Rain Dance
- Encore
- Disable
- Will-O-Wisp",https://play.limitlesstcg.com/tournament/6a2fe50b2d97f3b0c261746a/player/mrgentlemanbr/teamlist
2026-06-18,Intimidators Champions Challenge #19 REG M-B,1,Chinese Spy ,8-1-0,Charizard,Metagross,Samurott-Hisui,Sylveon,Garchomp,Aerodactyl,"Charizard @ Charizardite Y
Ability: Blaze
Modest Nature
- Heat Wave
- Solar Beam
- Protect
- Weather Ball

Metagross @ Metagrossite
Ability: Clear Body
Jolly Nature
- Protect
- Iron Head
- Body Press
- Ice Punch

Samurott-Hisui @ Black Glasses
Ability: Sharpness
Adamant Nature
- Ceaseless Edge
- Sucker Punch
- Sacred Sword
- Protect

Sylveon @ Fairy Feather
Ability: Pixilate
Modest Nature
- Hyper Beam
- Hyper Voice
- Quick Attack
- Protect

Garchomp @ Life Orb
Ability: Rough Skin
Jolly Nature
- Dragon Claw
- Protect
- Earthquake
- Rock Tomb

Aerodactyl @ Focus Sash
Ability: Unnerve
Jolly Nature
- Tailwind
- Rock Slide
- Wide Guard
- Protect",https://play.limitlesstcg.com/tournament/6a2fe50b2d97f3b0c261746a/player/wochienreaction/teamlist
2026-06-18,Intimidators Champions Challenge #19 REG M-B,2,X0funny,7-2-0,Blastoise,Farigiraf,Torkoal,Sinistcha,Sneasler,Sylveon,"Blastoise @ Blastoisinite
Ability: Rain Dish
Quiet Nature
- Fake Out
- Dark Pulse
- Aura Sphere
- Water Spout

Farigiraf @ Sitrus Berry
Ability: Armor Tail
Sassy Nature
- Trick Room
- Protect
- Helping Hand
- Psychic

Torkoal @ Charcoal
Ability: Drought
Quiet Nature
- Eruption
- Protect
- Weather Ball
- Solar Beam

Sinistcha @ Colbur Berry
Ability: Hospitality
Quiet Nature
- Shadow Ball
- Matcha Gotcha
- Trick Room
- Life Dew

Sneasler @ Focus Sash
Ability: Unburden
Jolly Nature
- Close Combat
- Dire Claw
- Fake Out
- Protect

Sylveon @ Fairy Feather
Ability: Pixilate
Quiet Nature
- Hyper Voice
- Hyper Beam
- Calm Mind
- Protect",https://play.limitlesstcg.com/tournament/6a2fe50b2d97f3b0c261746a/player/x0funny/teamlist
2026-06-18,Intimidators Champions Challenge #19 REG M-B,3,lucardrgs,7-1-0,Staraptor,Floette-Eternal,Basculegion,Garchomp,Grimmsnarl,Sinistcha,"Staraptor @ Staraptite
Ability: Intimidate
Careful Nature
- Close Combat
- Brave Bird
- Roost
- Protect

Floette-Eternal @ Floettite
Ability: Flower Veil
Modest Nature
- Dazzling Gleam
- Moonblast
- Light of Ruin
- Protect

Basculegion @ Sitrus Berry
Ability: Adaptability
Adamant Nature
- Wave Crash
- Last Respects
- Aqua Jet
- Protect

Garchomp @ Life Orb
Ability: Rough Skin
Jolly Nature
- Earthquake
- Dragon Claw
- Stomping Tantrum
- Protect

Grimmsnarl @ Light Clay
Ability: Prankster
Impish Nature
- Reflect
- Light Screen
- Spirit Break
- Scary Face

Sinistcha @ Kasib Berry
Ability: Hospitality
Bold Nature
- Matcha Gotcha
- Strength Sap
- Rage Powder
- Trick Room",https://play.limitlesstcg.com/tournament/6a2fe50b2d97f3b0c261746a/player/lucardrgs/teamlist
2026-06-18,Intimidators Champions Challenge #19 REG M-B,4,TFO | Royal,5-3-0,Whimsicott,Staraptor,Raichu,Basculegion,Clefable,Kangaskhan,"Whimsicott @ Focus Sash
Ability: Prankster
Modest Nature
- Charm
- Encore
- Tailwind
- Moonblast

Staraptor @ Staraptite
Ability: Intimidate
Jolly Nature
- Protect
- Blaze Kick
- Brave Bird
- Close Combat

Raichu @ Raichunite Y
Ability: Lightning Rod
Timid Nature
- Protect
- Grass Knot
- Focus Blast
- Zap Cannon

Basculegion @ Choice Scarf
Ability: Adaptability
Jolly Nature
- Aqua Jet
- Flip Turn
- Wave Crash
- Last Respects

Clefable @ Sitrus Berry
Ability: Unaware
Bold Nature
- Protect
- Life Dew
- Follow Me
- Moonblast

Kangaskhan @ Silk Scarf
Ability: Scrappy
Adamant Nature
- Fake Out
- Last Resort",https://play.limitlesstcg.com/tournament/6a2fe50b2d97f3b0c261746a/player/ffroyaldarkness/teamlist
2026-06-18,Intimidators Champions Challenge #19 REG M-B,5,TFO | Márcio,5-2-0,Pelipper,Incineroar,Swampert,Archaludon,Sinistcha,Sneasler,"Pelipper @ Damp Rock
Ability: Drizzle
Modest Nature
- Protect
- Tailwind
- Hurricane
- Weather Ball

Incineroar @ Bright Powder
Ability: Intimidate
Relaxed Nature
- Fake Out
- Flare Blitz
- Throat Chop
- Parting Shot

Swampert @ Swampertite
Ability: torrente
Adamant Nature
- Protect
- Bulk Up
- Wave Crash
- Earthquake

Archaludon @ Leftovers
Ability: Stamina
Modest Nature
- Protect
- Electro Shot
- Flash Cannon
- Dragon Pulse

Sinistcha @ Sitrus Berry
Ability: Hospitality
Calm Nature
- Rage Powder
- Matcha Gotcha
- Trick Room
- Protect

Sneasler @ Focus Sash
Ability: Poison Touch
Naive Nature
- Fake Out
- Protect
- Dire Claw
- Close Combat",https://play.limitlesstcg.com/tournament/6a2fe50b2d97f3b0c261746a/player/lumia23/teamlist
2026-06-18,Intimidators Champions Challenge #19 REG M-B,6,Dibraldinho13,5-2-0,Floette-Eternal,Charizard,Whimsicott,Garchomp,Basculegion,Rotom-Wash,"Floette-Eternal @ Floettite
Ability: Flower Veil
Modest Nature
- Moonblast
- Dazzling Gleam
- Light of Ruin
- Protect

Charizard @ Charizardite Y
Ability: Blaze
Modest Nature
- Heat Wave
- Weather Ball
- Solar Beam
- Protect

Whimsicott @ Focus Sash
Ability: Prankster
Timid Nature
- Moonblast
- Encore
- Tailwind
- Protect

Garchomp @ Life Orb
Ability: Rough Skin
Jolly Nature
- Dragon Claw
- Earthquake
- Rock Slide
- Protect

Basculegion @ Choice Scarf
Ability: Adaptability
Jolly Nature
- Wave Crash
- Last Respects
- Flip Turn
- Aqua Jet

Rotom-Wash @ Wide Lens
Ability: Levitate
Timid Nature
- Thunderbolt
- Hydro Pump
- Will-O-Wisp
- Light Screen",https://play.limitlesstcg.com/tournament/6a2fe50b2d97f3b0c261746a/player/dibraldinho13/teamlist
2026-06-18,Intimidators Champions Challenge #19 REG M-B,7,NMR | Gostzin Igor Salino,4-3-0,Incineroar,Raichu,Staraptor,Sinistcha,Toxapex,Ninetales-Alola,"Incineroar @ Sitrus Berry
Ability: Intimidate
Impish Nature
- Parting Shot
- Fake Out
- Darkest Lariat
- Flare Blitz

Raichu @ Raichunite Y
Ability: Lightning Rod
Timid Nature
- Encore
- Protect
- Focus Blast
- Zap Cannon

Staraptor @ Staraptite
Ability: Intimidate
Jolly Nature
- Close Combat
- Brave Bird
- Protect
- Roost

Sinistcha @ Kasib Berry
Ability: Hospitality
Bold Nature
- Matcha Gotcha
- Rage Powder
- Protect
- Strength Sap

Toxapex @ Leftovers
Ability: Regenerator
Bold Nature
- Wide Guard
- Baneful Bunker
- Toxic
- Infestation

Ninetales-Alola @ Focus Sash
Ability: Snow Warning
Timid Nature
- Aurora Veil
- Blizzard
- Icy Wind
- Freeze-Dry",https://play.limitlesstcg.com/tournament/6a2fe50b2d97f3b0c261746a/player/gostzin/teamlist
2026-06-18,Intimidators Champions Challenge #19 REG M-B,8,chickfilasandy,4-3-0,Gengar,Incineroar,Scrafty,Sableye,Grimmsnarl,Staraptor,"Gengar @ Gengarite
Ability: Cursed Body
Timid Nature
- Shadow Ball
- Perish Song
- Disable
- Protect

Incineroar @ Sitrus Berry
Ability: Intimidate
Impish Nature
- Flare Blitz
- Fake Out
- Parting Shot
- Protect

Scrafty @ Leftovers
Ability: Intimidate
Careful Nature
- Knock Off
- Drain Punch
- Fake Out
- Detect

Sableye @ Roseli Berry
Ability: Prankster
Impish Nature
- Fake Out
- Encore
- Disable
- Detect

Grimmsnarl @ Focus Sash
Ability: Prankster
Careful Nature
- Fake Out
- Fake Tears
- Parting Shot
- Protect

Staraptor @ Staraptite
Ability: Intimidate
Jolly Nature
- Close Combat
- Brave Bird
- Roost
- Protect",https://play.limitlesstcg.com/tournament/6a2fe50b2d97f3b0c261746a/player/chickfilasandy/teamlist
2026-06-18,Intimidators Champions Challenge #19 REG M-B,9,SirYuky,4-2-0,Swampert,Sinistcha,Archaludon,Pelipper,Metagross,Sableye,"Swampert @ Swampertite
Ability: Torrent
Adamant Nature
- Wave Crash
- Earthquake
- Ice Punch
- Protect

Sinistcha @ Kasib Berry
Ability: Hospitality
Bold Nature
- Matcha Gotcha
- Rage Powder
- Trick Room
- Life Dew

Archaludon @ Leftovers
Ability: Stamina
Modest Nature
- Electro Shot
- Dragon Pulse
- Flash Cannon
- Protect

Pelipper @ Sitrus Berry
Ability: Drizzle
Modest Nature
- Hurricane
- Weather Ball
- Tailwind
- Wide Guard

Metagross @ Metagrossite
Ability: Clear Body
Jolly Nature
- Protect
- Iron Head
- Psychic Fangs
- Bullet Punch

Sableye @ Light Clay
Ability: Prankster
Sassy Nature
- Rain Dance
- Light Screen
- Reflect
- Quash",https://play.limitlesstcg.com/tournament/6a2fe50b2d97f3b0c261746a/player/siryuky/teamlist
2026-06-18,Intimidators Champions Challenge #19 REG M-B,10,AntZim,4-2-0,Dragalge,Toxapex,Garchomp,Whimsicott,Charizard,Incineroar,"Dragalge @ Dragalgite
Ability: Adaptability
Bold Nature
- Venoshock
- Draco Meteor
- Whirlpool
- Protect

Toxapex @ Sitrus Berry
Ability: Regenerator
Bold Nature
- Infestation
- Toxic
- Wide Guard
- Recover

Garchomp @ Life Orb
Ability: Rough Skin
Jolly Nature
- Dragon Claw
- Earthquake
- Rock Tomb
- Protect

Whimsicott @ Focus Sash
Ability: Prankster
Timid Nature
- Moonblast
- Leech Seed
- Tailwind
- Fake Tears

Charizard @ Charizardite Y
Ability: Solar Power
Modest Nature
- Heat Wave
- Weather Ball
- Solar Beam
- Protect

Incineroar @ Passho Berry
Ability: Intimidate
Adamant Nature
- Flare Blitz
- Fake Out
- Parting Shot
- Throat Chop",https://play.limitlesstcg.com/tournament/6a2fe50b2d97f3b0c261746a/player/antzim/teamlist
2026-06-18,Intimidators Champions Challenge #19 REG M-B,11,NMR | FelipeT,4-2-0,Delphox,Chesnaught,Kingambit,Farigiraf,Aerodactyl,Garchomp,"Delphox @ Delphoxite
Ability: Blaze
Modest Nature
- Heat Wave
- Psychic
- Protect
- Substitute

Chesnaught @ Chesnaughtite
Ability: Bulletproof
Sassy Nature
- Wood Hammer
- Body Press
- Spiky Shield
- Iron Defense

Kingambit @ Chople Berry
Ability: Defiant
Adamant Nature
- Kowtow Cleave
- Sucker Punch
- Iron Head
- Protect

Farigiraf @ Sitrus Berry
Ability: Armor Tail
Bold Nature
- Psychic
- Hyper Voice
- Trick Room
- Helping Hand

Aerodactyl @ Focus Sash
Ability: Unnerve
Jolly Nature
- Rock Slide
- Dual Wingbeat
- Tailwind
- Protect

Garchomp @ Life Orb
Ability: Rough Skin
Adamant Nature
- Rock Slide
- Earthquake
- Protect
- Dragon Claw",https://play.limitlesstcg.com/tournament/6a2fe50b2d97f3b0c261746a/player/felipet/teamlist
2026-06-18,Intimidators Champions Challenge #19 REG M-B,12,Claudiomir,4-2-0,Farigiraf,Blastoise,Kingambit,Torkoal,Kangaskhan,Sinistcha,"Farigiraf @ Colbur Berry
Ability: Armor Tail
Relaxed Nature
- Psychic Noise
- Trick Room
- Helping Hand
- Reflect

Blastoise @ Blastoisinite
Ability: Rain Dish
Quiet Nature
- Water Spout
- Protect
- Dark Pulse
- Aura Sphere

Kingambit @ Black Glasses
Ability: Defiant
Brave Nature
- Sucker Punch
- Iron Head
- Kowtow Cleave
- Protect

Torkoal @ Charcoal
Ability: Drought
Quiet Nature
- Eruption
- Earth Power
- Heat Wave
- Protect

Kangaskhan @ Kangaskhanite
Ability: Scrappy
Brave Nature
- Double-Edge
- Drain Punch
- Fake Out
- Protect

Sinistcha @ Sitrus Berry
Ability: Hospitality
Relaxed Nature
- Matcha Gotcha
- Life Dew
- Rage Powder
- Trick Room",https://play.limitlesstcg.com/tournament/6a2fe50b2d97f3b0c261746a/player/claudiomir/teamlist
2026-06-18,Intimidators Champions Challenge #19 REG M-B,13,Moreiraxyz07,4-2-0,Charizard,Aerodactyl,Garchomp,Basculegion,Kingambit,Sylveon,"Charizard @ Charizardite Y
Ability: Blaze
Modest Nature
- Heat Wave
- Weather Ball
- Protect
- Solar Beam

Aerodactyl @ Aerodactylite
Ability: Rock Head
Jolly Nature
- Dual Wingbeat
- Rock Slide
- Tailwind
- Protect

Garchomp @ Sitrus Berry
Ability: Rough Skin
Tera Type: Dragon
Adamant Nature
- Dragon Claw
- Earthquake
- Rock Slide
- Protect

Basculegion @ Choice Scarf
Ability: Adaptability
Jolly Nature
- Wave Crash
- Last Respects
- Aqua Jet
- Flip Turn

Kingambit @ Chople Berry
Ability: Defiant
Tera Type: Dark
Adamant Nature
- Iron Head
- Kowtow Cleave
- Sucker Punch
- Low Kick

Sylveon @ Fairy Feather
Ability: Pixilate
Modest Nature
- Hyper Voice
- Hyper Beam
- Quick Attack
- Detect",https://play.limitlesstcg.com/tournament/6a2fe50b2d97f3b0c261746a/player/moreiraxyz07/teamlist
2026-06-18,Intimidators Champions Challenge #19 REG M-B,14,Kamaleao,4-2-0,Tauros-Paldea-Aqua,Froslass,Incineroar,Appletun,Glimmora,Farigiraf,"Tauros-Paldea-Aqua @ Wacan Berry
Ability: Intimidate
Adamant Nature
- Aqua Jet
- Close Combat
- Protect
- Raging Bull

Froslass @ Froslassite
Ability: Cursed Body
Modest Nature
- Aurora Veil
- Blizzard
- Protect
- Shadow Ball

Incineroar @ Chople Berry
Ability: Intimidate
Careful Nature
- Fake Out
- Flare Blitz
- Parting Shot
- Throat Chop

Appletun @ Big Root
Ability: Thick Fat
Sassy Nature
- Apple Acid
- Dragon Pulse
- Leech Seed
- Protect

Glimmora @ Focus Sash
Ability: Toxic Debris
Timid Nature
- Earth Power
- Power Gem
- Sludge Bomb
- Spiky Shield

Farigiraf @ Colbur Berry
Ability: Armor Tail
Quiet Nature
- Roar
- Psychic
- Thunderbolt
- Trick Room",https://play.limitlesstcg.com/tournament/6a2fe50b2d97f3b0c261746a/player/kamaleao/teamlist
2026-06-18,Intimidators Champions Challenge #19 REG M-B,15,JeehForever,4-2-0,Charizard,Garchomp,Incineroar,Sneasler,Staraptor,Whimsicott,"Charizard @ Charizardite Y
Ability: Blaze
Timid Nature
- Heat Wave
- Solar Beam
- Weather Ball
- Protect

Garchomp @ Life Orb
Ability: Rough Skin
Adamant Nature
- Dragon Claw
- Earthquake
- Rock Slide
- Protect

Incineroar @ Sitrus Berry
Ability: Intimidate
Careful Nature
- Fake Out
- Throat Chop
- Parting Shot
- Flare Blitz

Sneasler @ Muscle Band
Ability: Poison Touch
Jolly Nature
- Fake Out
- Close Combat
- Dire Claw
- Protect

Staraptor @ Staraptite
Ability: Intimidate
Jolly Nature
- Brave Bird
- Close Combat
- Roost
- Protect

Whimsicott @ Focus Sash
Ability: Prankster
Timid Nature
- Moonblast
- Tailwind
- Encore
- Protect",https://play.limitlesstcg.com/tournament/6a2fe50b2d97f3b0c261746a/player/jeehforever/teamlist
2026-06-18,Intimidators Champions Challenge #19 REG M-B,16,ESC4N0R,4-2-0,Sneasler,Sinistcha,Swampert,Archaludon,Pelipper,Incineroar,"Sneasler @ White Herb
Ability: Unburden
Jolly Nature
- Fake Out
- Close Combat
- Dire Claw
- Coaching

Sinistcha @ Sitrus Berry
Ability: Hospitality
Bold Nature
- Matcha Gotcha
- Life Dew
- Rage Powder
- Protect

Swampert @ Swampertite
Ability: Torrent
Adamant Nature
- Wave Crash
- Bulk Up
- Earthquake
- Protect

Archaludon @ Leftovers
Ability: Stamina
Modest Nature
- Dragon Pulse
- Electro Shot
- Flash Cannon
- Protect

Pelipper @ Focus Sash
Ability: Drizzle
Modest Nature
- Tailwind
- Weather Ball
- Hurricane
- Wide Guard

Incineroar @ Chople Berry
Ability: Intimidate
Careful Nature
- Fake Out
- Flare Blitz
- Parting Shot
- Darkest Lariat",https://play.limitlesstcg.com/tournament/6a2fe50b2d97f3b0c261746a/player/esc4n0r/teamlist
2026-06-18,Intimidators Champions Challenge #19 REG M-B,17,Zantut,4-2-0,Staraptor,Typhlosion-Hisui,Metagross,Whimsicott,Annihilape,Maushold,"Staraptor @ Staraptite
Ability: Intimidate
Jolly Nature
- Protect
- Brave Bird
- Close Combat
- Roost

Typhlosion-Hisui @ Wise Glasses
Ability: Blaze
Timid Nature
- Protect
- Shadow Ball
- Eruption
- Heat Wave

Metagross @ Metagrossite
Ability: Clear Body
Jolly Nature
- Protect
- Psychic Fangs
- Trailblaze
- Iron Head

Whimsicott @ Focus Sash
Ability: Prankster
Modest Nature
- Protect
- Moonblast
- Tailwind
- Sunny Day

Annihilape @ Sitrus Berry
Ability: Defiant
Adamant Nature
- Protect
- Bulk Up
- Brick Break
- Rage Fist

Maushold @ Chople Berry
Ability: Friend Guard
Impish Nature
- Follow Me
- Super Fang
- Beat Up
- Protect",https://play.limitlesstcg.com/tournament/6a2fe50b2d97f3b0c261746a/player/zantut/teamlist
2026-06-18,Intimidators Champions Challenge #19 REG M-B,18,tavin_n,4-2-0,Archaludon,Sinistcha,Pelipper,Swampert,Metagross,Grimmsnarl,"Archaludon @ Leftovers
Ability: Stamina
Calm Nature
- Protect
- Electro Shot
- Dragon Pulse
- Flash Cannon

Sinistcha @ Coba Berry
Ability: Hospitality
Bold Nature
- Protect
- Matcha Gotcha
- Trick Room
- Rage Powder

Pelipper @ Sitrus Berry
Ability: Drizzle
Bold Nature
- Protect
- Weather Ball
- Hurricane
- Tailwind

Swampert @ Swampertite
Ability: Torrent
Adamant Nature
- Protect
- Wave Crash
- High Horsepower
- Ice Punch

Metagross @ Metagrossite
Ability: Clear Body
Adamant Nature
- Protect
- Meteor Mash
- Body Press
- Psychic Fangs

Grimmsnarl @ Light Clay
Ability: Prankster
Careful Nature
- Light Screen
- Reflect
- Parting Shot
- Swagger",https://play.limitlesstcg.com/tournament/6a2fe50b2d97f3b0c261746a/player/tavin_n/teamlist
2026-06-18,Intimidators Champions Challenge #19 REG M-B,19,GeekHero22,4-2-0,Archaludon,Sneasler,Dragonite,Basculegion,Kingambit,Pelipper,"Archaludon @ Leftovers
Ability: Stamina
Modest Nature
- Electro Shot
- Dragon Pulse
- Protect
- Flash Cannon

Sneasler @ White Herb
Ability: Unburden
Jolly Nature
- Dire Claw
- Close Combat
- Fake Out
- Protect

Dragonite @ Dragoninite
Ability: Multiscale
Modest Nature
- Draco Meteor
- Hurricane
- Protect
- Tailwind

Basculegion @ Choice Scarf
Ability: Adaptability
Jolly Nature
- Aqua Jet
- Wave Crash
- Last Respects
- Protect

Kingambit @ Black Glasses
Ability: Defiant
Adamant Nature
- Kowtow Cleave
- Iron Head
- Sucker Punch
- Protect

Pelipper @ Focus Sash
Ability: Drizzle
Quiet Nature
- Hurricane
- Weather Ball
- Helping Hand
- Wide Guard",https://play.limitlesstcg.com/tournament/6a2fe50b2d97f3b0c261746a/player/geekhero22/teamlist
2026-06-18,Intimidators Champions Challenge #19 REG M-B,20,NinaBruxa,3-3-0,Whimsicott,Gholdengo,Glimmora,Sinistcha,Kingambit,Gardevoir,"Whimsicott @ Focus Sash
Ability: Prankster
Timid Nature
- Protect
- Moonblast
- Tailwind
- Taunt

Gholdengo @ White Herb
Ability: Good as Gold
Modest Nature
- Protect
- Make It Rain
- Nasty Plot
- Shadow Ball

Glimmora @ Glimmoranite
Ability: Toxic Debris
Modest Nature
- Sludge Wave
- Power Gem
- Earth Power
- Spiky Shield

Sinistcha @ Colbur Berry
Ability: Hospitality
Bold Nature
- Matcha Gotcha
- Rage Powder
- Trick Room
- Life Dew

Kingambit @ Black Glasses
Ability: Supreme Overlord
Brave Nature
- Kowtow Cleave
- Iron Head
- Sucker Punch
- Protect

Gardevoir @ Life Orb
Ability: Telepathy
Timid Nature
- Icy Wind
- Psyshock
- Protect
- Moonblast",https://play.limitlesstcg.com/tournament/6a2fe50b2d97f3b0c261746a/player/ninabruxa/teamlist
2026-06-18,Intimidators Champions Challenge #19 REG M-B,21,xein,3-3-0,Sylveon,Charizard,Kingambit,Garchomp,Basculegion,Whimsicott,"Sylveon @ Fairy Feather
Ability: Pixilate
Modest Nature
- Detect
- Quick Attack
- Hyper Voice
- Hyper Beam

Charizard @ Charizardite Y
Ability: Blaze
Modest Nature
- Heat Wave
- Solar Beam
- Weather Ball
- Protect

Kingambit @ Occa Berry
Ability: Defiant
Adamant Nature
- Kowtow Cleave
- Protect
- Sucker Punch
- Low Kick

Garchomp @ Roseli Berry
Ability: Rough Skin
Jolly Nature
- Earthquake
- Dragon Claw
- Rock Slide
- Protect

Basculegion @ Mystic Water
Ability: Adaptability
Adamant Nature
- Wave Crash
- Last Respects
- Aqua Jet
- Protect

Whimsicott @ Focus Sash
Ability: Prankster
Timid Nature
- Moonblast
- Encore
- Tailwind
- Protect",https://play.limitlesstcg.com/tournament/6a2fe50b2d97f3b0c261746a/player/xein/teamlist
2026-06-18,Intimidators Champions Challenge #19 REG M-B,22,CorreiazinhoW,3-3-0,Maushold,Swampert,Pelipper,Grimmsnarl,Archaludon,Sinistcha,"Maushold @ Wide Lens
Ability: Technician
Jolly Nature
- Population Bomb
- Bite
- Encore
- Protect

Swampert @ Swampertite
Ability: Damp
Jolly Nature
- Wave Crash
- Earthquake
- Ice Punch
- Protect

Pelipper @ Focus Sash
Ability: Drizzle
Timid Nature
- Weather Ball
- Hurricane
- Tailwind
- Protect

Grimmsnarl @ Light Clay
Ability: Prankster
Careful Nature
- Swagger
- Parting Shot
- Reflect
- Light Screen

Archaludon @ Leftovers
Ability: Stamina
Modest Nature
- Electro Shot
- Dragon Pulse
- Flash Cannon
- Protect

Sinistcha @ Sitrus Berry
Ability: Hospitality
Bold Nature
- Matcha Gotcha
- Life Dew
- Rage Powder
- Protect",https://play.limitlesstcg.com/tournament/6a2fe50b2d97f3b0c261746a/player/correiazinhow/teamlist
2026-06-18,Intimidators Champions Challenge #19 REG M-B,23,Erivaldo,3-3-0,Grimmsnarl,Sinistcha,Staraptor,Garchomp,Whimsicott,Gholdengo,"Grimmsnarl @ Roseli Berry
Ability: Prankster
Calm Nature
- Fake Out
- Spirit Break
- Parting Shot
- Fake Tears

Sinistcha @ Kasib Berry
Ability: Hospitality
Relaxed Nature
- Matcha Gotcha
- Trick Room
- Rage Powder
- Protect

Staraptor @ Staraptite
Ability: Intimidate
Jolly Nature
- Close Combat
- Dual Wingbeat
- Roost
- Protect

Garchomp @ Life Orb
Ability: Rough Skin
Jolly Nature
- Earthquake
- Dragon Claw
- Protect
- Rock Slide

Whimsicott @ Focus Sash
Ability: Prankster
Timid Nature
- Moonblast
- Protect
- Encore
- Tailwind

Gholdengo @ Choice Scarf
Ability: Good as Gold
Timid Nature
- Make It Rain
- Shadow Ball
- Dazzling Gleam
- Power Gem",https://play.limitlesstcg.com/tournament/6a2fe50b2d97f3b0c261746a/player/erivaldo/teamlist
2026-06-18,Intimidators Champions Challenge #19 REG M-B,24,TFO Buzz,3-3-0,Tyranitar,Dragonite,Excadrill,Aerodactyl,Gholdengo,Sinistcha,"Tyranitar @ Tyranitarite
Ability: Sand Stream
Adamant Nature
- Knock Off
- Rock Slide
- Protect
- Low Kick

Dragonite @ Lum Berry
Ability: Inner Focus
Jolly Nature
- Dragon Claw
- Extreme Speed
- Earthquake
- Protect

Excadrill @ Focus Sash
Ability: Sand Rush
Jolly Nature
- Earthquake
- High Horsepower
- Rock Slide
- Iron Head

Aerodactyl @ Sitrus Berry
Ability: Unnerve
Jolly Nature
- Tailwind
- Rock Slide
- Protect
- Taunt

Gholdengo @ Life Orb
Ability: Good as Gold
Modest Nature
- Make It Rain
- Protect
- Shadow Ball
- Focus Blast

Sinistcha @ Leftovers
Ability: Hospitality
Bold Nature
- Matcha Gotcha
- Rage Powder
- Life Dew
- Strength Sap",https://play.limitlesstcg.com/tournament/6a2fe50b2d97f3b0c261746a/player/buzzverse/teamlist
2026-06-18,Intimidators Champions Challenge #19 REG M-B,25,Shorty_SD,3-3-0,Swampert,Archaludon,Pelipper,Incineroar,Basculegion,Metagross,"Swampert @ Swampertite
Ability: Torrent
Careful Nature
- Waterfall
- Earthquake
- Bulk Up
- Protect

Archaludon @ Leftovers
Ability: Stamina
Calm Nature
- Electro Shot
- Flash Cannon
- Dragon Pulse
- Protect

Pelipper @ Sitrus Berry
Ability: Drizzle
Timid Nature
- Hurricane
- Tailwind
- Wide Guard
- Protect

Incineroar @ Muscle Band
Ability: Intimidate
Adamant Nature
- Fake Out
- Flare Blitz
- Throat Chop
- Parting Shot

Basculegion @ Focus Sash
Ability: Swift Swim
Adamant Nature
- Wave Crash
- Aqua Jet
- Last Respects
- Protect

Metagross @ Metagrossite
Ability: Clear Body
Adamant Nature
- Bullet Punch
- Psychic Fangs
- Ice Punch
- Protect",https://play.limitlesstcg.com/tournament/6a2fe50b2d97f3b0c261746a/player/shorty_sd/teamlist
2026-06-18,Intimidators Champions Challenge #19 REG M-B,26,LucasVBC,3-3-0,Staraptor,Incineroar,Sinistcha,Raichu,Aggron,Grimmsnarl,"Staraptor @ Staraptite
Ability: Intimidate
Adamant Nature
- Brave Bird
- Close Combat
- Roost
- Protect

Incineroar @ Leftovers
Ability: Intimidate
Adamant Nature
- Fake Out
- Flare Blitz
- Throat Chop
- Parting Shot

Sinistcha @ Sitrus Berry
Ability: Hospitality
Sassy Nature
- Matcha Gotcha
- Trick Room
- Rage Powder
- Strength Sap

Raichu @ Focus Sash
Ability: Lightning Rod
Timid Nature
- Fake Out
- Encore
- Volt Switch
- Protect

Aggron @ Aggronite
Ability: Heavy Metal
Careful Nature
- Iron Defense
- Body Press
- Heavy Slam
- Protect

Grimmsnarl @ Babiri Berry
Ability: Prankster
Impish Nature
- Fake Out
- Swagger
- Parting Shot
- Spirit Break",https://play.limitlesstcg.com/tournament/6a2fe50b2d97f3b0c261746a/player/lucasvbc/teamlist
2026-06-18,Intimidators Champions Challenge #19 REG M-B,27,LCzada,3-3-0,Pelipper,Dragonite,Sinistcha,Archaludon,Zoroark-Hisui,Sneasler,"Pelipper @ Focus Sash
Ability: Drizzle
Timid Nature
- Hurricane
- Weather Ball
- Tailwind
- Protect

Dragonite @ Dragoninite
Ability: Multiscale
Modest Nature
- Draco Meteor
- Thunder
- Flamethrower
- Protect

Sinistcha @ Sitrus Berry
Ability: Hospitality
Bold Nature
- Matcha Gotcha
- Rage Powder
- Life Dew
- Protect

Archaludon @ Leftovers
Ability: Stamina
Modest Nature
- Electro Shot
- Dragon Pulse
- Flash Cannon
- Protect

Zoroark-Hisui @ Life Orb
Ability: Illusion
Timid Nature
- Bitter Malice
- Hyper Voice
- Icy Wind
- Nasty Plot

Sneasler @ White Herb
Ability: Unburden
Adamant Nature
- Fake Out
- Dire Claw
- Close Combat
- U-turn",https://play.limitlesstcg.com/tournament/6a2fe50b2d97f3b0c261746a/player/lczada/teamlist
2026-06-18,Intimidators Champions Challenge #19 REG M-B,28,Morphys,3-3-0,Farigiraf,Rhyperior,Sinistcha,Torkoal,Dragalge,Drampa,"Farigiraf @ Mental Herb
Ability: Armor Tail
Sassy Nature
- Protect
- Helping Hand
- Twin Beam
- Trick Room

Rhyperior @ Passho Berry
Ability: Solid Rock
Brave Nature
- High Horsepower
- Rock Slide
- Ice Punch
- Protect

Sinistcha @ Sitrus Berry
Ability: Hospitality
Bold Nature
- Matcha Gotcha
- Rage Powder
- Trick Room
- Life Dew

Torkoal @ Charcoal
Ability: Drought
Modest Nature
- Eruption
- Heat Wave
- Earth Power
- Protect

Dragalge @ Dragalgite
Ability: Adaptability
Relaxed Nature
- Draco Meteor
- Sludge Bomb
- Flip Turn
- Protect

Drampa @ Drampanite
Ability: Cloud Nine
Quiet Nature
- Protect
- Earth Power
- Hyper Voice
- Dragon Pulse",https://play.limitlesstcg.com/tournament/6a2fe50b2d97f3b0c261746a/player/morphys/teamlist
2026-06-18,Intimidators Champions Challenge #19 REG M-B,29,TFO | Danyks,3-3-0,Incineroar,Sinistcha,Sableye,Floette-Eternal,Rotom-Wash,Umbreon,"Incineroar @ Sitrus Berry
Ability: Intimidate
Impish Nature
- Protect
- Will-O-Wisp
- Fake Out
- Flare Blitz

Sinistcha @ Occa Berry
Ability: Hospitality
Docile Nature
- Trick Room
- Rage Powder
- Matcha Gotcha
- Shadow Ball

Sableye @ Light Clay
Ability: Prankster
Careful Nature
- Reflect
- Light Screen
- Encore
- Foul Play

Floette-Eternal @ Floettite
Ability: Flower Veil
Timid Nature
- Protect
- Moonblast
- Dazzling Gleam
- Light of Ruin

Rotom-Wash @ Focus Band
Ability: Levitate
Modest Nature
- Protect
- Will-O-Wisp
- Thunderbolt
- Hydro Pump

Umbreon @ Leftovers
Ability: Inner Focus
Impish Nature
- Protect
- Toxic
- Moonlight
- Foul Play",https://play.limitlesstcg.com/tournament/6a2fe50b2d97f3b0c261746a/player/danyks/teamlist
2026-06-18,Intimidators Champions Challenge #19 REG M-B,30,DanViolante,3-3-0,Staraptor,Basculegion,Delphox,Ninetales-Alola,Kingambit,Sinistcha,"Staraptor @ Staraptite
Ability: Contrary
Adamant Nature
- Protect
- Close Combat
- Brave Bird
- Tailwind

Basculegion @ Choice Scarf
Ability: Adaptability
Jolly Nature
- Aqua Jet
- Last Respects
- Wave Crash
- Flip Turn

Delphox @ Delphoxite
Ability: Levitate
Timid Nature
- Heat Wave
- Psychic
- Protect
- Substitute

Ninetales-Alola @ Never-Melt Ice
Ability: Snow Warning
Timid Nature
- Blizzard
- Protect
- Freeze-Dry
- Icy Wind

Kingambit @ Black Glasses
Ability: Defiant
Adamant Nature
- Iron Head
- Kowtow Cleave
- Sucker Punch
- Protect

Sinistcha @ Sitrus Berry
Ability: Hospitality
Bold Nature
- Trick Room
- Life Dew
- Rage Powder
- Matcha Gotcha",https://play.limitlesstcg.com/tournament/6a2fe50b2d97f3b0c261746a/player/danviolante/teamlist
2026-06-18,Intimidators Champions Challenge #19 REG M-B,31,Sublox,3-3-0,Staraptor,Incineroar,Sableye,Sinistcha,Garchomp,Raichu,"Staraptor @ Staraptite
Ability: Intimidate
Adamant Nature
- Close Combat
- Brave Bird
- Roost
- Protect

Incineroar @ Sitrus Berry
Ability: Intimidate
Relaxed Nature
- Fake Out
- Parting Shot
- Flare Blitz
- Darkest Lariat

Sableye @ Light Clay
Ability: Prankster
Bold Nature
- Reflect
- Light Screen
- Encore
- Disable

Sinistcha @ Big Root
Ability: Hospitality
Relaxed Nature
- Rage Powder
- Trick Room
- Matcha Gotcha
- Protect

Garchomp @ Life Orb
Ability: Rough Skin
Adamant Nature
- Earthquake
- Protect
- Rock Slide
- Dragon Claw

Raichu @ Raichunite Y
Ability: Lightning Rod
Timid Nature
- Discharge
- Zap Cannon
- Focus Blast
- Protect",https://play.limitlesstcg.com/tournament/6a2fe50b2d97f3b0c261746a/player/sublox/teamlist
2026-06-18,Intimidators Champions Challenge #19 REG M-B,32,Rdafa21,2-4-0,Incineroar,Grimmsnarl,Delphox,Maushold,Rotom-Mow,Falinks,"Incineroar @ Sitrus Berry
Ability: Intimidate
Careful Nature
- Fake Out
- Parting Shot
- Protect
- Flare Blitz

Grimmsnarl @ Light Clay
Ability: Prankster
Impish Nature
- Spirit Break
- Fake Out
- Light Screen
- Reflect

Delphox @ Delphoxite
Ability: Blaze
Timid Nature
- Heat Wave
- Psyshock
- Nasty Plot
- Protect

Maushold @ Wide Lens
Ability: Friend Guard
Jolly Nature
- Population Bomb
- Protect
- Follow Me
- Feint

Rotom-Mow @ Choice Scarf
Ability: Levitate
Timid Nature
- Trick
- Volt Switch
- Will-O-Wisp
- Leaf Storm

Falinks @ Falinksite
Ability: Defiant
Adamant Nature
- No Retreat
- Protect
- Rock Slide
- Brick Break",https://play.limitlesstcg.com/tournament/6a2fe50b2d97f3b0c261746a/player/rdafa21/teamlist
2026-06-18,Intimidators Champions Challenge #19 REG M-B,33,guicortez14,2-4-0,Eelektross,Garchomp,Ninetales-Alola,Sylveon,Pyroar,Whimsicott,"Eelektross @ Eelektrossite
Ability: Levitate
Modest Nature
- Acid Spray
- Giga Drain
- Discharge
- Protect

Garchomp @ Life Orb
Ability: Rough Skin
Adamant Nature
- Rock Slide
- Earthquake
- Dragon Claw
- Protect

Ninetales-Alola @ Light Clay
Ability: Snow Warning
Timid Nature
- Aurora Veil
- Blizzard
- Freeze-Dry
- Protect

Sylveon @ Fairy Feather
Ability: Pixilate
Modest Nature
- Detect
- Hyper Voice
- Quick Attack
- Hyper Beam

Pyroar @ Pyroarite
Ability: Unnerve
Timid Nature
- Hyper Voice
- Overheat
- Heat Wave
- Protect

Whimsicott @ Focus Sash
Ability: Prankster
Timid Nature
- Moonblast
- Encore
- Protect
- Tailwind",https://play.limitlesstcg.com/tournament/6a2fe50b2d97f3b0c261746a/player/guicortez14/teamlist
2026-06-18,Intimidators Champions Challenge #19 REG M-B,34,LongLegs828,2-4-0,Raichu,Sylveon,Kingambit,Talonflame,Sneasler,Tsareena,"Raichu @ Raichunite X
Ability: Lightning Rod
Jolly Nature
- Volt Tackle
- Play Rough
- Fake Out
- Protect

Sylveon @ Life Orb
Ability: Pixilate
Modest Nature
- Hyper Voice
- Hyper Beam
- Quick Attack
- Detect

Kingambit @ Black Glasses
Ability: Defiant
Adamant Nature
- Protect
- Kowtow Cleave
- Sucker Punch
- Iron Head

Talonflame @ Sharp Beak
Ability: Gale Wings
Jolly Nature
- Brave Bird
- Tailwind
- Flare Blitz
- Protect

Sneasler @ White Herb
Ability: Unburden
Jolly Nature
- Fake Out
- Close Combat
- Dire Claw
- Coaching

Tsareena @ Coba Berry
Ability: Queenly Majesty
Adamant Nature
- Trop Kick
- Low Kick
- Triple Axel
- Protect",https://play.limitlesstcg.com/tournament/6a2fe50b2d97f3b0c261746a/player/longlegs828/teamlist
2026-06-18,Intimidators Champions Challenge #19 REG M-B,35,Lucas_Nescauu,2-4-0,Pyroar,Ninetales,Corviknight,Garchomp,Sylveon,Farigiraf,"Pyroar @ Pyroarite
Ability: Unnerve
Timid Nature
- Heat Wave
- Overheat
- Solar Beam
- Protect

Ninetales @ Choice Scarf
Ability: Drought
Modest Nature
- Solar Beam
- Heat Wave
- Psyshock
- Fake Tears

Corviknight @ Occa Berry
Ability: Mirror Armor
Careful Nature
- Tailwind
- Brave Bird
- Roost
- Protect

Garchomp @ Life Orb
Ability: Rough Skin
Jolly Nature
- Earthquake
- Dragon Claw
- Rock Slide
- Protect

Sylveon @ Fairy Feather
Ability: Pixilate
Modest Nature
- Hyper Voice
- Hyper Beam
- Quick Attack
- Detect

Farigiraf @ Sitrus Berry
Ability: Armor Tail
Modest Nature
- Hyper Voice
- Psychic
- Trick Room
- Helping Hand",https://play.limitlesstcg.com/tournament/6a2fe50b2d97f3b0c261746a/player/lucas_nescauu/teamlist
2026-06-18,Intimidators Champions Challenge #19 REG M-B,36,ViniFil34,2-4-0,Swampert,Pelipper,Archaludon,Kingambit,Sinistcha,Incineroar,"Swampert @ Swampertite
Ability: Damp
Adamant Nature
- Wave Crash
- Ice Punch
- Earthquake
- Protect

Pelipper @ Focus Sash
Ability: Drizzle
Modest Nature
- Weather Ball
- Hurricane
- Protect
- Tailwind

Archaludon @ Leftovers
Ability: Stamina
Modest Nature
- Electro Shot
- Flash Cannon
- Dragon Pulse
- Protect

Kingambit @ Chople Berry
Ability: Defiant
Adamant Nature
- Kowtow Cleave
- Sucker Punch
- Protect
- Iron Head

Sinistcha @ Colbur Berry
Ability: Hospitality
Bold Nature
- Matcha Gotcha
- life drew
- Rage Powder
- shadow ball

Incineroar @ Sitrus Berry
Ability: Intimidate
Impish Nature
- Fake Out
- Throat Chop
- Parting Shot
- Flare Blitz",https://play.limitlesstcg.com/tournament/6a2fe50b2d97f3b0c261746a/player/vinifil34/teamlist
2026-06-18,Intimidators Champions Challenge #19 REG M-B,37,Brenoc,2-4-0,Floette-Eternal,Charizard,Sinistcha,Venusaur,Garchomp,Incineroar,"Floette-Eternal @ Floettite
Ability: Flower Veil
Modest Nature
- Protect
- Light of Ruin
- Dazzling Gleam
- Moonblast

Charizard @ Charizardite Y
Ability: Blaze
Modest Nature
- Heat Wave
- Weather Ball
- Protect
- Solar Beam

Sinistcha @ Kasib Berry
Ability: Hospitality
Bold Nature
- Matcha Gotcha
- Protect
- Trick Room
- Rage Powder

Venusaur @ Focus Sash
Ability: Chlorophyll
Modest Nature
- Sleep Powder
- Earth Power
- Sludge Bomb
- Protect

Garchomp @ Choice Scarf
Ability: Rough Skin
Jolly Nature
- Dragon Claw
- Earthquake
- Stomping Tantrum
- Rock Slide

Incineroar @ Sitrus Berry
Ability: Intimidate
Sassy Nature
- Fake Out
- Flare Blitz
- Parting Shot
- Throat Chop",https://play.limitlesstcg.com/tournament/6a2fe50b2d97f3b0c261746a/player/brenoc/teamlist
2026-06-18,Intimidators Champions Challenge #19 REG M-B,38,mushronPie,1-5-0,Vivillon,Raichu,Kommo-O,Sylveon,Arcanine,Glimmora,"Vivillon @ Focus Sash
Ability: Compound Eyes
Mild Nature
- Pollen Puff
- Protect
- Tailwind
- Sleep Powder

Raichu @ Raichunite Y
Ability: Lightning Rod
Rash Nature
- Zap Cannon
- Fake Out
- Knock Off
- Protect

Kommo-O @ Leftovers
Ability: Bulletproof
Modest Nature
- Protect
- Clangorous Soul
- Clanging Scales
- Aura Sphere

Sylveon @ Fairy Feather
Ability: Pixilate
Modest Nature
- Hyper Voice
- Hyper Beam
- Shadow Ball
- Protect

Arcanine @ Life Orb
Ability: Intimidate
Jolly Nature
- Flare Blitz
- Will-O-Wisp
- Protect
- Snarl

Glimmora @ Sitrus Berry
Ability: Corrosion
Calm Nature
- Toxic
- Stealth Rock
- Sludge Bomb
- Spiky Shield",https://play.limitlesstcg.com/tournament/6a2fe50b2d97f3b0c261746a/player/mushronpie/teamlist
2026-06-18,Intimidators Champions Challenge #19 REG M-B,39,Cheese37,1-5-0,Metagross,Swampert,Archaludon,Sableye,Sinistcha,Pelipper,"Metagross @ Metagrossite
Ability: Clear Body
Jolly Nature
- Bullet Punch
- Psychic Fangs
- Protect
- Rock Slide

Swampert @ Swampertite
Ability: Torrent
Adamant Nature
- Wave Crash
- High Horsepower
- Ice Punch
- Protect

Archaludon @ Leftovers
Ability: Stamina
Modest Nature
- Flash Cannon
- Dragon Pulse
- Electro Shot
- Protect

Sableye @ Light Clay
Ability: Prankster
Calm Nature
- Light Screen
- Reflect
- Quash
- Rain Dance

Sinistcha @ Kasib Berry
Ability: Hospitality
Sassy Nature
- Matcha Gotcha
- Rage Powder
- Trick Room
- Life Dew

Pelipper @ Sitrus Berry
Ability: Drizzle
Modest Nature
- Wide Guard
- Hurricane
- Tailwind
- Weather Ball",https://play.limitlesstcg.com/tournament/6a2fe50b2d97f3b0c261746a/player/cheese37/teamlist
2026-06-18,Intimidators Champions Challenge #19 REG M-B,40,yferreira,1-5-0,Basculegion,Incineroar,Garchomp,Blaziken,Tyranitar,Kingambit,"Basculegion @ Mystic Water
Ability: Adaptability
Adamant Nature
- Aqua Jet
- Wave Crash
- Crunch
- Protect

Incineroar @ Sitrus Berry
Ability: Intimidate
Adamant Nature
- Fake Out
- Darkest Lariat
- Flare Blitz
- Parting Shot

Garchomp @ Leftovers
Ability: Rough Skin
Jolly Nature
- Earthquake
- Rock Slide
- Swords Dance
- Protect

Blaziken @ Blazikenite
Ability: Speed Boost
Adamant Nature
- Close Combat
- Flare Blitz
- Swords Dance
- Protect

Tyranitar @ Life Orb
Ability: Unnerve
Adamant Nature
- Rock Slide
- Crunch
- Earthquake
- Protect

Kingambit @ Black Glasses
Ability: Supreme Overlord
Adamant Nature
- Kowtow Cleave
- Sucker Punch
- Iron Head
- Protect",https://play.limitlesstcg.com/tournament/6a2fe50b2d97f3b0c261746a/player/yferreira/teamlist
2026-06-18,Intimidators Champions Challenge #19 REG M-B,41,HeitoKo2905,1-5-0,Charizard,Garchomp,Staraptor,Gholdengo,Sylveon,Raichu,"Charizard @ Charizardite Y
Ability: Blaze
Modest Nature
- Protect
- Solar Beam
- Weather Ball
- Heat Wave

Garchomp @ Life Orb
Ability: Rough Skin
Jolly Nature
- Protect
- Dragon Claw
- Rock Slide
- Earthquake

Staraptor @ Staraptite
Ability: Intimidate
Jolly Nature
- Protect
- Brave Bird
- Close Combat
- Roost

Gholdengo @ Choice Scarf
Ability: Good as Gold
Timid Nature
- Make It Rain
- Power Gem
- Trick
- Shadow Ball

Sylveon @ Fairy Feather
Ability: Pixilate
Modest Nature
- Detect
- Quick Attack
- Hyper Voice
- Hyper Beam

Raichu @ Focus Sash
Ability: Lightning Rod
Jolly Nature
- Fake Out
- Encore
- Volt Switch
- Charm",https://play.limitlesstcg.com/tournament/6a2fe50b2d97f3b0c261746a/player/heitoko2905/teamlist
2026-06-18,Ratorneo #3 Champions 2026 | Reg MB | APTO CELUS,unplaced,ZiriuX,2-3-0,Metagross,Sneasler,Tyranitar,Sinistcha,Rotom-Heat,Basculegion,"Metagross @ Metagrossite
Ability: Clear Body
Jolly Nature
- Psychic Fangs
- Iron Head
- Protect
- Stomping Tantrum

Sneasler @ Focus Sash
Ability: Poison Touch
Jolly Nature
- Coaching
- Close Combat
- Poison Jab
- Fake Out

Tyranitar @ Tyranitarite
Ability: Sand Stream
Jolly Nature
- Knock Off
- Dragon Dance
- Rock Slide
- Protect

Sinistcha @ Kasib Berry
Ability: Hospitality
Impish Nature
- Matcha Gotcha
- Trick Room
- Protect
- Rage Powder

Rotom-Heat @ Sitrus Berry
Ability: Levitate
Calm Nature
- Overheat
- Volt Switch
- Will-O-Wisp
- Light Screen

Basculegion @ Choice Scarf
Ability: Adaptability
Jolly Nature
- Wave Crash
- Flip Turn
- Last Respects
- Aqua Jet",https://play.limitlesstcg.com/tournament/6a32d1922d97f3b0c261884e/player/ziriux/teamlist
2026-06-18,Ratorneo #3 Champions 2026 | Reg MB | APTO CELUS,unplaced,paurrto,2-3-0,Milotic,Venusaur,Garchomp,Charizard,Gardevoir,Kingambit,"Milotic @ Sitrus Berry
Ability: Competitive
Serious Nature
- Scald
- Ice Beam
- Protect
- Recover

Venusaur @ Focus Sash
Ability: Chlorophyll
Timid Nature
- Leaf Storm
- Sludge Wave
- Sleep Powder
- Solar Beam

Garchomp @ White Herb
Ability: Rough Skin
Adamant Nature
- Dragon Claw
- Earthquake
- Rock Slide
- Protect

Charizard @ Charizardite Y
Ability: Blaze
Timid Nature
- Heat Wave
- Roost
- Solar Beam
- Weather Ball

Gardevoir @ Choice Scarf
Ability: Trace
Timid Nature
- Moonblast
- Dazzling Gleam
- Psyshock
- Icy Wind

Kingambit @ Leftovers
Ability: Defiant
Serious Nature
- Kowtow Cleave
- Sucker Punch
- Iron Head
- Protect",https://play.limitlesstcg.com/tournament/6a32d1922d97f3b0c261884e/player/paurrto/teamlist
2026-06-18,Ratorneo #3 Champions 2026 | Reg MB | APTO CELUS,unplaced,Agustin G,2-0-0,Charizard,Sneasler,Milotic,Garchomp,Incineroar,Venusaur,"Charizard @ Charizardite Y
Ability: Blaze
Modest Nature
- Heat Wave
- Weather Ball
- Solar Beam
- Protect

Sneasler @ White Herb
Ability: Unburden
Jolly Nature
- Fake Out
- Close Combat
- Dire Claw
- Protect

Milotic @ Leftovers
Ability: Competitive
Calm Nature
- Muddy Water
- Coil
- Hypnosis
- Recover

Garchomp @ Sitrus Berry
Ability: Rough Skin
Adamant Nature
- Dragon Claw
- Earthquake
- Rock Slide
- Protect

Incineroar @ Chople Berry
Ability: Intimidate
Careful Nature
- Fake Out
- Flare Blitz
- Throat Chop
- Parting Shot

Venusaur @ Focus Sash
Ability: Chlorophyll
Timid Nature
- Energy Ball
- Sludge Bomb
- Sleep Powder
- Protect",https://play.limitlesstcg.com/tournament/6a32d1922d97f3b0c261884e/player/pekegiudice/teamlist
2026-06-18,Ratorneo #3 Champions 2026 | Reg MB | APTO CELUS,unplaced,LiebesleidVGC,3-2-0,Aerodactyl,Maushold,Annihilape,Sylveon,Gholdengo,Hydreigon,"Aerodactyl @ Aerodactylite
Ability: Unnerve
Tera Type: Rock
Jolly Nature
- Wide Guard
- Rock Slide
- Dual Wingbeat
- Tailwind

Maushold @ Focus Sash
Ability: Friend Guard
Timid Nature
- Super Fang
- Follow Me
- Beat Up
- Protect

Annihilape @ Leftovers
Ability: Defiant
Tera Type: Fighting
Jolly Nature
- Protect
- Bulk Up
- Drain Punch
- Rage Fist

Sylveon @ Fairy Feather
Ability: Pixilate
Modest Nature
- Hyper Voice
- Yawn
- Quick Attack
- Detect

Gholdengo @ Life Orb
Ability: Good as Gold
Tera Type: Steel
Timid Nature
- Make It Rain
- Shadow Ball
- Nasty Plot
- Protect

Hydreigon @ Choice Scarf
Ability: Levitate
Tera Type: Dark
Modest Nature
- Dark Pulse
- Snarl
- Draco Meteor
- Earth Power",https://play.limitlesstcg.com/tournament/6a32d1922d97f3b0c261884e/player/liebesleidvgc/teamlist
2026-06-18,Ratorneo #3 Champions 2026 | Reg MB | APTO CELUS,unplaced,Alejo,0-1-0,Aerodactyl,Charizard,Garchomp,Sylveon,Kingambit,Farigiraf,"Aerodactyl @ Aerodactylite
Ability: Unnerve
Jolly Nature
- Rock Slide
- Dual Wingbeat
- Tailwind
- Wide Guard

Charizard @ Charizardite Y
Ability: Solar Power
Modest Nature
- Heat Wave
- Weather Ball
- Solar Beam
- Protect

Garchomp @ Life Orb
Ability: Rough Skin
Jolly Nature
- Earthquake
- Dragon Claw
- Stomping Tantrum
- Protect

Sylveon @ Fairy Feather
Ability: Pixilate
Modest Nature
- Hyper Voice
- Hyper Beam
- Quick Attack
- Detect

Kingambit @ Focus Sash
Ability: Defiant
Adamant Nature
- Kowtow Cleave
- Sucker Punch
- Iron Head
- Low Kick

Farigiraf @ Sitrus Berry
Ability: Armor Tail
Sassy Nature
- Psychic
- Thunderbolt
- Trick Room
- Protect",https://play.limitlesstcg.com/tournament/6a32d1922d97f3b0c261884e/player/alejo/teamlist
2026-06-18,Ratorneo #3 Champions 2026 | Reg MB | APTO CELUS,unplaced,Koeiteru,1-3-0,Charizard,Froslass,Garchomp,Whimsicott,Kingambit,Ninetales-Alola,"Charizard @ Charizardite Y
Ability: Blaze
Modest Nature
- Heat Wave
- Solar Beam
- Weather Ball
- Protect

Froslass @ Froslassite
Ability: Cursed Body
Modest Nature
- Blizzard
- Thunderbolt
- Shadow Ball
- Protect

Garchomp @ Life Orb
Ability: Rough Skin
Jolly Nature
- Earthquake
- Rock Slide
- Dragon Claw
- Protect

Whimsicott @ Focus Sash
Ability: Prankster
Timid Nature
- Moonblast
- Helping Hand
- Protect
- Tailwind

Kingambit @ Black Glasses
Ability: Defiant
Adamant Nature
- Kowtow Cleave
- Iron Head
- Sucker Punch
- Protect

Ninetales-Alola @ Never-Melt Ice
Ability: Snow Warning
Timid Nature
- Blizzard
- Moonblast
- Protect
- Aurora Veil",https://play.limitlesstcg.com/tournament/6a32d1922d97f3b0c261884e/player/koeiteru/teamlist
2026-06-18,Ratorneo #3 Champions 2026 | Reg MB | APTO CELUS,unplaced,pokerifu,0-1-0,Raichu,Staraptor,Garchomp,Charizard,Gholdengo,Sylveon,"Raichu @ Focus Sash
Ability: Lightning Rod
Timid Nature
- Volt Switch
- Fake Out
- Charm
- Nuzzle

Staraptor @ Staraptite
Ability: Intimidate
Jolly Nature
- Protect
- Brave Bird
- Close Combat
- Roost

Garchomp @ Life Orb
Ability: Rough Skin
Jolly Nature
- Protect
- Dragon Claw
- Rock Slide
- Earthquake

Charizard @ Charizardite Y
Ability: Blaze
Modest Nature
- Protect
- Heat Wave
- Weather Ball
- Solar Beam

Gholdengo @ Choice Scarf
Ability: Good as Gold
Timid Nature
- Trick
- Power Gem
- Make It Rain
- Shadow Ball

Sylveon @ Fairy Feather
Ability: Pixilate
Modest Nature
- Detect
- Quick Attack
- Hyper Voice
- Hyper Beam",https://play.limitlesstcg.com/tournament/6a32d1922d97f3b0c261884e/player/pokerifu/teamlist
2026-06-18,Ratorneo #3 Champions 2026 | Reg MB | APTO CELUS,unplaced,jano_lacarotte,2-2-0,Kingambit,Sneasler,Palafin,Kommo-O,Incineroar,Froslass,"Kingambit @ Lum Berry
Ability: Defiant
Adamant Nature
- Iron Head
- Kowtow Cleave
- Protect
- Sucker Punch

Sneasler @ Focus Sash
Ability: Poison Touch
Adamant Nature
- Dire Claw
- Fake Out
- Close Combat
- Protect

Palafin @ Mystic Water
Ability: Zero to Hero
Adamant Nature
- Ice Punch
- Jet Punch
- Close Combat
- Wave Crash

Kommo-O @ Leftovers
Ability: Soundproof
Modest Nature
- Body Press
- Iron Defense
- Flamethrower
- Protect

Incineroar @ Sitrus Berry
Ability: Intimidate
Impish Nature
- Fake Out
- Darkest Lariat
- Flare Blitz
- Parting Shot

Froslass @ Froslassite
Ability: Cursed Body
Timid Nature
- Blizzard
- Aurora Veil
- Protect
- Shadow Ball",https://play.limitlesstcg.com/tournament/6a32d1922d97f3b0c261884e/player/jano_lacarotte/teamlist
2026-06-18,Ratorneo #3 Champions 2026 | Reg MB | APTO CELUS,unplaced,DriuXxz,1-2-0,Sneasler,Raichu,Aerodactyl,Garchomp,Froslass,Scizor,"Sneasler @ White Herb
Ability: Pressure
Adamant Nature
- Dire Claw
- Facade
- Throat Chop
- Fire Punch

Raichu @ Light Ball
Ability: Lightning Rod
Jolly Nature
- Volt Tackle
- Play Rough
- Drain Punch
- Trailblaze

Aerodactyl @ Aerodactylite
Ability: Unnerve
Adamant Nature
- Rock Slide
- Wide Guard
- Sky Attack
- Earthquake

Garchomp @ Focus Sash
Ability: Rough Skin
Naughty Nature
- Earthquake
- Dragon Claw
- Stomping Tantrum
- Rock Slide

Froslass @ Never-Melt Ice
Ability: Cursed Body
Modest Nature
- Blizzard
- Aurora Veil
- Shadow Ball
- Thunder

Scizor @ Sitrus Berry
Ability: Light Metal
Adamant Nature
- Bullet Punch
- Acrobatics
- Swords Dance
- Lunge",https://play.limitlesstcg.com/tournament/6a32d1922d97f3b0c261884e/player/driuxxz/teamlist
2026-06-18,Ratorneo #3 Champions 2026 | Reg MB | APTO CELUS,unplaced,dnicely,2-3-0,Annihilape,Maushold,Gholdengo,Grimmsnarl,Garchomp,Metagross,"Annihilape @ Sitrus Berry
Ability: Defiant
Jolly Nature
- Rage Fist
- Drain Punch
- Bulk Up
- Protect

Maushold @ Focus Sash
Ability: Friend Guard
Jolly Nature
- Super Fang
- Beat Up
- Follow Me
- Protect

Gholdengo @ Life Orb
Ability: Good as Gold
Timid Nature
- Make It Rain
- Nasty Plot
- Shadow Ball
- Protect

Grimmsnarl @ Light Clay
Ability: Prankster
Careful Nature
- Foul Play
- Parting Shot
- Light Screen
- Reflect

Garchomp @ Choice Scarf
Ability: Sand Veil
Adamant Nature
- Earthquake
- Dragon Claw
- Rock Slide
- Stomping Tantrum

Metagross @ Metagrossite
Ability: Clear Body
Jolly Nature
- Iron Head
- Psychic Fangs
- Bullet Punch
- Protect",https://play.limitlesstcg.com/tournament/6a32d1922d97f3b0c261884e/player/dnicely/teamlist
2026-06-18,Ratorneo #3 Champions 2026 | Reg MB | APTO CELUS,unplaced,DINOLONK,2-2-0,Metagross,Swampert,Pelipper,Archaludon,Garchomp,Incineroar,"Metagross @ Metagrossite
Ability: Tough Claws
Careful Nature
- Iron Head
- Psychic Fangs
- Protect
- Trailblaze

Swampert @ Swampertite
Ability: Damp
Jolly Nature
- Wave Crash
- Protect
- Earthquake
- Ice Punch

Pelipper @ Focus Sash
Ability: Drizzle
Modest Nature
- Weather Ball
- Wide Guard
- Tailwind
- Hurricane

Archaludon @ Choice Scarf
Ability: Sturdy
Timid Nature
- Electro Shot
- Draco Meteor
- Flash Cannon
- Aura Sphere

Garchomp @ Life Orb
Ability: Sand Veil
Jolly Nature
- Earthquake
- Rock Slide
- Dragon Claw
- Protect

Incineroar @ Sitrus Berry
Ability: Intimidate
Careful Nature
- Fake Out
- Parting Shot
- Throat Chop
- Flare Blitz",https://play.limitlesstcg.com/tournament/6a32d1922d97f3b0c261884e/player/dinolonk/teamlist
2026-06-18,Ratorneo #3 Champions 2026 | Reg MB | APTO CELUS,unplaced,Ulices Barrera,0-2-0,Dragonite,Blaziken,Pelipper,Garchomp,Sinistcha,Archaludon,"Dragonite @ Dragoninite
Ability: Inner Focus
Timid Nature
- Thunder
- Draco Meteor
- Hurricane
- Protect

Blaziken @ Blazikenite
Ability: Speed Boost
Jolly Nature
- Close Combat
- Flare Blitz
- Coaching
- U-turn

Pelipper @ Damp Rock
Ability: Drizzle
Timid Nature
- Hydro Pump
- Wide Guard
- Helping Hand
- Tailwind

Garchomp @ Choice Scarf
Ability: Rough Skin
Adamant Nature
- Earthquake
- Dragon Claw
- Rock Slide
- Poison Jab

Sinistcha @ Kasib Berry
Ability: Hospitality
Bold Nature
- Matcha Gotcha
- Shadow Ball
- Trick Room
- Rage Powder

Archaludon @ Leftovers
Ability: Stamina
Modest Nature
- Flash Cannon
- Protect
- Electro Shot
- Aura Sphere",https://play.limitlesstcg.com/tournament/6a32d1922d97f3b0c261884e/player/barrabraba/teamlist
2026-06-18,Ratorneo #3 Champions 2026 | Reg MB | APTO CELUS,unplaced,CindorEnjoyer,6-0-0,Sneasler,Ninetales-Alola,Blastoise,Gengar,Incineroar,Sinistcha,"Sneasler @ White Herb
Ability: Unburden
Jolly Nature
- Fake Out
- Close Combat
- Dire Claw
- Protect

Ninetales-Alola @ Focus Sash
Ability: Snow Warning
Timid Nature
- Blizzard
- Encore
- Protect
- Disable

Blastoise @ Blastoisinite
Ability: Mega Launcher
Modest Nature
- Shell Smash
- Water Spout
- Dark Pulse
- Protect

Gengar @ Gengarite
Ability: Shadow Tag
Timid Nature
- Perish Song
- Shadow Ball
- Disable
- Protect

Incineroar @ Sitrus Berry
Ability: Intimidate
Relaxed Nature
- Fake Out
- Flare Blitz
- Parting Shot
- Protect

Sinistcha @ Kasib Berry
Ability: Hospitality
Relaxed Nature
- Life Dew
- Matcha Gotcha
- Rage Powder
- Protect",https://play.limitlesstcg.com/tournament/6a32d1922d97f3b0c261884e/player/cindorenjoyer/teamlist
2026-06-18,Ratorneo #3 Champions 2026 | Reg MB | APTO CELUS,unplaced,TSN_Scott,4-1-0,Staraptor,Whimsicott,Glimmora,Basculegion,Incineroar,Sinistcha,"Staraptor @ Staraptite
Ability: Intimidate
Tera Type: Fighting
Jolly Nature
- Close Combat
- Brave Bird
- Roost
- Protect

Whimsicott @ Coba Berry
Ability: Prankster
Bold Nature
- Tailwind
- Light Screen
- Tickle
- Moonblast

Glimmora @ Focus Sash
Ability: Toxic Debris
Timid Nature
- Sludge Bomb
- Power Gem
- Earth Power
- Spiky Shield

Basculegion @ Choice Scarf
Ability: Adaptability
Jolly Nature
- Wave Crash
- Last Respects
- Aqua Jet
- Flip Turn

Incineroar @ Sitrus Berry
Ability: Intimidate
Impish Nature
- Fake Out
- Parting Shot
- Throat Chop
- Flare Blitz

Sinistcha @ Kasib Berry
Ability: Hospitality
Bold Nature
- Matcha Gotcha
- Rage Powder
- Strength Sap
- Trick Room",https://play.limitlesstcg.com/tournament/6a32d1922d97f3b0c261884e/player/tsn_scott/teamlist
2026-06-18,Ratorneo #3 Champions 2026 | Reg MB | APTO CELUS,unplaced,Botty,2-3-0,Kingambit,Basculegion,Froslass,Sneasler,Garchomp,Dragonite,"Kingambit @ Black Glasses
Ability: Defiant
Adamant Nature
- Kowtow Cleave
- Iron Head
- Sucker Punch
- Protect

Basculegion @ Sitrus Berry
Ability: Adaptability
Adamant Nature
- Wave Crash
- Last Respects
- Aqua Jet
- Protect

Froslass @ Froslassite
Ability: Cursed Body
Modest Nature
- Blizzard
- Shadow Ball
- Aurora Veil
- Protect

Sneasler @ White Herb
Ability: Unburden
Adamant Nature
- Close Combat
- Dire Claw
- Fake Out
- Protect

Garchomp @ Roseli Berry
Ability: Rough Skin
Jolly Nature
- Dragon Claw
- Earthquake
- Rock Slide
- Protect

Dragonite @ Dragoninite
Ability: Multiscale
Timid Nature
- Dragon Pulse
- Flamethrower
- Thunderbolt
- Protect",https://play.limitlesstcg.com/tournament/6a32d1922d97f3b0c261884e/player/botty/teamlist
2026-06-18,Ratorneo #3 Champions 2026 | Reg MB | APTO CELUS,1,Lukitax,7-2-0,Pelipper,Swampert,Archaludon,Sinistcha,Floette-Eternal,Incineroar,"Pelipper @ Focus Sash
Ability: Drizzle
Timid Nature
- Weather Ball
- Hurricane
- Tailwind
- Protect

Swampert @ Swampertite
Ability: Damp
Adamant Nature
- Wave Crash
- Earthquake
- Ice Punch
- Protect

Archaludon @ Leftovers
Ability: Stamina
Modest Nature
- Dragon Pulse
- Flash Cannon
- Electro Shot
- Protect

Sinistcha @ Kasib Berry
Ability: Hospitality
Relaxed Nature
- Matcha Gotcha
- Rage Powder
- Trick Room
- Protect

Floette-Eternal @ Floettite
Ability: Flower Veil
Modest Nature
- Moonblast
- Dazzling Gleam
- Protect
- Calm Mind

Incineroar @ Sitrus Berry
Ability: Intimidate
Careful Nature
- Flare Blitz
- Throat Chop
- Parting Shot
- Fake Out",https://play.limitlesstcg.com/tournament/6a32d1922d97f3b0c261884e/player/lukitax/teamlist
2026-06-18,Ratorneo #3 Champions 2026 | Reg MB | APTO CELUS,2,gagartoo,6-3-0,Staraptor,Grimmsnarl,Sylveon,Basculegion,Garchomp,Sinistcha,"Staraptor @ Staraptite
Ability: Intimidate
Jolly Nature
- Brave Bird
- Close Combat
- Roost
- Protect

Grimmsnarl @ Light Clay
Ability: Prankster
Careful Nature
- Foul Play
- Reflect
- Light Screen
- Parting Shot

Sylveon @ Fairy Feather
Ability: Pixilate
Modest Nature
- Hyper Voice
- Hyper Beam
- Quick Attack
- Protect

Basculegion @ Choice Scarf
Ability: Adaptability
Jolly Nature
- Wave Crash
- Last Respects
- Aqua Jet
- Flip Turn

Garchomp @ Life Orb
Ability: Rough Skin
Jolly Nature
- Earthquake
- Rock Slide
- Dragon Claw
- Protect

Sinistcha @ Sitrus Berry
Ability: Hospitality
Bold Nature
- Matcha Gotcha
- Life Dew
- Rage Powder
- Protect",https://play.limitlesstcg.com/tournament/6a32d1922d97f3b0c261884e/player/gagartoo/teamlist
2026-06-18,Ratorneo #3 Champions 2026 | Reg MB | APTO CELUS,3,Mayoh,6-2-0,Whimsicott,Staraptor,Garchomp,Gholdengo,Basculegion,Typhlosion-Hisui,"Whimsicott @ Focus Sash
Ability: Prankster
Timid Nature
- Tickle
- Tailwind
- Moonblast
- Fake Tears

Staraptor @ Staraptite
Ability: Intimidate
Jolly Nature
- Brave Bird
- Close Combat
- Roost
- Protect

Garchomp @ Roseli Berry
Ability: Rough Skin
Jolly Nature
- Dragon Claw
- Stomping Tantrum
- Rock Tomb
- Poison Jab

Gholdengo @ Life Orb
Ability: Good as Gold
Modest Nature
- Make It Rain
- Shadow Ball
- Power Gem
- Protect

Basculegion @ Mystic Water
Ability: Adaptability
Adamant Nature
- Wave Crash
- Last Respects
- Aqua Jet
- Protect

Typhlosion-Hisui @ Choice Scarf
Ability: Blaze
Modest Nature
- Eruption
- Heat Wave
- Overheat
- Shadow Ball",https://play.limitlesstcg.com/tournament/6a32d1922d97f3b0c261884e/player/mayoh/teamlist
2026-06-18,Ratorneo #3 Champions 2026 | Reg MB | APTO CELUS,4,Ponje,5-3-0,Metagross,Sneasler,Aerodactyl,Garchomp,Sinistcha,Grimmsnarl,"Metagross @ Metagrossite
Ability: Tough Claws
Jolly Nature
- Iron Head
- Body Press
- Psychic Fangs
- Protect

Sneasler @ Focus Sash
Ability: Unburden
Jolly Nature
- Fake Out
- Coaching
- Dire Claw
- Close Combat

Aerodactyl @ Aerodactylite
Ability: Unnerve
Jolly Nature
- Rock Slide
- Dual Wingbeat
- Ice Fang
- Tailwind

Garchomp @ Life Orb
Ability: Rough Skin
Jolly Nature
- Dragon Claw
- Earthquake
- Rock Slide
- Protect

Sinistcha @ Kasib Berry
Ability: Hospitality
Bold Nature
- Matcha Gotcha
- Life Dew
- Rage Powder
- Protect

Grimmsnarl @ Light Clay
Ability: Prankster
Careful Nature
- Light Screen
- Reflect
- Foul Play
- Spirit Break",https://play.limitlesstcg.com/tournament/6a32d1922d97f3b0c261884e/player/ponje/teamlist
2026-06-18,Ratorneo #3 Champions 2026 | Reg MB | APTO CELUS,5,mauroH,5-2-0,Metagross,Sneasler,Basculegion,Garchomp,Kingambit,Whimsicott,"Metagross @ Metagrossite
Ability: Clear Body
Jolly Nature
- Protect
- Meteor Mash
- Psychic Fangs
- Stomping Tantrum

Sneasler @ White Herb
Ability: Unburden
Tera Type: Fighting
Jolly Nature
- Gunk Shot
- Protect
- Close Combat
- Coaching

Basculegion @ Life Orb
Ability: Adaptability
Adamant Nature
- Last Respects
- Wave Crash
- Aqua Jet
- Protect

Garchomp @ Choice Scarf
Ability: Rough Skin
Adamant Nature
- Rock Slide
- Rock Tomb
- Dragon Claw
- Stomping Tantrum

Kingambit @ Chople Berry
Ability: Defiant
Adamant Nature
- Kowtow Cleave
- Sucker Punch
- Low Kick
- Iron Head

Whimsicott @ Focus Sash
Ability: Prankster
Timid Nature
- Protect
- Moonblast
- Tailwind
- Grassy Terrain",https://play.limitlesstcg.com/tournament/6a32d1922d97f3b0c261884e/player/mauroh/teamlist
2026-06-18,Ratorneo #3 Champions 2026 | Reg MB | APTO CELUS,7,KhaiWings,4-3-0,Metagross,Sneasler,Incineroar,Hydreigon,Aerodactyl,Floette-Eternal,"Metagross @ Metagrossite
Ability: Clear Body
Jolly Nature
- Protect
- Psychic Fangs
- Iron Head
- Body Press

Sneasler @ White Herb
Ability: Unburden
Jolly Nature
- Close Combat
- Coaching
- Fake Out
- Dire Claw

Incineroar @ Passho Berry
Ability: Intimidate
Careful Nature
- Fake Out
- Flare Blitz
- Darkest Lariat
- Parting Shot

Hydreigon @ Choice Scarf
Ability: Levitate
Modest Nature
- Draco Meteor
- Snarl
- Dark Pulse
- Flamethrower

Aerodactyl @ Focus Sash
Ability: Unnerve
Jolly Nature
- Dual Wingbeat
- Tailwind
- Wide Guard
- Rock Slide

Floette-Eternal @ Floettite
Ability: Flower Veil
Modest Nature
- Protect
- Calm Mind
- Draining Kiss
- Dazzling Gleam",https://play.limitlesstcg.com/tournament/6a32d1922d97f3b0c261884e/player/khaiwings/teamlist
2026-06-18,Ratorneo #3 Champions 2026 | Reg MB | APTO CELUS,8,Conia,4-3-0,Sneasler,Umbreon,Milotic,Metagross,Froslass,Arcanine-Hisui,"Sneasler @ Focus Sash
Ability: Unburden
Jolly Nature
- Coaching
- Close Combat
- Dire Claw
- Fake Out

Umbreon @ Sitrus Berry
Ability: Inner Focus
Calm Nature
- Foul Play
- Snarl
- Yawn
- Taunt

Milotic @ Leftovers
Ability: Competitive
Modest Nature
- Scald
- Ice Beam
- Protect
- Haze

Metagross @ Metagrossite
Ability: Clear Body
Tera Type: Steel
Jolly Nature
- Iron Head
- Psychic Fangs
- Protect
- Ice Punch

Froslass @ Froslassite
Ability: Cursed Body
Timid Nature
- Blizzard
- Shadow Ball
- Protect
- Weather Ball

Arcanine-Hisui @ Life Orb
Ability: Rock Head
Jolly Nature
- Flare Blitz
- Head Smash
- Protect
- Extreme Speed",https://play.limitlesstcg.com/tournament/6a32d1922d97f3b0c261884e/player/conia/teamlist
2026-06-18,Ratorneo #3 Champions 2026 | Reg MB | APTO CELUS,9,Fede_Guitin,4-2-0,Froslass,Sneasler,Volcarona,Farigiraf,Quaquaval,Meowscarada,"Froslass @ Froslassite
Ability: Cursed Body
Tera Type: None
Timid Nature
- Aurora Veil
- Blizzard
- Shadow Ball
- Protect

Sneasler @ White Herb
Ability: Unburden
Tera Type: None
Adamant Nature
- Close Combat
- Dire Claw
- Rock Slide
- Fake Out

Volcarona @ Focus Sash
Ability: Flame Body
Tera Type: None
Timid Nature
- Heat Wave
- Giga Drain
- Quiver Dance
- Protect

Farigiraf @ Leftovers
Ability: Armor Tail
Tera Type: None
Quiet Nature
- Psychic Noise
- Hyper Voice
- Helping Hand
- Trick Room

Quaquaval @ Quick Claw
Ability: Moxie
Tera Type: None
Adamant Nature
- Wave Crash
- Knock Off
- Close Combat
- Aqua Jet

Meowscarada @ Choice Scarf
Ability: Protean
Tera Type: None
Adamant Nature
- Flower Trick
- Thunder Punch
- Knock Off
- Triple Axel",https://play.limitlesstcg.com/tournament/6a32d1922d97f3b0c261884e/player/fede_guitin/teamlist
2026-06-18,Ratorneo #3 Champions 2026 | Reg MB | APTO CELUS,10,andyvgc,4-2-0,Pelipper,Swampert,Archaludon,Grimmsnarl,Maushold,Annihilape,"Pelipper @ Choice Scarf
Ability: Drizzle
Timid Nature
- Hurricane
- Rain Dance
- Weather Ball
- Tailwind

Swampert @ Swampertite
Ability: Torrent
Adamant Nature
- Wave Crash
- Earthquake
- Rock Slide
- Protect

Archaludon @ Leftovers
Ability: Stamina
Calm Nature
- Electro Shot
- Flash Cannon
- Protect
- Dragon Pulse

Grimmsnarl @ Light Clay
Ability: Prankster
Careful Nature
- Reflect
- Light Screen
- Parting Shot
- Foul Play

Maushold @ Focus Sash
Ability: Friend Guard
Jolly Nature
- Beat Up
- Follow Me
- Super Fang
- Protect

Annihilape @ Sitrus Berry
Ability: Defiant
Jolly Nature
- Rage Fist
- Drain Punch
- Bulk Up
- Protect",https://play.limitlesstcg.com/tournament/6a32d1922d97f3b0c261884e/player/andyvgc/teamlist
2026-06-18,Ratorneo #3 Champions 2026 | Reg MB | APTO CELUS,11,MartinCanaya,3-3-0,Charizard,Arcanine-Hisui,Whimsicott,Steelix,Gengar,Garchomp,"Charizard @ Charizardite Y
Ability: Blaze
Modest Nature
- Heat Wave
- Solar Beam
- Weather Ball
- Protect

Arcanine-Hisui @ Life Orb
Ability: Rock Head
Jolly Nature
- Flare Blitz
- Wild Charge
- Close Combat
- Protect

Whimsicott @ White Herb
Ability: Prankster
Timid Nature
- Moonblast
- Giga Drain
- Protect
- Tailwind

Steelix @ Leftovers
Ability: Sturdy
Adamant Nature
- Heavy Slam
- Protect
- Body Press
- Earthquake

Gengar @ Focus Sash
Ability: Cursed Body
Timid Nature
- Shadow Ball
- Sludge Wave
- Icy Wind
- Destiny Bond

Garchomp @ Lum Berry
Ability: Rough Skin
Jolly Nature
- Earthquake
- Dragon Claw
- Rock Slide
- Protect",https://play.limitlesstcg.com/tournament/6a32d1922d97f3b0c261884e/player/martincanaya/teamlist
2026-06-18,Ratorneo #3 Champions 2026 | Reg MB | APTO CELUS,12,MegaDeker,3-3-0,Floette-Eternal,Incineroar,Sinistcha,Sneasler,Basculegion,Delphox,"Floette-Eternal @ Floettite
Ability: Fairy Aura
Modest Nature
- Draining Kiss
- Dazzling Gleam
- Protect
- Calm Mind

Incineroar @ Sitrus Berry
Ability: Intimidate
Careful Nature
- Flare Blitz
- Helping Hand
- Fake Out
- Parting Shot

Sinistcha @ Kasib Berry
Ability: Hospitality
Bold Nature
- Matcha Gotcha
- Rage Powder
- Trick Room
- Life Dew

Sneasler @ White Herb
Ability: Unburden
Adamant Nature
- Close Combat
- Dire Claw
- Fake Out
- Protect

Basculegion @ Focus Sash
Ability: Adaptability
Adamant Nature
- Liquidation
- Aqua Jet
- Last Respects
- Protect

Delphox @ Delphoxite
Ability: Blaze
Timid Nature
- Heat Wave
- Psyshock
- Protect
- Nasty Plot",https://play.limitlesstcg.com/tournament/6a32d1922d97f3b0c261884e/player/megadeker/teamlist
2026-06-18,Ratorneo #3 Champions 2026 | Reg MB | APTO CELUS,13,Máximo Shaffer,3-3-0,Mimikyu,Farigiraf,Camerupt,Torkoal,Stunfisk,Primarina,"Mimikyu @ Mental Herb
Ability: Disguise
Sassy Nature
- Shadow Claw
- Will-O-Wisp
- Trick Room
- Destiny Bond

Farigiraf @ Leftovers
Ability: Armor Tail
Quiet Nature
- Trick Room
- Ally Switch
- Hyper Voice
- Helping Hand

Camerupt @ Cameruptite
Ability: Solid Rock
Quiet Nature
- Eruption
- Protect
- Ancient Power
- Earth Power

Torkoal @ Charcoal
Ability: Drought
Quiet Nature
- Eruption
- Protect
- Solar Beam
- Weather Ball

Stunfisk @ Life Orb
Ability: Static
Quiet Nature
- Thunder
- Thunderbolt
- Protect
- Earth Power

Primarina @ Sitrus Berry
Ability: Liquid Voice
Modest Nature
- Calm Mind
- Ice Beam
- Hyper Voice
- Moonblast",https://play.limitlesstcg.com/tournament/6a32d1922d97f3b0c261884e/player/maxi777omg/teamlist
2026-06-18,Ratorneo #3 Champions 2026 | Reg MB | APTO CELUS,14,Komaru,3-3-0,Krookodile,Sneasler,Whimsicott,Garchomp,Metagross,Typhlosion-Hisui,"Krookodile @ Sitrus Berry
Ability: Moxie
Jolly Nature
- Knock Off
- Earthquake
- Protect
- Rock Slide

Sneasler @ White Herb
Ability: Unburden
Jolly Nature
- Fake Out
- Dire Claw
- Coaching
- Close Combat

Whimsicott @ Focus Sash
Ability: Prankster
Bold Nature
- Moonblast
- Encore
- Sunny Day
- Tailwind

Garchomp @ Life Orb
Ability: Rough Skin
Adamant Nature
- Earthquake
- Rock Slide
- Dragon Claw
- Protect

Metagross @ Metagrossite
Ability: Clear Body
Adamant Nature
- Iron Head
- Thunder Punch
- Psychic Fangs
- Earthquake

Typhlosion-Hisui @ Choice Scarf
Ability: Blaze
Timid Nature
- Heat Wave
- Eruption
- Solar Beam
- Shadow Ball",https://play.limitlesstcg.com/tournament/6a32d1922d97f3b0c261884e/player/komaru/teamlist
2026-06-18,Ratorneo #3 Champions 2026 | Reg MB | APTO CELUS,15,Pro4tomico,3-3-0,Grimmsnarl,Archaludon,Pelipper,Sinistcha,Swampert,Metagross,"Grimmsnarl @ Light Clay
Ability: Prankster
Impish Nature
- Light Screen
- Parting Shot
- Reflect
- Foul Play

Archaludon @ Leftovers
Ability: Stamina
Modest Nature
- Electro Shot
- Dragon Pulse
- Flash Cannon
- Protect

Pelipper @ Focus Sash
Ability: Drizzle
Timid Nature
- Tailwind
- Rain Dance
- Hurricane
- Weather Ball

Sinistcha @ Sitrus Berry
Ability: Hospitality
Bold Nature
- Matcha Gotcha
- Rage Powder
- Trick Room
- Life Dew

Swampert @ Swampertite
Ability: Torrent
Jolly Nature
- Wave Crash
- Earthquake
- Flip Turn
- Protect

Metagross @ Metagrossite
Ability: Clear body
Jolly Nature
- Iron Head
- Psychic Fangs
- Earthquake
- Protect",https://play.limitlesstcg.com/tournament/6a32d1922d97f3b0c261884e/player/pro4tomico/teamlist
2026-06-18,Ratorneo #3 Champions 2026 | Reg MB | APTO CELUS,16,Pablo Mereles,3-3-0,Azumarill,Aegislash,Kommo-O,Sinistcha,Maushold,Incineroar,"Azumarill @ Sitrus Berry
Ability: Huge Power
Adamant Nature
- Aqua Jet
- Play Rough
- Belly Drum
- Protect

Aegislash @ Spell Tag
Ability: Stance Change
Adamant Nature
- Shadow Sneak
- Poltergeist
- Iron Head
- King's Shield

Kommo-O @ Leftovers
Ability: Soundproof
Modest Nature
- Aura Sphere
- Clanging Scales
- Clangorous Soul
- Protect

Sinistcha @ Coba Berry
Ability: Hospitality
Calm Nature
- Matcha Gotcha
- Strength Sap
- Trick Room
- Rage Powder

Maushold @ Focus Sash
Ability: Friend Guard
Jolly Nature
- Super Fang
- Follow Me
- Helping Hand
- Protect

Incineroar @ Chople Berry
Ability: Intimidate
Careful Nature
- Flare Blitz
- Darkest Lariat
- Parting Shot
- Fake Out",https://play.limitlesstcg.com/tournament/6a32d1922d97f3b0c261884e/player/patomerengues/teamlist
2026-06-18,Ratorneo #3 Champions 2026 | Reg MB | APTO CELUS,17,JURGUEN59,3-3-0,Staraptor,Grimmsnarl,Sinistcha,Sylveon,Garchomp,Gholdengo,"Staraptor @ Staraptite
Ability: Intimidate
Tera Type: Normal
Jolly Nature
- Brave Bird
- Close Combat
- Roost
- Protect

Grimmsnarl @ Light Clay
Ability: Prankster
Tera Type: Dark
Careful Nature
- Parting Shot
- Light Screen
- Reflect
- Foul Play

Sinistcha @ Occa Berry
Ability: Hospitality
Tera Type: Grass
Bold Nature
- Matcha Gotcha
- Rage Powder
- Strength Sap
- Protect

Sylveon @ Fairy Feather
Ability: Pixilate
Tera Type: Fairy
Modest Nature
- Hyper Beam
- Yawn
- Detect
- Hyper Voice

Garchomp @ Choice Scarf
Ability: Rough Skin
Tera Type: Dragon
Adamant Nature
- Earthquake
- Stomping Tantrum
- Dragon Claw
- Rock Tomb

Gholdengo @ Life Orb
Ability: Good as Gold
Tera Type: Steel
Timid Nature
- Make It Rain
- Shadow Ball
- Protect
- Nasty Plot",https://play.limitlesstcg.com/tournament/6a32d1922d97f3b0c261884e/player/jurguen59/teamlist
2026-06-18,Ratorneo #3 Champions 2026 | Reg MB | APTO CELUS,18,AlfoWumpaVGC,2-4-0,Staraptor,Grimmsnarl,Glimmora,Sinistcha,Incineroar,Gholdengo,"Staraptor @ Staraptite
Ability: Intimidate
Jolly Nature
- Brave Bird
- Close Combat
- Roost
- Protect

Grimmsnarl @ Light Clay
Ability: Prankster
Impish Nature
- Spirit Break
- Reflect
- Light Screen
- Parting Shot

Glimmora @ Focus Sash
Ability: Toxic Debris
Timid Nature
- Sludge Bomb
- Power Gem
- Earth Power
- Spiky Shield

Sinistcha @ Colbur Berry
Ability: Hospitality
Bold Nature
- Protect
- Matcha Gotcha
- Life Dew
- Rage Powder

Incineroar @ Sitrus Berry
Ability: Intimidate
Jolly Nature
- Flare Blitz
- Throat Chop
- Fake Out
- Parting Shot

Gholdengo @ Quick Claw
Ability: Good as Gold
Bold Nature
- Make It Rain
- Shadow Ball
- Thunder
- Power Gem",https://play.limitlesstcg.com/tournament/6a32d1922d97f3b0c261884e/player/alfowumpavgc/teamlist
2026-06-18,Ratorneo #3 Champions 2026 | Reg MB | APTO CELUS,19,Ekeif,2-4-0,Eelektross,Sneasler,Kingambit,Froslass,Sinistcha,Rotom-Wash,"Eelektross @ Eelektrossite
Ability: Levitate
Modest Nature
- Protect
- Thunderbolt
- Flash Cannon
- Flamethrower

Sneasler @ Mental Herb
Ability: Unburden
Jolly Nature
- Close Combat
- Dire Claw
- Fake Out
- Protect

Kingambit @ Chople Berry
Ability: Defiant
Adamant Nature
- Kowtow Cleave
- Sucker Punch
- Low Kick
- Protect

Froslass @ Froslassite
Ability: Snow  cloak
Modest Nature
- Protect
- Blizzard
- Shadow Ball
- Aurora Veil

Sinistcha @ Colbur Berry
Ability: Hospitality
Bold Nature
- Matcha Gotcha
- Rage Powder
- Life Dew
- Protect

Rotom-Wash @ Sitrus Berry
Ability: Levitate
Calm Nature
- Hydro Pump
- Volt Switch
- Will-O-Wisp
- Protect",https://play.limitlesstcg.com/tournament/6a32d1922d97f3b0c261884e/player/ekeif/teamlist
2026-06-18,Ratorneo #3 Champions 2026 | Reg MB | APTO CELUS,21,Federico Mazzoni,1-5-0,Raichu,Incineroar,Metagross,Palafin,Sylveon,Gengar,"Raichu @ Raichunite X
Ability: Lightning Rod
Jolly Nature
- Volt Tackle
- Play Rough
- Drain Punch
- Protect

Incineroar @ Sitrus Berry
Ability: Intimidate
Adamant Nature
- Darkest Lariat
- Fake Out
- Parting Shot
- Flare Blitz

Metagross @ Metagrossite
Ability: Clear Body
Jolly Nature
- Iron Head
- Stomping Tantrum
- Zen Headbutt
- Protect

Palafin @ Mystic Water
Ability: Zero to Hero
Adamant Nature
- Flip Turn
- Wave Crash
- Close Combat
- Jet Punch

Sylveon @ Life Orb
Ability: Pixilate
Modest Nature
- Hyper Voice
- Protect
- Psyshock
- Shadow Ball

Gengar @ Choice Scarf
Ability: Cursed Body
Modest Nature
- Sludge Bomb
- Shadow Ball
- Dazzling Gleam
- Thunderbolt",https://play.limitlesstcg.com/tournament/6a32d1922d97f3b0c261884e/player/vbatoonlink/teamlist
2026-06-18,Ratorneo #3 Champions 2026 | Reg MB | APTO CELUS,22,manubocha,1-5-0,Sneasler,Sableye,Swampert,Sinistcha,Pelipper,Archaludon,"Sneasler @ White Herb
Ability: Unburden
Jolly Nature
- Fake Out
- Close Combat
- Dire Claw
- Protect

Sableye @ Light Clay
Ability: Prankster
Relaxed Nature
- Will-O-Wisp
- Reflect
- Light Screen
- Rain Dance

Swampert @ Swampertite
Ability: Damp
Adamant Nature
- Wave Crash
- Earthquake
- Ice Punch
- Protect

Sinistcha @ Kasib Berry
Ability: Hospitality
Bold Nature
- Matcha Gotcha
- Life Dew
- Rage Powder
- Protect

Pelipper @ Focus Sash
Ability: Drizzle
Calm Nature
- Hurricane
- Weather Ball
- Helping Hand
- Tailwind

Archaludon @ Chople Berry
Ability: Stamina
Modest Nature
- Dragon Pulse
- Electro Shot
- Protect
- Flash Cannon",https://play.limitlesstcg.com/tournament/6a32d1922d97f3b0c261884e/player/manubocha/teamlist
2026-06-18,Ratorneo #3 Champions 2026 | Reg MB | APTO CELUS,23,TulonSahur,1-5-0,Typhlosion-Hisui,Rotom-Wash,Charizard,Venusaur,Azumarill,Garchomp,"Typhlosion-Hisui @ Black Glasses
Ability: Blaze
Modest Nature
- Eruption
- Solar Beam
- Protect
- Shadow Ball

Rotom-Wash @ Focus Sash
Ability: Levitate
Modest Nature
- Hydro Pump
- Thunderbolt
- Will-O-Wisp
- Protect

Charizard @ Charizardite Y
Ability: Blaze
Timid Nature
- Weather Ball
- Solar Beam
- Heat Wave
- Protect

Venusaur @ Life Orb
Ability: Chlorophyll
Modest Nature
- Sludge Bomb
- Sleep Powder
- Weather Ball
- Solar Beam

Azumarill @ Leftovers
Ability: Huge Power
Adamant Nature
- Play Rough
- Aqua Jet
- Superpower
- Waterfall

Garchomp @ Quick Claw
Ability: Rough Skin
Jolly Nature
- Dragon Claw
- Earthquake
- Stealth Rock
- Swords Dance",https://play.limitlesstcg.com/tournament/6a32d1922d97f3b0c261884e/player/tulonsahur/teamlist
2026-06-18,Ratorneo #3 Champions 2026 | Reg MB | APTO CELUS,24,Benjybeans,0-6-0,Crabominable,Skeledirge,Slowking-Galar,Pelipper,Raichu,Archaludon,"Crabominable @ Crabominite
Ability: Hyper Cutter
Careful Nature
- Ice Hammer
- Protect
- Drain Punch
- Mach Punch

Skeledirge @ Charcoal
Ability: Unaware
Sassy Nature
- Shadow Ball
- Heat Wave
- Torch Song
- Protect

Slowking-Galar @ Sitrus Berry
Ability: Regenerator
Careful Nature
- Trick Room
- Chilly Reception
- Blizzard
- Sludge Wave

Pelipper @ Lum Berry
Ability: Drizzle
Timid Nature
- Protect
- Hurricane
- Surf
- Wide Guard

Raichu @ Focus Sash
Ability: Lightning Rod
Timid Nature
- Fake Out
- Protect
- Endeavor
- Discharge

Archaludon @ Leftovers
Ability: Stalwart
Careful Nature
- Sleep Talk
- Electro Shot
- Breaking Swipe
- Rest",https://play.limitlesstcg.com/tournament/6a32d1922d97f3b0c261884e/player/benjybeans/teamlist
2026-06-18,r/VGC Regulation M-B Kickoff Cup,unplaced,IronLeader,1-3-0,Sneasler,Raichu,Dragonite,Arcanine,Tyranitar,Garchomp,"Sneasler @ Focus Sash
Ability: Poison Touch
Careful Nature
- Dire Claw
- Close Combat
- Bulk Up
- Protect

Raichu @ Raichunite Y
Ability: Lightning Rod
Naive Nature
- Play Rough
- Zap Cannon
- Protect
- Focus Blast

Dragonite @ Dragoninite
Ability: Multiscale
Modest Nature
- Draco Meteor
- Fire Blast
- Icy Wind
- Extreme Speed

Arcanine @ Leftovers
Ability: Intimidate
Adamant Nature
- Flare Blitz
- Extreme Speed
- Play Rough
- Bulldoze

Tyranitar @ Lum Berry
Ability: Sand Stream
Jolly Nature
- Stone Edge
- Knock Off
- Dragon Dance
- Fire Punch

Garchomp @ Life Orb
Ability: Sand Veil
Adamant Nature
- Earthquake
- Liquidation
- Sand Tomb
- Double-Edge",https://play.limitlesstcg.com/tournament/6a32a5ae2d97f3b0c2618621/player/ironleader/teamlist
2026-06-18,r/VGC Regulation M-B Kickoff Cup,1,Snorlaxpikachu1,9-1-0,Pyroar,Whimsicott,Ninetales,Farigiraf,Basculegion,Floette-Eternal,"Pyroar @ Pyroarite
Ability: Unnerve
Timid Nature
- Heat Wave
- Overheat
- Solar Beam
- Protect

Whimsicott @ Focus Sash
Ability: Prankster
Timid Nature
- Moonblast
- Tailwind
- Sunny Day
- Protect

Ninetales @ Choice Scarf
Ability: Drought
Modest Nature
- Overheat
- Heat Wave
- Solar Beam
- Fake Tears

Farigiraf @ Sitrus Berry
Ability: Armor Tail
Bold Nature
- Thunderbolt
- Twin Beam
- Trick Room
- Helping Hand

Basculegion @ Life Orb
Ability: Adaptability
Adamant Nature
- Wave Crash
- Last Respects
- Aqua Jet
- Protect

Floette-Eternal @ Floettite
Ability: Flower Veil
Modest Nature
- Moonblast
- Dazzling Gleam
- Light of Ruin
- Protect",https://play.limitlesstcg.com/tournament/6a32a5ae2d97f3b0c2618621/player/snorlaxpikachu1/teamlist
2026-06-18,r/VGC Regulation M-B Kickoff Cup,2,Hirseknabe,8-2-0,Kangaskhan,Farigiraf,Torkoal,Basculegion,Vileplume,Kommo-O,"Kangaskhan @ Kangaskhanite
Ability: Scrappy
Adamant Nature
- Double-Edge
- Fake Out
- Low Kick
- Sucker Punch

Farigiraf @ Colbur Berry
Ability: Armor Tail
Quiet Nature
- Hyper Voice
- Psychic
- Protect
- Trick Room

Torkoal @ Charcoal
Ability: Drought
Quiet Nature
- Eruption
- Weather Ball
- Earth Power
- Protect

Basculegion @ Choice Scarf
Ability: Adaptability
Jolly Nature
- Aqua Jet
- Wave Crash
- Last Respects
- Flip Turn

Vileplume @ Focus Sash
Ability: Chlorophyll
Timid Nature
- Sludge Bomb
- Energy Ball
- Sleep Powder
- After You

Kommo-O @ Haban Berry
Ability: Overcoat
Modest Nature
- Clanging Scales
- Aura Sphere
- Protect
- Clangorous Soul",https://play.limitlesstcg.com/tournament/6a32a5ae2d97f3b0c2618621/player/hirseknabe/teamlist
2026-06-18,r/VGC Regulation M-B Kickoff Cup,3,KoelSaul,8-1-0,Maushold,Annihilape,Sylveon,Aegislash,Hydreigon,Aerodactyl,"Maushold @ Chople Berry
Ability: Friend Guard
Jolly Nature
- Protect
- Beat Up
- Super Fang
- Follow Me

Annihilape @ Leftovers
Ability: Defiant
Careful Nature
- Protect
- Bulk Up
- Drain Punch
- Rage Fist

Sylveon @ Fairy Feather
Ability: Pixilate
Modest Nature
- Protect
- Hyper Voice
- Hyper Beam
- Quick Attack

Aegislash @ Spell Tag
Ability: Stance Change
Adamant Nature
- King's Shield
- Poltergeist
- Shadow Sneak
- Iron Head

Hydreigon @ Choice Scarf
Ability: Levitate
Modest Nature
- Dark Pulse
- Snarl
- Draco Meteor
- Earth Power

Aerodactyl @ Aerodactylite
Ability: Unnerve
Jolly Nature
- Wide Guard
- Rock Slide
- Dual Wingbeat
- Tailwind",https://play.limitlesstcg.com/tournament/6a32a5ae2d97f3b0c2618621/player/koelsaul/teamlist
2026-06-18,r/VGC Regulation M-B Kickoff Cup,4,porygon2,7-2-0,Sneasler,Incineroar,Floette-Eternal,Kingambit,Sinistcha,Dragapult,"Sneasler @ White Herb
Ability: Unburden
Adamant Nature
- Dire Claw
- Close Combat
- Fake Out
- Protect

Incineroar @ Sitrus Berry
Ability: Intimidate
Careful Nature
- Flare Blitz
- Throat Chop
- Parting Shot
- Fake Out

Floette-Eternal @ Floettite
Ability: Flower Veil
Modest Nature
- Dazzling Gleam
- Draining Kiss
- Calm Mind
- Protect

Kingambit @ Black Glasses
Ability: Defiant
Adamant Nature
- Swords Dance
- Kowtow Cleave
- Sucker Punch
- Protect

Sinistcha @ Kasib Berry
Ability: Hospitality
Relaxed Nature
- Matcha Gotcha
- Life Dew
- Trick Room
- Rage Powder

Dragapult @ Focus Sash
Ability: Clear Body
Hasty Nature
- Psychic Fangs
- Phantom Force
- Dragon Darts
- Light Screen",https://play.limitlesstcg.com/tournament/6a32a5ae2d97f3b0c2618621/player/porygon2/teamlist
2026-06-18,r/VGC Regulation M-B Kickoff Cup,5,ヒミーは最低だ ヒ,6-2-0,Pelipper,Sneasler,Basculegion,Dragonite,Archaludon,Gholdengo,"Pelipper @ Sitrus Berry
Ability: Drizzle
Bold Nature
- Hurricane
- Weather Ball
- Tailwind
- Wide Guard

Sneasler @ White Herb
Ability: Unburden
Adamant Nature
- Fake Out
- Close Combat
- Dire Claw
- Protect

Basculegion @ Choice Scarf
Ability: Adaptability
Jolly Nature
- Wave Crash
- Last Respects
- Flip Turn
- Aqua Jet

Dragonite @ Dragoninite
Ability: Inner Focus
Modest Nature
- Dragon Pulse
- Heat Wave
- Tailwind
- Protect

Archaludon @ Leftovers
Ability: Stamina
Bold Nature
- Electro Shot
- Dragon Pulse
- Flash Cannon
- Protect

Gholdengo @ Focus Sash
Ability: Good as Gold
Modest Nature
- Make It Rain
- Shadow Ball
- Nasty Plot
- Protect",https://play.limitlesstcg.com/tournament/6a32a5ae2d97f3b0c2618621/player/saikovgc/teamlist
2026-06-18,r/VGC Regulation M-B Kickoff Cup,6,godey95,6-2-0,Pelipper,Archaludon,Sableye,Swampert,Annihilape,Sinistcha,"Pelipper @ Sitrus Berry
Ability: Drizzle
Tera Type: Water
Modest Nature
- Hurricane
- Weather Ball
- Tailwind
- Wide Guard

Archaludon @ Leftovers
Ability: Stamina
Modest Nature
- Protect
- Electro Shot
- Dragon Pulse
- Flash Cannon

Sableye @ Roseli Berry
Ability: Prankster
Calm Nature
- Rain Dance
- Will-O-Wisp
- Reflect
- Light Screen

Swampert @ Swampertite
Ability: Torrent
Adamant Nature
- High Horsepower
- Protect
- Rock Slide
- Wave Crash

Annihilape @ Leftovers
Ability: Defiant
Adamant Nature
- Drain Punch
- Rage Fist
- Bulk Up
- Protect

Sinistcha @ Kasib Berry
Ability: Hospitality
Bold Nature
- Matcha Gotcha
- Rage Powder
- Life Dew
- Strength Sap",https://play.limitlesstcg.com/tournament/6a32a5ae2d97f3b0c2618621/player/godey95/teamlist
2026-06-18,r/VGC Regulation M-B Kickoff Cup,8,MiniMitre,6-2-0,Charizard,Staraptor,Garchomp,Weavile,Basculegion,Whimsicott,"Charizard @ Charizardite Y
Ability: Blaze
Modest Nature
- Heat Wave
- Solar Beam
- Weather Ball
- Protect

Staraptor @ Staraptite
Ability: Intimidate
Jolly Nature
- Dual Wingbeat
- Close Combat
- Facade
- Protect

Garchomp @ Life Orb
Ability: Rough Skin
Adamant Nature
- Dragon Claw
- Earthquake
- Rock Slide
- Protect

Weavile @ Wide Lens
Ability: Pressure
Jolly Nature
- Fake Out
- Icy Wind
- Snarl
- Triple Axel

Basculegion @ Choice Scarf
Ability: Adaptability
Jolly Nature
- Wave Crash
- Last Respects
- Aqua Jet
- Flip Turn

Whimsicott @ Focus Sash
Ability: Prankster
Timid Nature
- Moonblast
- Tailwind
- Charm
- Encore",https://play.limitlesstcg.com/tournament/6a32a5ae2d97f3b0c2618621/player/minimitre/teamlist
2026-06-18,r/VGC Regulation M-B Kickoff Cup,9,Wolfey,6-1-0,Basculegion,Whimsicott,Raichu,Gholdengo,Floette-Eternal,Garchomp,"Basculegion @ Mystic Water
Ability: Adaptability
Adamant Nature
- Protect
- Wave Crash
- Last Respects
- Aqua Jet

Whimsicott @ Focus Sash
Ability: Prankster
Timid Nature
- Protect
- Tailwind
- Moonblast
- Encore

Raichu @ Raichunite Y
Ability: Lightning Rod
Modest Nature
- Protect
- Zap Cannon
- Focus Blast
- Fake Out

Gholdengo @ Life Orb
Ability: Good as Gold
Modest Nature
- Protect
- Nasty Plot
- Make It Rain
- Shadow Ball

Floette-Eternal @ Floettite
Ability: Flower Veil
Modest Nature
- Protect
- Dazzling Gleam
- Light of Ruin
- Moonblast

Garchomp @ Sitrus Berry
Ability: Rough Skin
Adamant Nature
- Protect
- Dragon Claw
- Rock Slide
- Stomping Tantrum",https://play.limitlesstcg.com/tournament/6a32a5ae2d97f3b0c2618621/player/wolfey/teamlist
2026-06-18,r/VGC Regulation M-B Kickoff Cup,10,Gingersnap,6-1-0,Metagross,Incineroar,Sneasler,Ninetales-Alola,Hydreigon,Lycanroc-Dusk,"Metagross @ Metagrossite
Ability: Clear Body
Jolly Nature
- Iron Head
- Psychic Fangs
- Protect
- Ice Punch

Incineroar @ Sitrus Berry
Ability: Intimidate
Careful Nature
- Flare Blitz
- Fake Out
- Parting Shot
- Throat Chop

Sneasler @ White Herb
Ability: Unburden
Jolly Nature
- Close Combat
- Dire Claw
- Fake Out
- Coaching

Ninetales-Alola @ Life Orb
Ability: Snow Warning
Timid Nature
- Blizzard
- Moonblast
- Aurora Veil
- Protect

Hydreigon @ Choice Scarf
Ability: Levitate
Timid Nature
- Dark Pulse
- Draco Meteor
- Earth Power
- Snarl

Lycanroc-Dusk @ Focus Sash
Ability: Tough Claws
Jolly Nature
- Rock Slide
- Accelerock
- Close Combat
- Protect",https://play.limitlesstcg.com/tournament/6a32a5ae2d97f3b0c2618621/player/gingersnap/teamlist
2026-06-18,r/VGC Regulation M-B Kickoff Cup,11,Rhymar,6-1-0,Charizard,Hydreigon,Gholdengo,Grimmsnarl,Toxapex,Incineroar,"Charizard @ Charizardite Y
Ability: Blaze
Timid Nature
- Heat Wave
- Weather Ball
- Solar Beam
- Protect

Hydreigon @ Choice Scarf
Ability: Levitate
Modest Nature
- Draco Meteor
- Dark Pulse
- Snarl
- Earth Power

Gholdengo @ Life Orb
Ability: Good as Gold
Modest Nature
- Make It Rain
- Shadow Ball
- Protect
- Nasty Plot

Grimmsnarl @ Light Clay
Ability: Prankster
Careful Nature
- Parting Shot
- Fake Out
- Light Screen
- Reflect

Toxapex @ Leftovers
Ability: Regenerator
Bold Nature
- Infestation
- Baneful Bunker
- Wide Guard
- Toxic

Incineroar @ Sitrus Berry
Ability: Intimidate
Careful Nature
- Flare Blitz
- Throat Chop
- Fake Out
- Parting Shot",https://play.limitlesstcg.com/tournament/6a32a5ae2d97f3b0c2618621/player/rhymar/teamlist
2026-06-18,r/VGC Regulation M-B Kickoff Cup,12,HortonHEARD,6-1-0,Torkoal,Staraptor,Farigiraf,Hatterene,Victreebel,Kangaskhan,"Torkoal @ Charcoal
Ability: Drought
Quiet Nature
- Eruption
- Heat Wave
- Weather Ball
- Solar Beam

Staraptor @ Staraptite
Ability: Intimidate
Jolly Nature
- Whirlwind
- Final Gambit
- Close Combat
- Dual Wingbeat

Farigiraf @ Sitrus Berry
Ability: Armor Tail
Sassy Nature
- Trick Room
- Helping Hand
- Twin Beam
- Hyper Voice

Hatterene @ Life Orb
Ability: Magic Bounce
Quiet Nature
- Protect
- Dazzling Gleam
- Psychic
- Trick Room

Victreebel @ Victreebelite
Ability: Chlorophyll
Modest Nature
- Encore
- Sleep Powder
- Giga Drain
- Sludge Bomb

Kangaskhan @ Silk Scarf
Ability: Scrappy
Brave Nature
- Fake Out
- Last Resort",https://play.limitlesstcg.com/tournament/6a32a5ae2d97f3b0c2618621/player/hortonheard/teamlist
2026-06-18,r/VGC Regulation M-B Kickoff Cup,13,LenVGC,5-2-0,Incineroar,Farigiraf,Torkoal,Maushold,Mawile,Pyroar,"Incineroar @ White Herb
Ability: Intimidate
Brave Nature
- Fake Out
- Flare Blitz
- Darkest Lariat
- Close Combat

Farigiraf @ Sitrus Berry
Ability: Armor Tail
Bold Nature
- Twin Beam
- Helping Hand
- Trick Room
- Protect

Torkoal @ Charcoal
Ability: Drought
Modest Nature
- Eruption
- Weather Ball
- Helping Hand
- Protect

Maushold @ Wide Lens
Ability: Technician
Jolly Nature
- Population Bomb
- Charm
- Follow Me
- Protect

Mawile @ Mawilite
Ability: Intimidate
Adamant Nature
- Play Rough
- Sucker Punch
- Swords Dance
- Protect

Pyroar @ Pyroarite
Ability: Unnerve
Timid Nature
- Overheat
- Heat Wave
- Solar Beam
- Protect",https://play.limitlesstcg.com/tournament/6a32a5ae2d97f3b0c2618621/player/lenvgc/teamlist
2026-06-18,r/VGC Regulation M-B Kickoff Cup,14,Dialing,5-2-0,Raichu,Sylveon,Froslass,Corviknight,Basculegion,Tyranitar,"Raichu @ Raichunite Y
Ability: Lightning Rod
Timid Nature
- Zap Cannon
- Focus Blast
- Fake Out
- Protect

Sylveon @ Fairy Feather
Ability: Pixilate
Modest Nature
- Hyper Voice
- Hyper Beam
- Quick Attack
- Detect

Froslass @ Froslassite
Ability: Cursed Body
Timid Nature
- Shadow Ball
- Blizzard
- Aurora Veil
- Protect

Corviknight @ Leftovers
Ability: Mirror Armor
Adamant Nature
- Brave Bird
- Iron Head
- Tailwind
- Protect

Basculegion @ Focus Sash
Ability: Adaptability
Adamant Nature
- Last Respects
- Liquidation
- Aqua Jet
- Protect

Tyranitar @ Choice Scarf
Ability: Sand Stream
Jolly Nature
- Rock Slide
- Low Kick
- Knock Off
- Ice Punch",https://play.limitlesstcg.com/tournament/6a32a5ae2d97f3b0c2618621/player/dialing/teamlist
2026-06-18,r/VGC Regulation M-B Kickoff Cup,15,Suikenuser,5-2-0,Greninja,Sinistcha,Incineroar,Basculegion,Sneasler,Floette-Eternal,"Greninja @ Greninjite
Ability: Protean
Jolly Nature
- Swords Dance
- Liquidation
- Gunk Shot
- Protect

Sinistcha @ Sitrus Berry
Ability: Hospitality
Bold Nature
- Matcha Gotcha
- Rage Powder
- Life Dew
- Protect

Incineroar @ Passho Berry
Ability: Intimidate
Adamant Nature
- Fake Out
- Flare Blitz
- Parting Shot
- Taunt

Basculegion @ Choice Scarf
Ability: Adaptability
Jolly Nature
- Flip Turn
- Aqua Jet
- Last Respects
- Wave Crash

Sneasler @ White Herb
Ability: Unburden
Jolly Nature
- Close Combat
- Coaching
- Fake Out
- Dire Claw

Floette-Eternal @ Floettite
Ability: Flower Veil
Timid Nature
- Calm Mind
- Moonblast
- Dazzling Gleam
- Protect",https://play.limitlesstcg.com/tournament/6a32a5ae2d97f3b0c2618621/player/suikenuser/teamlist
2026-06-18,r/VGC Regulation M-B Kickoff Cup,16,Prongs,5-2-0,Gengar,Incineroar,Sableye,Primarina,Sinistcha,Tinkaton,"Gengar @ Gengarite
Ability: Shadow Tag
Timid Nature
- Protect
- Perish Song
- Shadow Ball
- Disable

Incineroar @ Lum Berry
Ability: Intimidate
Sassy Nature
- Protect
- Parting Shot
- Throat Chop
- Fake Out

Sableye @ Sitrus Berry
Ability: Prankster
Careful Nature
- Protect
- Encore
- Disable
- Fake Out

Primarina @ Leftovers
Ability: Torrent
Sassy Nature
- Protect
- Perish Song
- Moonblast
- Flip Turn

Sinistcha @ Kasib Berry
Ability: Hospitality
Bold Nature
- Protect
- Matcha Gotcha
- Trick Room
- Rage Powder

Tinkaton @ Focus Sash
Ability: Mold Breaker
Impish Nature
- Protect
- Fake Out
- Encore
- Gigaton Hammer",https://play.limitlesstcg.com/tournament/6a32a5ae2d97f3b0c2618621/player/prongs/teamlist
2026-06-18,r/VGC Regulation M-B Kickoff Cup,17,GSCC,5-2-0,Whimsicott,Typhlosion-Hisui,Torkoal,Farigiraf,Gardevoir,Kleavor,"Whimsicott @ Kebia Berry
Ability: Prankster
Bold Nature
- Moonblast
- Protect
- Sunny Day
- Tailwind

Typhlosion-Hisui @ Choice Scarf
Ability: Blaze
Modest Nature
- Eruption
- Shadow Ball
- Heat Wave
- Solar Beam

Torkoal @ Leftovers
Ability: Drought
Relaxed Nature
- Eruption
- Weather Ball
- Protect
- Body Press

Farigiraf @ Sitrus Berry
Ability: Armor Tail
Bold Nature
- Twin Beam
- Thunderbolt
- Trick Room
- Protect

Gardevoir @ Gardevoirite
Ability: Synchronize
Modest Nature
- Hyper Voice
- Psyshock
- Aura Sphere
- Protect

Kleavor @ Focus Sash
Ability: Sharpness
Jolly Nature
- Stone Axe
- Close Combat
- Feint
- Protect",https://play.limitlesstcg.com/tournament/6a32a5ae2d97f3b0c2618621/player/gscc/teamlist
2026-06-18,r/VGC Regulation M-B Kickoff Cup,18,anastarawneh,5-2-0,Charizard,Garchomp,Incineroar,Sneasler,Whimsicott,Excadrill,"Charizard @ Charizardite Y
Ability: Solar Power
Modest Nature
- Heat Wave
- Solar Beam
- Air Slash
- Protect

Garchomp @ Yache Berry
Ability: Rough Skin
Adamant Nature
- Earthquake
- Dragon Claw
- Rock Slide
- Protect

Incineroar @ Sitrus Berry
Ability: Intimidate
Careful Nature
- Fake Out
- Parting Shot
- Flare Blitz
- Throat Chop

Sneasler @ White Herb
Ability: Unburden
Adamant Nature
- Dire Claw
- Close Combat
- Fake Out
- Protect

Whimsicott @ Focus Sash
Ability: Prankster
Timid Nature
- Tailwind
- Sunny Day
- Moonblast
- Protect

Excadrill @ Excadrite
Ability: Mold Breaker
Jolly Nature
- Protect
- High Horsepower
- Iron Head
- Rock Slide",https://play.limitlesstcg.com/tournament/6a32a5ae2d97f3b0c2618621/player/anastarawneh/teamlist
2026-06-18,r/VGC Regulation M-B Kickoff Cup,19,christianfinity,5-2-0,Ninetales-Alola,Garchomp,Metagross,Ceruledge,Kingambit,Sinistcha,"Ninetales-Alola @ Focus Sash
Ability: Snow Warning
Timid Nature
- Blizzard
- Encore
- Roar
- Protect

Garchomp @ Life Orb
Ability: Rough Skin
Jolly Nature
- Stomping Tantrum
- Rock Slide
- Dragon Claw
- Protect

Metagross @ Metagrossite
Ability: Clear Body
Jolly Nature
- Iron Head
- Psychic Fangs
- Body Press
- Protect

Ceruledge @ Colbur Berry
Ability: Flash Fire
Adamant Nature
- Bitter Blade
- Shadow Sneak
- Swords Dance
- Protect

Kingambit @ Black Glasses
Ability: Defiant
Adamant Nature
- Kowtow Cleave
- Sucker Punch
- Swords Dance
- Protect

Sinistcha @ Kasib Berry
Ability: Hospitality
Bold Nature
- Matcha Gotcha
- Rage Powder
- Strength Sap
- Protect",https://play.limitlesstcg.com/tournament/6a32a5ae2d97f3b0c2618621/player/christianfinity/teamlist
2026-06-18,r/VGC Regulation M-B Kickoff Cup,20,Gmaddox,5-2-0,Archaludon,Pelipper,Sableye,Basculegion,Dragonite,Sinistcha,"Archaludon @ Leftovers
Ability: Stamina
Modest Nature
- Flash Cannon
- Protect
- Electro Shot
- Dragon Pulse

Pelipper @ Sitrus Berry
Ability: Drizzle
Bold Nature
- Tailwind
- Weather Ball
- Hurricane
- Wide Guard

Sableye @ Roseli Berry
Ability: Prankster
Sassy Nature
- Reflect
- Light Screen
- will-o-wisp
- Rain Dance

Basculegion @ Choice Scarf
Ability: Adaptability
Jolly Nature
- Wave Crash
- Flip Turn
- Last Respects
- Aqua Jet

Dragonite @ Dragoninite
Ability: Inner Focus
Modest Nature
- Flamethrower
- Hurricane
- Draco Meteor
- Tailwind

Sinistcha @ Kasib Berry
Ability: Hospitality
Sassy Nature
- Rage Powder
- Matcha Gotcha
- Life Dew
- Trick Room",https://play.limitlesstcg.com/tournament/6a32a5ae2d97f3b0c2618621/player/gmaddox/teamlist
2026-06-18,r/VGC Regulation M-B Kickoff Cup,21,Pecksters,5-2-0,Swampert,Archaludon,Sinistcha,Pelipper,Grimmsnarl,Metagross,"Swampert @ Swampertite
Ability: Damp
Jolly Nature
- Flip Turn
- Wave Crash
- High Horsepower
- Ice Punch

Archaludon @ Leftovers
Ability: Stalwart
Modest Nature
- Electro Shot
- Flash Cannon
- Dragon Pulse
- Protect

Sinistcha @ Sitrus Berry
Ability: Hospitality
Modest Nature
- Matcha Gotcha
- Life Dew
- Rage Powder
- Trick Room

Pelipper @ Focus Sash
Ability: Drizzle
Modest Nature
- Hurricane
- Weather Ball
- Tailwind
- Protect

Grimmsnarl @ Light Clay
Ability: Prankster
Impish Nature
- Spirit Break
- Reflect
- Light Screen
- Parting Shot

Metagross @ Metagrossite
Ability: Clear Body
Jolly Nature
- Psychic Fangs
- Iron Head
- Bullet Punch
- Protect",https://play.limitlesstcg.com/tournament/6a32a5ae2d97f3b0c2618621/player/pecksters/teamlist
2026-06-18,r/VGC Regulation M-B Kickoff Cup,22,Minerva VGC,5-2-0,Mawile,Primarina,Sinistcha,Pelipper,Clefable,Dragalge,"Mawile @ Mawilite
Ability: Hyper Cutter
Brave Nature
- Knock Off
- Sucker Punch
- Iron Head
- Protect

Primarina @ Life Orb
Ability: Liquid Voice
Quiet Nature
- Moonblast
- Energy Ball
- Hyper Voice
- Protect

Sinistcha @ Mental Herb
Ability: Hospitality
Sassy Nature
- Matcha Gotcha
- Rage Powder
- Trick Room
- Life Dew

Pelipper @ Damp Rock
Ability: Drizzle
Modest Nature
- Wide Guard
- Weather Ball
- Hurricane
- Protect

Clefable @ Sitrus Berry
Ability: Unaware
Quiet Nature
- Moonblast
- Follow Me
- Helping Hand
- Protect

Dragalge @ Dragalgite
Ability: Poison Point
Quiet Nature
- Thunderbolt
- Draco Meteor
- Sludge Bomb
- Protect",https://play.limitlesstcg.com/tournament/6a32a5ae2d97f3b0c2618621/player/melancholicminerva/teamlist
2026-06-18,r/VGC Regulation M-B Kickoff Cup,23,JoMcCloud23,5-2-0,Metagross,Rotom-Wash,Sinistcha,Incineroar,Garchomp,Gholdengo,"Metagross @ Metagrossite
Ability: Clear Body
Jolly Nature
- Iron Head
- Psychic Fangs
- Ice Punch
- Protect

Rotom-Wash @ Leftovers
Ability: Levitate
Modest Nature
- Thunderbolt
- Hydro Pump
- Will-O-Wisp
- Protect

Sinistcha @ Miracle Seed
Ability: Hospitality
Modest Nature
- Matcha Gotcha
- Rage Powder
- Trick Room
- Protect

Incineroar @ Sitrus Berry
Ability: Intimidate
Adamant Nature
- Fake Out
- Flare Blitz
- Throat Chop
- Parting Shot

Garchomp @ Life Orb
Ability: Rough Skin
Jolly Nature
- Dragon Claw
- Stomping Tantrum
- Rock Slide
- Protect

Gholdengo @ Choice Scarf
Ability: Good as Gold
Modest Nature
- Make It Rain
- Shadow Ball
- Power Gem
- Trick",https://play.limitlesstcg.com/tournament/6a32a5ae2d97f3b0c2618621/player/jomccloud23/teamlist
2026-06-18,r/VGC Regulation M-B Kickoff Cup,24,Gurrasnurra5,5-2-0,Whimsicott,Gholdengo,Incineroar,Glimmora,Ninetales-Alola,Basculegion,"Whimsicott @ Focus Sash
Ability: Prankster
Timid Nature
- Tailwind
- Moonblast
- Fake Tears
- Encore

Gholdengo @ Life Orb
Ability: Good as Gold
Modest Nature
- Make It Rain
- Shadow Ball
- Nasty Plot
- Protect

Incineroar @ Sitrus Berry
Ability: Intimidate
Adamant Nature
- Fake Out
- Flare Blitz
- Darkest Lariat
- Parting Shot

Glimmora @ Glimmoranite
Ability: Toxic Debris
Modest Nature
- Sludge Bomb
- Power Gem
- Earth Power
- Spiky Shield

Ninetales-Alola @ Light Clay
Ability: Snow Warning
Timid Nature
- Blizzard
- Aurora Veil
- Freeze-Dry
- Protect

Basculegion @ Mystic Water
Ability: Adaptability
Adamant Nature
- Wave Crash
- Last Respects
- Aqua Jet
- Protect",https://play.limitlesstcg.com/tournament/6a32a5ae2d97f3b0c2618621/player/gurrasnurra5/teamlist
2026-06-18,r/VGC Regulation M-B Kickoff Cup,25,Mona_Aster,5-2-0,Metagross,Charizard,Glimmora,Whimsicott,Garchomp,Basculegion,"Metagross @ Metagrossite
Ability: Clear Body
Adamant Nature
- Meteor Mash
- Psychic Fangs
- Body Press
- Protect

Charizard @ Charizardite Y
Ability: Solar Power
Modest Nature
- Heat Wave
- Weather Ball
- Solar Beam
- Protect

Glimmora @ Focus Sash
Ability: Toxic Debris
Modest Nature
- Power Gem
- Sludge Bomb
- Earth Power
- Spiky Shield

Whimsicott @ Fairy Feather
Ability: Prankster
Timid Nature
- Moonblast
- Tailwind
- Encore
- Protect

Garchomp @ Life Orb
Ability: Rough Skin
Jolly Nature
- Earthquake
- Dragon Claw
- Rock Slide
- Protect

Basculegion @ Choice Scarf
Ability: Adaptability
Adamant Nature
- Wave Crash
- Flip Turn
- Aqua Jet
- Last Respects",https://play.limitlesstcg.com/tournament/6a32a5ae2d97f3b0c2618621/player/mona_aster/teamlist
2026-06-18,r/VGC Regulation M-B Kickoff Cup,26,Memphis,5-2-0,Gardevoir,Garchomp,Talonflame,Basculegion,Kingambit,Maushold,"Gardevoir @ Gardevoirite
Ability: Trace
Modest Nature
- Hyper Voice
- Psyshock
- Trick Room
- Protect

Garchomp @ Choice Scarf
Ability: Rough Skin
Adamant Nature
- Earthquake
- Dragon Claw
- Rock Slide
- Stomping Tantrum

Talonflame @ No Item
Ability: Gale Wings
Jolly Nature
- Acrobatics
- Flare Blitz
- Tailwind
- Protect

Basculegion @ Sitrus Berry
Ability: Swift Swim
Adamant Nature
- Last Respects
- Aqua Jet
- Wave Crash
- Protect

Kingambit @ Chople Berry
Ability: Defiant
Adamant Nature
- Kowtow Cleave
- Sucker Punch
- Iron Head
- Low Kick

Maushold @ Focus Sash
Ability: Friend Guard
Timid Nature
- Follow Me
- Super Fang
- Helping Hand
- Protect",https://play.limitlesstcg.com/tournament/6a32a5ae2d97f3b0c2618621/player/memphis/teamlist
2026-06-18,r/VGC Regulation M-B Kickoff Cup,27,JustFra,5-2-0,Blaziken,Sylveon,Aerodactyl,Metagross,Sinistcha,Incineroar,"Blaziken @ Focus Sash
Ability: Speed Boost
Timid Nature
- Coaching
- Heat Wave
- Aura Sphere
- Detect

Sylveon @ Fairy Feather
Ability: Pixilate
Modest Nature
- Hyper Voice
- Roar
- Quick Attack
- Detect

Aerodactyl @ Aerodactylite
Ability: Unnerve
Jolly Nature
- Tailwind
- Wide Guard
- Rock Slide
- Dual Wingbeat

Metagross @ Metagrossite
Ability: Clear Body
Jolly Nature
- Body Press
- Iron Head
- Psychic Fangs
- Protect

Sinistcha @ Kasib Berry
Ability: Hospitality
Bold Nature
- Matcha Gotcha
- Rage Powder
- Protect
- Life Dew

Incineroar @ Sitrus Berry
Ability: Intimidate
Careful Nature
- Fake Out
- Parting Shot
- Flare Blitz
- Throat Chop",https://play.limitlesstcg.com/tournament/6a32a5ae2d97f3b0c2618621/player/justfra/teamlist
2026-06-18,r/VGC Regulation M-B Kickoff Cup,28,flaem,5-2-0,Metagross,Pelipper,Archaludon,Basculegion,Annihilape,Maushold,"Metagross @ Metagrossite
Ability: Clear Body
Jolly Nature
- Psychic Fangs
- Body Press
- Iron Defense
- Protect

Pelipper @ Focus Sash
Ability: Drizzle
Modest Nature
- Hurricane
- Weather Ball
- Tailwind
- Protect

Archaludon @ Magnet
Ability: Sturdy
Timid Nature
- Electro Shot
- Dragon Pulse
- Flash Cannon
- Protect

Basculegion @ Choice Scarf
Ability: Adaptability
Adamant Nature
- Last Respects
- Aqua Jet
- Wave Crash
- Flip Turn

Annihilape @ Lum Berry
Ability: Defiant
Adamant Nature
- Rage Fist
- Drain Punch
- Bulk Up
- Protect

Maushold @ Wide Lens
Ability: Technician
Jolly Nature
- Follow Me
- Population Bomb
- Beat Up
- Protect",https://play.limitlesstcg.com/tournament/6a32a5ae2d97f3b0c2618621/player/flaem/teamlist
2026-06-18,r/VGC Regulation M-B Kickoff Cup,29,notstan,5-2-0,Staraptor,Gholdengo,Raichu,Garchomp,Sinistcha,Incineroar,"Staraptor @ Staraptite
Ability: Intimidate
Jolly Nature
- Protect
- Roost
- Brave Bird
- Close Combat

Gholdengo @ Metal Coat
Ability: Good as Gold
Timid Nature
- Make It Rain
- Nasty Plot
- Protect
- Shadow Ball

Raichu @ Raichunite Y
Ability: Lightning Rod
Timid Nature
- Fake Out
- Zap Cannon
- Focus Blast
- Protect

Garchomp @ Life Orb
Ability: Rough Skin
Jolly Nature
- Earthquake
- Dragon Claw
- Rock Slide
- Protect

Sinistcha @ Colbur Berry
Ability: Hospitality
Bold Nature
- Matcha Gotcha
- Protect
- Rage Powder
- Shadow Ball

Incineroar @ Sitrus Berry
Ability: Intimidate
Careful Nature
- Flare Blitz
- Throat Chop
- Parting Shot
- Fake Out",https://play.limitlesstcg.com/tournament/6a32a5ae2d97f3b0c2618621/player/notstan/teamlist
2026-06-18,r/VGC Regulation M-B Kickoff Cup,30,Peaches,4-2-0,Grimmsnarl,Staraptor,Hydreigon,Sinistcha,Metagross,Arcanine-Hisui,"Grimmsnarl @ Light Clay
Ability: Prankster
Careful Nature
- Throat Chop
- Reflect
- Light Screen
- Parting Shot

Staraptor @ Staraptite
Ability: Intimidate
Adamant Nature
- Brave Bird
- Close Combat
- Roost
- Protect

Hydreigon @ Choice Scarf
Ability: Levitate
Modest Nature
- Dark Pulse
- Dragon Pulse
- Heat Wave
- Snarl

Sinistcha @ Sitrus Berry
Ability: Hospitality
Bold Nature
- Matcha Gotcha
- Strength Sap
- Rage Powder
- Protect

Metagross @ Metagrossite
Ability: Clear Body
Adamant Nature
- Meteor Mash
- Psychic Fangs
- Stomping Tantrum
- Protect

Arcanine-Hisui @ Focus Sash
Ability: Rock Head
Jolly Nature
- Flare Blitz
- Head Smash
- Extreme Speed
- Protect",https://play.limitlesstcg.com/tournament/6a32a5ae2d97f3b0c2618621/player/peaches/teamlist
2026-06-18,r/VGC Regulation M-B Kickoff Cup,31,Xeoniio,4-3-0,Metagross,Aerodactyl,Meowscarada,Sylveon,Basculegion,Kingambit,"Metagross @ Metagrossite
Ability: Clear Body
Adamant Nature
- Protect
- Psychic Fangs
- Ice Punch
- Iron Head

Aerodactyl @ Aerodactylite
Ability: Unnerve
Jolly Nature
- Protect
- Tailwind
- Dual Wingbeat
- Rock Slide

Meowscarada @ Focus Sash
Ability: Protean
Jolly Nature
- Protect
- Flower Trick
- Triple Axel
- Knock Off

Sylveon @ Fairy Feather
Ability: Pixilate
Modest Nature
- Detect
- Quick Attack
- Hyper Voice
- Hyper Beam

Basculegion @ Life Orb
Ability: Adaptability
Adamant Nature
- Protect
- Last Respects
- Liquidation
- Aqua Jet

Kingambit @ Chople Berry
Ability: Defiant
Adamant Nature
- Protect
- Kowtow Cleave
- Sucker Punch
- Low Kick",https://play.limitlesstcg.com/tournament/6a32a5ae2d97f3b0c2618621/player/xeoniio/teamlist
2026-06-18,r/VGC Regulation M-B Kickoff Cup,32,DiamondsaurVGC,4-3-0,Swampert,Pelipper,Basculegion,Annihilape,Clefable,Delphox,"Swampert @ Swampertite
Ability: Torrent
Adamant Nature
- Wave Crash
- Earthquake
- Rock Slide
- Protect

Pelipper @ Focus Sash
Ability: Drizzle
Timid Nature
- Weather Ball
- Hurricane
- Tailwind
- Protect

Basculegion @ Choice Scarf
Ability: Adaptability
Jolly Nature
- Wave Crash
- Last Respects
- Aqua Jet
- Flip Turn

Annihilape @ Sitrus Berry
Ability: Defiant
Jolly Nature
- Rage Fist
- Drain Punch
- Bulk Up
- Protect

Clefable @ Mental Herb
Ability: Unaware
Calm Nature
- Follow Me
- Moonblast
- Helping Hand
- Protect

Delphox @ Delphoxite
Ability: Blaze
Timid Nature
- Heat Wave
- Psychic
- Nasty Plot
- Protect",https://play.limitlesstcg.com/tournament/6a32a5ae2d97f3b0c2618621/player/diamondsaurvgc/teamlist
2026-06-18,r/VGC Regulation M-B Kickoff Cup,33,KuronZ,4-3-0,Mawile,Staraptor,Sinistcha,Farigiraf,Garchomp,Incineroar,"Mawile @ Mawilite
Ability: Hyper Cutter
Brave Nature
- Sucker Punch
- Play Rough
- Iron Head
- Rock Slide

Staraptor @ Staraptite
Ability: Intimidate
Adamant Nature
- Protect
- Brave Bird
- Close Combat
- Roost

Sinistcha @ Colbur Berry
Ability: Hospitality
Relaxed Nature
- Matcha Gotcha
- Rage Powder
- Trick Room
- Life Dew

Farigiraf @ Sitrus Berry
Ability: Armor Tail
Quiet Nature
- Protect
- Psychic
- Trick Room
- Thunderbolt

Garchomp @ Life Orb
Ability: Rough Skin
Jolly Nature
- Protect
- Dragon Claw
- Stomping Tantrum
- Rock Slide

Incineroar @ Charcoal
Ability: Intimidate
Adamant Nature
- Fake Out
- Parting Shot
- Flare Blitz
- Throat Chop",https://play.limitlesstcg.com/tournament/6a32a5ae2d97f3b0c2618621/player/kuronz/teamlist
2026-06-18,r/VGC Regulation M-B Kickoff Cup,34,Piedrer,4-3-0,Sceptile,Gardevoir,Mudsdale,Farigiraf,Vivillon,Torkoal,"Sceptile @ Sceptilite
Ability: Overgrow
Timid Nature
- Leaf Storm
- Dragon Pulse
- Protect
- Shed Tail

Gardevoir @ Gardevoirite
Ability: Telepathy
Quiet Nature
- Psychic
- Hyper Voice
- Trick Room
- Protect

Mudsdale @ Life Orb
Ability: Inner Focus
Brave Nature
- Rock Slide
- High Horsepower
- Heavy Slam
- Earthquake

Farigiraf @ Colbur Berry
Ability: Armor Tail
Relaxed Nature
- Protect
- Trick Room
- Thunderbolt
- Helping Hand

Vivillon @ Focus Sash
Ability: Compound Eyes
Timid Nature
- Hurricane
- Protect
- Rage Powder
- Sleep Powder

Torkoal @ Charcoal
Ability: Drought
Quiet Nature
- Eruption
- Flamethrower
- Earth Power
- Protect",https://play.limitlesstcg.com/tournament/6a32a5ae2d97f3b0c2618621/player/piedrer/teamlist
2026-06-18,r/VGC Regulation M-B Kickoff Cup,35,TobiYume,4-1-0,Tyranitar,Garchomp,Corviknight,Rotom-Wash,Sneasler,Froslass,"Tyranitar @ Tyranitarite
Ability: Sand Stream
Adamant Nature
- Rock Slide
- Knock Off
- Low Kick
- Protect

Garchomp @ Life Orb
Ability: Rough Skin
Jolly Nature
- Dragon Claw
- Earthquake
- Rock Slide
- Protect

Corviknight @ Leftovers
Ability: Mirror Armor
Careful Nature
- Brave Bird
- Bulk Up
- Roost
- Tailwind

Rotom-Wash @ Choice Scarf
Ability: Levitate
Timid Nature
- Thunderbolt
- Hydro Pump
- Electroweb
- Trick

Sneasler @ White Herb
Ability: Unburden
Adamant Nature
- Fake Out
- Dire Claw
- Close Combat
- Protect

Froslass @ Froslassite
Ability: Cursed Body
Timid Nature
- Blizzard
- Shadow Ball
- Weather Ball
- Protect",https://play.limitlesstcg.com/tournament/6a32a5ae2d97f3b0c2618621/player/tobiyume/teamlist
2026-06-18,r/VGC Regulation M-B Kickoff Cup,36,Yisso,4-2-0,Blaziken,Metagross,Whimsicott,Kingambit,Ninetales-Alola,Farigiraf,"Blaziken @ Blazikenite
Ability: Speed Boost
Adamant Nature
- Close Combat
- Flare Blitz
- Rock Slide
- Protect

Metagross @ Metagrossite
Ability: Clear Body
Adamant Nature
- Protect
- Psychic Fangs
- Body Press
- Meteor Mash

Whimsicott @ Focus Sash
Ability: Prankster
Timid Nature
- Energy Ball
- Moonblast
- Protect
- Tailwind

Kingambit @ Black Glasses
Ability: Defiant
Adamant Nature
- Sucker Punch
- Kowtow Cleave
- Swords Dance
- Protect

Ninetales-Alola @ Leftovers
Ability: Snow Warning
Timid Nature
- Blizzard
- Aurora Veil
- Protect
- Encore

Farigiraf @ Sitrus Berry
Ability: Armor Tail
Modest Nature
- Trick Room",https://play.limitlesstcg.com/tournament/6a32a5ae2d97f3b0c2618621/player/yisso/teamlist
2026-06-18,r/VGC Regulation M-B Kickoff Cup,37,Gouillou,4-2-0,Metagross,Floette-Eternal,Kingambit,Garchomp,Toxapex,Sableye,"Metagross @ Metagrossite
Ability: Clear Body
Jolly Nature
- Iron Head
- Psychic Fangs
- Hammer Arm
- Protect

Floette-Eternal @ Floettite
Ability: Flower Veil
Modest Nature
- Dazzling Gleam
- Moonblast
- Light of Ruin
- Protect

Kingambit @ Chople Berry
Ability: Defiant
Adamant Nature
- Kowtow Cleave
- Low Kick
- Sucker Punch
- Protect

Garchomp @ Roseli Berry
Ability: Rough Skin
Jolly Nature
- Stomping Tantrum
- Dragon Claw
- Rock Slide
- Poison Jab

Toxapex @ Leftovers
Ability: Regenerator
Calm Nature
- Toxic
- Recover
- Haze
- Baneful Bunker

Sableye @ Light Clay
Ability: Prankster
Calm Nature
- Fake Out
- Encore
- Reflect
- Light Screen",https://play.limitlesstcg.com/tournament/6a32a5ae2d97f3b0c2618621/player/gouillou/teamlist
2026-06-18,r/VGC Regulation M-B Kickoff Cup,38,Sheylan,4-3-0,Garchomp,Ninetales-Alola,Meowscarada,Annihilape,Raichu,Kingambit,"Garchomp @ Life Orb
Ability: Rough Skin
Jolly Nature
- Scale Shot
- Stomping Tantrum
- Rock Slide
- Protect

Ninetales-Alola @ Focus Sash
Ability: Snow Warning
Timid Nature
- Blizzard
- Protect
- Encore
- Moonblast

Meowscarada @ Choice Scarf
Ability: Protean
Jolly Nature
- U-turn
- Triple Axel
- Flower Trick
- Knock Off

Annihilape @ Leftovers
Ability: Defiant
Adamant Nature
- Rage Fist
- Drain Punch
- Bulk Up
- Protect

Raichu @ Raichunite Y
Ability: Static
Timid Nature
- Zap Cannon
- Volt Switch
- Focus Blast
- Fake Out

Kingambit @ Chople Berry
Ability: Defiant
Adamant Nature
- Sucker Punch
- Kowtow Cleave
- Protect
- Iron Head",https://play.limitlesstcg.com/tournament/6a32a5ae2d97f3b0c2618621/player/sheylan/teamlist
2026-06-18,r/VGC Regulation M-B Kickoff Cup,39,GVE| Gnius,4-3-0,Delphox,Floette-Eternal,Incineroar,Sinistcha,Rotom-Wash,Kingambit,"Delphox @ Delphoxite
Ability: Blaze
Timid Nature
- Heat Wave
- Psychic
- Nasty Plot
- Protect

Floette-Eternal @ Floettite
Ability: Flower Veil
Modest Nature
- Dazzling Gleam
- Calm Mind
- Draining Kiss
- Protect

Incineroar @ Shuca Berry
Ability: Intimidate
Impish Nature
- Fake Out
- Parting Shot
- Flare Blitz
- Darkest Lariat

Sinistcha @ Kasib Berry
Ability: Hospitality
Calm Nature
- Rage Powder
- Trick Room
- Matcha Gotcha
- Life Dew

Rotom-Wash @ Sitrus Berry
Ability: Levitate
Bold Nature
- Thunderbolt
- Will-O-Wisp
- Electroweb
- Reflect

Kingambit @ Chople Berry
Ability: Defiant
Adamant Nature
- Kowtow Cleave
- Sucker Punch
- Iron Head
- Low Kick",https://play.limitlesstcg.com/tournament/6a32a5ae2d97f3b0c2618621/player/gnius/teamlist
2026-06-18,r/VGC Regulation M-B Kickoff Cup,40,coban072,4-3-0,Metagross,Milotic,Whimsicott,Staraptor,Grimmsnarl,Garchomp,"Metagross @ Metagrossite
Ability: Clear Body
Adamant Nature
- Meteor Mash
- Psychic Fangs
- Psych Up
- Protect

Milotic @ Leftovers
Ability: Competitive
Modest Nature
- Muddy Water
- Life Dew
- Coil
- Hypnosis

Whimsicott @ Focus Sash
Ability: Prankster
Modest Nature
- Moonblast
- Charm
- Encore
- Tailwind

Staraptor @ Staraptite
Ability: Intimidate
Adamant Nature
- Brave Bird
- Close Combat
- Roost
- Protect

Grimmsnarl @ Light Clay
Ability: Prankster
Impish Nature
- Spirit Break
- Reflect
- Light Screen
- Scary Face

Garchomp @ Life Orb
Ability: Rough Skin
Jolly Nature
- Stomping Tantrum
- Dragon Claw
- Rock Slide
- Protect",https://play.limitlesstcg.com/tournament/6a32a5ae2d97f3b0c2618621/player/coban072/teamlist
2026-06-18,r/VGC Regulation M-B Kickoff Cup,41,RamerKing22,4-3-0,Charizard,Garchomp,Kleavor,Weavile,Meowstic,Gholdengo,"Charizard @ Charizardite Y
Ability: Blaze
Modest Nature
- Protect
- Solar Beam
- Air Slash
- Heat Wave

Garchomp @ Life Orb
Ability: Rough Skin
Jolly Nature
- Dragon Claw
- Rock Slide
- Earthquake
- Protect

Kleavor @ Sitrus Berry
Ability: Sharpness
Jolly Nature
- X-Scissor
- Stone Axe
- Feint
- Protect

Weavile @ Focus Sash
Ability: Pressure
Jolly Nature
- Protect
- Low Sweep
- Knock Off
- Icicle Crash

Meowstic @ Leftovers
Ability: Prankster
Calm Nature
- Quick Guard
- Charm
- Thunder Wave
- Psychic

Gholdengo @ White Herb
Ability: Good as Gold
Timid Nature
- Make It Rain
- Shadow Ball
- Thunderbolt
- Protect",https://play.limitlesstcg.com/tournament/6a32a5ae2d97f3b0c2618621/player/ramerking22/teamlist
2026-06-18,r/VGC Regulation M-B Kickoff Cup,42,HADES055,4-2-0,Dragalge,Musharna,Incineroar,Ninetales-Alola,Milotic,Ceruledge,"Dragalge @ Dragalgite
Ability: Adaptability
Quiet Nature
- Sludge Bomb
- Dragon Pulse
- Haze
- Protect

Musharna @ Light Clay
Ability: Telepathy
Bold Nature
- Moonblast
- Light Screen
- Reflect
- Trick Room

Incineroar @ Sitrus Berry
Ability: Intimidate
Impish Nature
- Flare Blitz
- Throat Chop
- Fake Out
- Parting Shot

Ninetales-Alola @ Focus Sash
Ability: Snow Warning
Timid Nature
- Blizzard
- Icy Wind
- Freeze-Dry
- Protect

Milotic @ Leftovers
Ability: Competitive
Modest Nature
- Coil
- Muddy Water
- Hypnosis
- Recover

Ceruledge @ Colbur Berry
Ability: Flash Fire
Adamant Nature
- Bitter Blade
- Shadow Sneak
- Swords Dance
- Protect",https://play.limitlesstcg.com/tournament/6a32a5ae2d97f3b0c2618621/player/hades055/teamlist
2026-06-18,r/VGC Regulation M-B Kickoff Cup,43,Bob C,4-2-0,Sneasler,Maushold,Gholdengo,Whimsicott,Delphox,Incineroar,"Sneasler @ White Herb
Ability: Pressure
Jolly Nature
- Protect
- Dire Claw
- Close Combat
- Fake Out

Maushold @ Wide Lens
Ability: Technician
Jolly Nature
- Protect
- Tidy Up
- Bite
- Population Bomb

Gholdengo @ Life Orb
Ability: Good as Gold
Modest Nature
- Protect
- Nasty Plot
- Shadow Ball
- Make It Rain

Whimsicott @ Focus Sash
Ability: Prankster
Timid Nature
- Protect
- Moonblast
- Fake Tears
- Tailwind

Delphox @ Delphoxite
Ability: Blaze
Timid Nature
- Protect
- Nasty Plot
- Psychic
- Heat Wave

Incineroar @ Sitrus Berry
Ability: Blaze
Careful Nature
- Fake Out
- Flare Blitz
- Throat Chop
- Parting Shot",https://play.limitlesstcg.com/tournament/6a32a5ae2d97f3b0c2618621/player/bob_cronnelly/teamlist
2026-06-18,r/VGC Regulation M-B Kickoff Cup,44,T5,4-3-0,Basculegion,Staraptor,Metagross,Sinistcha,Whimsicott,Grimmsnarl,"Basculegion @ Life Orb
Ability: Adaptability
Jolly Nature
- Aqua Jet
- Wave Crash
- Protect
- Last Respects

Staraptor @ Staraptite
Ability: Intimidate
Adamant Nature
- Protect
- Close Combat
- Brave Bird
- Roost

Metagross @ Metagrossite
Ability: Clear Body
Adamant Nature
- Psychic Fangs
- Meteor Mash
- Protect
- Body Press

Sinistcha @ Sitrus Berry
Ability: Hospitality
Modest Nature
- Strength Sap
- Matcha Gotcha
- Rage Powder
- Protect

Whimsicott @ Focus Sash
Ability: Prankster
Bold Nature
- Moonblast
- Tailwind
- Charm
- Encore

Grimmsnarl @ Light Clay
Ability: Prankster
Hardy Nature
- Spirit Break
- Reflect
- Light Screen
- Parting Shot",https://play.limitlesstcg.com/tournament/6a32a5ae2d97f3b0c2618621/player/t5/teamlist
2026-06-18,r/VGC Regulation M-B Kickoff Cup,45,Untold_x,4-3-0,Raichu,Tsareena,Kingambit,Salazzle,Swampert,Pelipper,"Raichu @ Raichunite Y
Ability: Lightning Rod
Hasty Nature
- Zap Cannon
- Focus Blast
- Fake Out
- Protect

Tsareena @ Wide Lens
Ability: Queenly Majesty
Adamant Nature
- Triple Axel
- Power Whip
- Swagger
- Protect

Kingambit @ Black Glasses
Ability: Defiant
Adamant Nature
- Kowtow Cleave
- Sucker Punch
- Swords Dance
- Protect

Salazzle @ Life Orb
Ability: Corrosion
Hasty Nature
- Sludge Bomb
- Burning Jealousy
- Disable
- Fake Out

Swampert @ Swampertite
Ability: Damp
Adamant Nature
- Wave Crash
- High Horsepower
- Ice Punch
- Protect

Pelipper @ Focus Sash
Ability: Drizzle
Modest Nature
- Hurricane
- Weather Ball
- Tailwind
- Protect",https://play.limitlesstcg.com/tournament/6a32a5ae2d97f3b0c2618621/player/untold_x/teamlist
2026-06-18,r/VGC Regulation M-B Kickoff Cup,46,OttaM97,4-3-0,Raichu,Staraptor,Tyranitar,Excadrill,Basculegion,Sinistcha,"Raichu @ Shuca Berry
Ability: Lightning Rod
Timid Nature
- Fake Out
- Encore
- Volt Switch
- Charm

Staraptor @ Staraptite
Ability: Intimidate
Jolly Nature
- Dual Wingbeat
- Close Combat
- Roost
- Protect

Tyranitar @ Tyranitarite
Ability: Sand Stream
Adamant Nature
- Rock Slide
- Knock Off
- Low Kick
- Protect

Excadrill @ Focus Sash
Ability: Sand Rush
Adamant Nature
- Rock Slide
- Earthquake
- Iron Head
- Protect

Basculegion @ Choice Scarf
Ability: Adaptability
Adamant Nature
- Wave Crash
- Last Respects
- Flip Turn
- Aqua Jet

Sinistcha @ Sitrus Berry
Ability: Hospitality
Calm Nature
- Matcha Gotcha
- Life Dew
- Rage Powder
- Trick Room",https://play.limitlesstcg.com/tournament/6a32a5ae2d97f3b0c2618621/player/ottam97/teamlist
2026-06-18,r/VGC Regulation M-B Kickoff Cup,47,Norac,4-3-0,Staraptor,Kingambit,Glimmora,Whimsicott,Garchomp,Ninetales-Alola,"Staraptor @ Staraptite
Ability: Intimidate
Jolly Nature
- Brave Bird
- Close Combat
- Protect
- U-turn

Kingambit @ Chople Berry
Ability: Defiant
Adamant Nature
- Kowtow Cleave
- Iron Head
- Protect
- Sucker Punch

Glimmora @ Glimmoranite
Ability: Toxic Debris
Timid Nature
- Sludge Bomb
- Power Gem
- Spiky Shield
- Earth Power

Whimsicott @ Focus Sash
Ability: Prankster
Timid Nature
- Moonblast
- Tailwind
- Protect
- Charm

Garchomp @ Life Orb
Ability: Rough Skin
Adamant Nature
- Stomping Tantrum
- Dragon Claw
- Protect
- Rock Slide

Ninetales-Alola @ Light Clay
Ability: Snow Warning
Timid Nature
- Blizzard
- Freeze-Dry
- Protect
- Aurora Veil",https://play.limitlesstcg.com/tournament/6a32a5ae2d97f3b0c2618621/player/norac/teamlist
2026-06-18,r/VGC Regulation M-B Kickoff Cup,48,MasterAlpaca,4-3-0,Swampert,Pelipper,Archaludon,Sinistcha,Grimmsnarl,Metagross,"Swampert @ Swampertite
Ability: Torrent
Adamant Nature
- High Horsepower
- Wave Crash
- Ice Punch
- Protect

Pelipper @ Sitrus Berry
Ability: Drizzle
Calm Nature
- Tailwind
- Wide Guard
- Weather Ball
- Hurricane

Archaludon @ Leftovers
Ability: Stamina
Bold Nature
- Flash Cannon
- Electro Shot
- Dragon Pulse
- Protect

Sinistcha @ Kasib Berry
Ability: Hospitality
Calm Nature
- Matcha Gotcha
- Rage Powder
- Life Dew
- Protect

Grimmsnarl @ Light Clay
Ability: Prankster
Careful Nature
- Foul Play
- Light Screen
- Reflect
- Parting Shot

Metagross @ Metagrossite
Ability: Clear Body
Adamant Nature
- Iron Head
- Psychic Fangs
- Rock Slide
- Protect",https://play.limitlesstcg.com/tournament/6a32a5ae2d97f3b0c2618621/player/masteralpaca/teamlist
2026-06-18,r/VGC Regulation M-B Kickoff Cup,49,Sans_dav,4-3-0,Scrafty,Farigiraf,Mawile,Torkoal,Rhyperior,Sinistcha,"Scrafty @ Scraftinite
Ability: Intimidate
Adamant Nature
- Fake Out
- Drain Punch
- Knock Off
- Detect

Farigiraf @ Lum Berry
Ability: Armor Tail
Modest Nature
- Trick Room
- Psychic
- Protect
- Helping Hand

Mawile @ Mawilite
Ability: Intimidate
Adamant Nature
- Play Rough
- Iron Head
- Sucker Punch
- Protect

Torkoal @ Charcoal
Ability: Drought
Quiet Nature
- Eruption
- Heat Wave
- Weather Ball
- Protect

Rhyperior @ Life Orb
Ability: Solid Rock
Brave Nature
- Rock Slide
- Ice Punch
- High Horsepower
- Protect

Sinistcha @ Sitrus Berry
Ability: Hospitality
Bold Nature
- Rage Powder
- Trick Room
- Matcha Gotcha
- Protect",https://play.limitlesstcg.com/tournament/6a32a5ae2d97f3b0c2618621/player/sans_dav/teamlist
2026-06-18,r/VGC Regulation M-B Kickoff Cup,50,victoriaisbored,4-3-0,Tinkaton,Farigiraf,Dragonite,Eelektross,Sinistcha,Conkeldurr,"Tinkaton @ Occa Berry
Ability: Mold Breaker
Adamant Nature
- Gigaton Hammer
- Fake Out
- Play Rough
- Encore

Farigiraf @ Mental Herb
Ability: Armor Tail
Quiet Nature
- Trick Room
- Helping Hand
- Psychic
- Protect

Dragonite @ Leftovers
Ability: Inner Focus
Brave Nature
- Dragon Claw
- Thunder Punch
- Protect
- Extreme Speed

Eelektross @ Eelektrossite
Ability: Levitate
Quiet Nature
- Thunder
- Muddy Water
- Flamethrower
- Protect

Sinistcha @ Big Root
Ability: Hospitality
Sassy Nature
- Matcha Gotcha
- Rage Powder
- Life Dew
- Trick Room

Conkeldurr @ Iron Ball
Ability: Guts
Brave Nature
- Earthquake
- Drain Punch
- Fling
- Knock Off",https://play.limitlesstcg.com/tournament/6a32a5ae2d97f3b0c2618621/player/victoriaisbored/teamlist
2026-06-18,r/VGC Regulation M-B Kickoff Cup,51,Yegorushhka,4-2-0,Floette-Eternal,Delphox,Annihilape,Maushold,Incineroar,Grimmsnarl,"Floette-Eternal @ Floettite
Ability: Flower Veil
Modest Nature
- Moonblast
- Dazzling Gleam
- Calm Mind
- Protect

Delphox @ Delphoxite
Ability: Blaze
Timid Nature
- Heat Wave
- Psyshock
- Nasty Plot
- Protect

Annihilape @ Sitrus Berry
Ability: Defiant
Jolly Nature
- Rage Fist
- Drain Punch
- Bulk Up
- Protect

Maushold @ Chople Berry
Ability: Friend Guard
Timid Nature
- Follow Me
- Beat Up
- Super Fang
- Protect

Incineroar @ Passho Berry
Ability: Intimidate
Impish Nature
- Fake Out
- Parting Shot
- Flare Blitz
- Will-O-Wisp

Grimmsnarl @ Light Clay
Ability: Prankster
Careful Nature
- Spirit Break
- Scary Face
- Light Screen
- Reflect",https://play.limitlesstcg.com/tournament/6a32a5ae2d97f3b0c2618621/player/yegorushhka/teamlist
2026-06-18,r/VGC Regulation M-B Kickoff Cup,52,ScizorGuide,4-3-0,Blaziken,Sneasler,Grimmsnarl,Dragonite,Sinistcha,Staraptor,"Blaziken @ Blazikenite
Ability: Blaze
Adamant Nature
- Blaze Kick
- Flare Blitz
- Close Combat
- Protect

Sneasler @ Mental Herb
Ability: Unburden
Jolly Nature
- Fake Out
- Dire Claw
- Close Combat
- U-turn

Grimmsnarl @ Light Clay
Ability: Prankster
Relaxed Nature
- Foul Play
- Light Screen
- Reflect
- Parting Shot

Dragonite @ Sitrus Berry
Ability: Multiscale
Modest Nature
- Draco Meteor
- Thunder
- Flamethrower
- Blizzard

Sinistcha @ Leftovers
Ability: Hospitality
Sassy Nature
- Matcha Gotcha
- Life Dew
- Rage Powder
- Protect

Staraptor @ Staraptite
Ability: Intimidate
Jolly Nature
- Close Combat
- Brave Bird
- Roost
- Protect",https://play.limitlesstcg.com/tournament/6a32a5ae2d97f3b0c2618621/player/scizorguide/teamlist
2026-06-18,r/VGC Regulation M-B Kickoff Cup,53,12TrillionIQ,4-3-0,Archaludon,Pelipper,Sneasler,Meganium,Basculegion,Mamoswine,"Archaludon @ Leftovers
Ability: Stamina
Tera Type: Normal
Bold Nature
- Electro Shot
- Dragon Pulse
- Flash Cannon
- Protect

Pelipper @ Sitrus Berry
Ability: Drizzle
Tera Type: Water
Calm Nature
- Hurricane
- Weather Ball
- Wide Guard
- Tailwind

Sneasler @ Focus Sash
Ability: Poison Touch
Tera Type: Normal
Jolly Nature
- Dire Claw
- Close Combat
- U-turn
- Fake Out

Meganium @ Meganiumite
Ability: Overgrow
Tera Type: Grass
Modest Nature
- Solar Beam
- Dazzling Gleam
- Weather Ball
- Protect

Basculegion @ Life Orb
Ability: Swift Swim
Tera Type: Water
Adamant Nature
- Psychic Fangs
- Aqua Jet
- Wave Crash
- Last Respects

Mamoswine @ Shell Bell
Ability: Thick Fat
Adamant Nature
- Earthquake
- Rock Slide
- Ice Shard
- Knock Off",https://play.limitlesstcg.com/tournament/6a32a5ae2d97f3b0c2618621/player/12trillioniq/teamlist
2026-06-18,r/VGC Regulation M-B Kickoff Cup,54,AlexisVGC,4-2-0,Gholdengo,Scovillain,Lycanroc-Dusk,Froslass,Hydreigon,Sneasler,"Gholdengo @ Life Orb
Ability: Good as Gold
Timid Nature
- Make It Rain
- Shadow Ball
- Nasty Plot
- Protect

Scovillain @ Scovillainite
Ability: Moody
Bold Nature
- Rage Powder
- Overheat
- Giga Drain
- Protect

Lycanroc-Dusk @ Focus Sash
Ability: Tough Claws
Adamant Nature
- Accelerock
- Close Combat
- Rock Slide
- Protect

Froslass @ Froslassite
Ability: Cursed Body
Modest Nature
- Blizzard
- Aurora Veil
- Shadow Ball
- Protect

Hydreigon @ Choice Scarf
Ability: Levitate
Timid Nature
- Draco Meteor
- Earth Power
- Dark Pulse
- Snarl

Sneasler @ White Herb
Ability: Unburden
Adamant Nature
- Fake Out
- Dire Claw
- Close Combat
- Protect",https://play.limitlesstcg.com/tournament/6a32a5ae2d97f3b0c2618621/player/alexisvgc/teamlist
2026-06-18,r/VGC Regulation M-B Kickoff Cup,55,Lelom,4-3-0,Garchomp,Staraptor,Incineroar,Sinistcha,Grimmsnarl,Mawile,"Garchomp @ Life Orb
Ability: Rough Skin
Adamant Nature
- Rock Slide
- Scale Shot
- Earthquake
- Protect

Staraptor @ Staraptite
Ability: Intimidate
Jolly Nature
- Close Combat
- Brave Bird
- Roost
- Protect

Incineroar @ Sitrus Berry
Ability: Intimidate
Careful Nature
- Parting Shot
- Flare Blitz
- Darkest Lariat
- Fake Out

Sinistcha @ Coba Berry
Ability: Hospitality
Bold Nature
- Matcha Gotcha
- Strength Sap
- Trick Room
- Rage Powder

Grimmsnarl @ Light Clay
Ability: Prankster
Careful Nature
- Fake Out
- Light Screen
- Scary Face
- Parting Shot

Mawile @ Mawilite
Ability: Hyper Cutter
Adamant Nature
- Play Rough
- Iron Head
- Swords Dance
- Protect",https://play.limitlesstcg.com/tournament/6a32a5ae2d97f3b0c2618621/player/lelom/teamlist
2026-06-18,r/VGC Regulation M-B Kickoff Cup,56,Masuda77,3-3-0,Charizard,Raichu,Azumarill,Mamoswine,Sneasler,Sinistcha,"Charizard @ Charizardite Y
Ability: Drought
Tera Type: Fire
Timid Nature
- Heat Wave
- Protect
- Weather Ball
- Solar Beam

Raichu @ Raichunite Y
Ability: No Guard
Timid Nature
- Fake Out
- Zap Cannon
- Focus Blast
- Volt Switch

Azumarill @ Sitrus Berry
Ability: Huge Power
Tera Type: Water
Adamant Nature
- Belly Drum
- Aqua Jet
- Protect
- Play Rough

Mamoswine @ Choice Scarf
Ability: Oblivious
Tera Type: Ice
Jolly Nature
- Ice Shard
- Icicle Crash
- Earthquake
- Rock Slide

Sneasler @ White Herb
Ability: Unburden
Jolly Nature
- Fake Out
- U-turn
- Dire Claw
- Close Combat

Sinistcha @ Leftovers
Ability: Hospitality
Calm Nature
- Shadow Ball
- Matcha Gotcha
- Rage Powder
- Trick Room",https://play.limitlesstcg.com/tournament/6a32a5ae2d97f3b0c2618621/player/masuda77/teamlist
2026-06-18,r/VGC Regulation M-B Kickoff Cup,57,Raci333,3-1-0,Swampert,Pelipper,Archaludon,Kingambit,Annihilape,Incineroar,"Swampert @ Swampertite
Ability: Torrent
Adamant Nature
- Earthquake
- Ice Punch
- Wave Crash
- Protect

Pelipper @ Focus Sash
Ability: Drizzle
Modest Nature
- Hurricane
- Tailwind
- Weather Ball
- Wide Guard

Archaludon @ Leftovers
Ability: Stamina
Modest Nature
- Electro Shot
- Flash Cannon
- Dragon Pulse
- Protect

Kingambit @ Chople Berry
Ability: Defiant
Adamant Nature
- Kowtow Cleave
- Sucker Punch
- Iron Head
- Protect

Annihilape @ Choice Scarf
Ability: Defiant
Adamant Nature
- Rage Fist
- Close Combat
- Thunder Punch
- U-turn

Incineroar @ Sitrus Berry
Ability: Intimidate
Impish Nature
- Fake Out
- Throat Chop
- Flare Blitz
- Parting Shot",https://play.limitlesstcg.com/tournament/6a32a5ae2d97f3b0c2618621/player/raci333/teamlist
2026-06-18,r/VGC Regulation M-B Kickoff Cup,58,Florens44,3-2-0,Staraptor,Metagross,Whimsicott,Incineroar,Rotom-Wash,Garchomp,"Staraptor @ Staraptite
Ability: Intimidate
Jolly Nature
- Close Combat
- Brave Bird
- Roost
- Protect

Metagross @ Metagrossite
Ability: Clear Body
Jolly Nature
- Meteor Mash
- Bullet Punch
- Psychic Fangs
- Protect

Whimsicott @ Focus Sash
Ability: Prankster
Timid Nature
- Moonblast
- Charm
- Encore
- Tailwind

Incineroar @ Sitrus Berry
Ability: Intimidate
Impish Nature
- Flare Blitz
- Throat Chop
- Parting Shot
- Fake Out

Rotom-Wash @ Leftovers
Ability: Levitate
Bold Nature
- Thunderbolt
- Hydro Pump
- Will-O-Wisp
- Protect

Garchomp @ Life Orb
Ability: Rough Skin
Jolly Nature
- Earthquake
- Dragon Claw
- Rock Slide
- Protect",https://play.limitlesstcg.com/tournament/6a32a5ae2d97f3b0c2618621/player/florens44/teamlist
2026-06-18,r/VGC Regulation M-B Kickoff Cup,59,r37tgriuw,3-2-0,Staraptor,Whimsicott,Glimmora,Metagross,Grimmsnarl,Sinistcha,"Staraptor @ Staraptite
Ability: Intimidate
Jolly Nature
- Brave Bird
- Close Combat
- Blaze Kick
- Protect

Whimsicott @ Fairy Feather
Ability: Prankster
Timid Nature
- Tailwind
- Encore
- Charm
- Moonblast

Glimmora @ Focus Sash
Ability: Toxic Debris
Timid Nature
- Sludge Bomb
- Power Gem
- Earth Power
- Spiky Shield

Metagross @ Metagrossite
Ability: Clear Body
Jolly Nature
- Iron Head
- Psychic Fangs
- Stomping Tantrum
- Protect

Grimmsnarl @ Light Clay
Ability: Prankster
Careful Nature
- Reflect
- Light Screen
- Spirit Break
- Parting Shot

Sinistcha @ Sitrus Berry
Ability: Hospitality
Bold Nature
- Rage Powder
- Life Dew
- Strength Sap
- Matcha Gotcha",https://play.limitlesstcg.com/tournament/6a32a5ae2d97f3b0c2618621/player/r37tgriuw/teamlist
2026-06-18,r/VGC Regulation M-B Kickoff Cup,60,Hunter Scott,3-2-0,Toxapex,Mamoswine,Hydreigon,Charizard,Sneasler,Incineroar,"Toxapex @ Leftovers
Ability: Regenerator
Bold Nature
- Baneful Bunker
- Infestation
- Wide Guard
- Toxic

Mamoswine @ Focus Sash
Ability: Oblivious
Adamant Nature
- Protect
- Icicle Crash
- Earthquake
- Ice Shard

Hydreigon @ Choice Scarf
Ability: Levitate
Modest Nature
- Dark Pulse
- Earth Power
- Snarl
- Draco Meteor

Charizard @ Charizardite Y
Ability: Blaze
Timid Nature
- Protect
- Heat Wave
- Solar Beam
- Weather Ball

Sneasler @ White Herb
Ability: Unburden
Jolly Nature
- Protect
- Close Combat
- Fake Out
- Dire Claw

Incineroar @ Sitrus Berry
Ability: Intimidate
Impish Nature
- Fake Out
- Parting Shot
- Flare Blitz
- Throat Chop",https://play.limitlesstcg.com/tournament/6a32a5ae2d97f3b0c2618621/player/bighunt18/teamlist
2026-06-18,r/VGC Regulation M-B Kickoff Cup,61,aSmolOstrich,3-3-0,Overqwil,Meganium,Archaludon,Swampert,Pelipper,Sableye,"Overqwil @ Focus Sash
Ability: Swift Swim
Adamant Nature
- Protect
- Acid Spray
- Poison Jab
- Throat Chop

Meganium @ Meganiumite
Ability: Leaf Guard
Modest Nature
- Solar Beam
- Weather Ball
- Dazzling Gleam
- Protect

Archaludon @ Leftovers
Ability: Stamina
Modest Nature
- Electro Shot
- Dragon Pulse
- Flash Cannon
- Protect

Swampert @ Swampertite
Ability: Torrent
Adamant Nature
- Earthquake
- Wave Crash
- Protect
- High Horsepower

Pelipper @ Sitrus Berry
Ability: Drizzle
Modest Nature
- Weather Ball
- Hurricane
- Tailwind
- Helping Hand

Sableye @ Roseli Berry
Ability: Prankster
Careful Nature
- Encore
- Rain Dance
- Will-O-Wisp
- Swagger",https://play.limitlesstcg.com/tournament/6a32a5ae2d97f3b0c2618621/player/asmolostrich/teamlist
2026-06-18,r/VGC Regulation M-B Kickoff Cup,62,cowsmoogo,3-3-0,Scrafty,Gardevoir,Aerodactyl,Gholdengo,Grimmsnarl,Sinistcha,"Scrafty @ Scraftinite
Ability: Intimidate
Adamant Nature
- Protect
- Fake Out
- Close Combat
- Throat Chop

Gardevoir @ Gardevoirite
Ability: Trace
Modest Nature
- Protect
- Hyper Voice
- Moonblast
- Psychic

Aerodactyl @ Focus Sash
Ability: Unnerve
Jolly Nature
- Tailwind
- Protect
- Rock Slide
- Dual Wingbeat

Gholdengo @ Life Orb
Ability: Good as Gold
Modest Nature
- Protect
- Make It Rain
- Shadow Ball
- Focus Blast

Grimmsnarl @ Light Clay
Ability: Prankster
Impish Nature
- Reflect
- Light Screen
- Fake Out
- Foul Play

Sinistcha @ Sitrus Berry
Ability: Hospitality
Modest Nature
- Trick Room
- Matcha Gotcha
- Rage Powder
- Protect",https://play.limitlesstcg.com/tournament/6a32a5ae2d97f3b0c2618621/player/cowsmoogo/teamlist
2026-06-18,r/VGC Regulation M-B Kickoff Cup,63,ISOperimetrico,3-2-0,Metagross,Aerodactyl,Kommo-O,Sylveon,Incineroar,Rotom-Wash,"Metagross @ Metagrossite
Ability: Clear Body
Adamant Nature
- Iron Head
- Psychic Fangs
- Stomping Tantrum
- Protect

Aerodactyl @ Aerodactylite
Ability: Unnerve
Jolly Nature
- Rock Slide
- Dual Wingbeat
- Tailwind
- Protect

Kommo-O @ Leftovers
Ability: Soundproof
Modest Nature
- Aura Sphere
- Clanging Scales
- Clangorous Soul
- Protect

Sylveon @ Fairy Feather
Ability: Pixilate
Modest Nature
- Hyper Voice
- Quick Attack
- Hyper Beam
- Detect

Incineroar @ Passho Berry
Ability: Intimidate
Impish Nature
- Flare Blitz
- Throat Chop
- Parting Shot
- Fake Out

Rotom-Wash @ Sitrus Berry
Ability: Levitate
Bold Nature
- Thunderbolt
- Hydro Pump
- Will-O-Wisp
- Light Screen",https://play.limitlesstcg.com/tournament/6a32a5ae2d97f3b0c2618621/player/isoperimetrico/teamlist
2026-06-18,r/VGC Regulation M-B Kickoff Cup,64,pepe1994,3-3-0,Swampert,Grimmsnarl,Pelipper,Archaludon,Sinistcha,Floette-Eternal,"Swampert @ Swampertite
Ability: Damp
Adamant Nature
- Wave Crash
- Earthquake
- Ice Punch
- Protect

Grimmsnarl @ Roseli Berry
Ability: Prankster
Careful Nature
- Foul Play
- Parting Shot
- Reflect
- Light Screen

Pelipper @ Sitrus Berry
Ability: Drizzle
Modest Nature
- Hurricane
- Weather Ball
- Tailwind
- Wide Guard

Archaludon @ Leftovers
Ability: Stamina
Modest Nature
- Electro Shot
- Dragon Pulse
- Flash Cannon
- Protect

Sinistcha @ Coba Berry
Ability: Hospitality
Relaxed Nature
- Matcha Gotcha
- Rage Powder
- Life Dew
- Protect

Floette-Eternal @ Floettite
Ability: Flower Veil
Modest Nature
- Moonblast
- Dazzling Gleam
- Calm Mind
- Protect",https://play.limitlesstcg.com/tournament/6a32a5ae2d97f3b0c2618621/player/pepe1994/teamlist
2026-06-18,r/VGC Regulation M-B Kickoff Cup,65,shaikhvgc786,3-4-0,Farigiraf,Clawitzer,Vivillon,Pyroar,Ninetales-Alola,Mawile,"Farigiraf @ Sitrus Berry
Ability: Armor Tail
Quiet Nature
- Psychic
- Hyper Voice
- Trick Room
- Protect

Clawitzer @ Life Orb
Ability: Mega Launcher
Quiet Nature
- Dark Pulse
- Aura Sphere
- Dragon Pulse
- Muddy Water

Vivillon @ Focus Sash
Ability: Friend Guard
Timid Nature
- Sleep Powder
- Hurricane
- Rage Powder
- Protect

Pyroar @ Pyroarite
Ability: Unnerve
Timid Nature
- Heat Wave
- Overheat
- Protect
- Helping Hand

Ninetales-Alola @ Never-Melt Ice
Ability: Snow Warning
Timid Nature
- Encore
- Blizzard
- Freeze-Dry
- Protect

Mawile @ Mawilite
Ability: Hyper Cutter
Brave Nature
- Iron Head
- Play Rough
- Sucker Punch
- Protect",https://play.limitlesstcg.com/tournament/6a32a5ae2d97f3b0c2618621/player/shaikhvgc786/teamlist
2026-06-18,r/VGC Regulation M-B Kickoff Cup,66,Heisenbread,3-1-0,Staraptor,Incineroar,Sinistcha,Delphox,Kingambit,Grimmsnarl,"Staraptor @ Staraptite
Ability: Intimidate
Adamant Nature
- Brave Bird
- Close Combat
- Roost
- Protect

Incineroar @ Sitrus Berry
Ability: Intimidate
Careful Nature
- Flare Blitz
- Throat Chop
- Parting Shot
- Fake Out

Sinistcha @ Kasib Berry
Ability: Hospitality
Calm Nature
- Matcha Gotcha
- Rage Powder
- Life Dew
- Trick Room

Delphox @ Delphoxite
Ability: Blaze
Timid Nature
- Heat Wave
- Psyshock
- Nasty Plot
- Protect

Kingambit @ Chople Berry
Ability: Defiant
Adamant Nature
- Kowtow Cleave
- Sucker Punch
- Low Kick
- Iron Head

Grimmsnarl @ Light Clay
Ability: Prankster
Impish Nature
- Fake Out
- Spirit Break
- Light Screen
- Scary Face",https://play.limitlesstcg.com/tournament/6a32a5ae2d97f3b0c2618621/player/heisenbread/teamlist
2026-06-18,r/VGC Regulation M-B Kickoff Cup,67,Kouseivlr,3-2-0,Froslass,Dragonite,Garchomp,Sneasler,Kingambit,Basculegion,"Froslass @ Froslassite
Ability: Cursed Body
Modest Nature
- Blizzard
- Shadow Ball
- Aurora Veil
- Protect

Dragonite @ Dragoninite
Ability: Multiscale
Modest Nature
- Dragon Pulse
- Thunderbolt
- Flamethrower
- Protect

Garchomp @ Life Orb
Ability: Rough Skin
Jolly Nature
- Earthquake
- Dragon Claw
- Rock Slide
- Protect

Sneasler @ White Herb
Ability: Unburden
Adamant Nature
- Fake Out
- Dire Claw
- Close Combat
- Protect

Kingambit @ Chople Berry
Ability: Defiant
Adamant Nature
- Sucker Punch
- Kowtow Cleave
- Low Kick
- Iron Head

Basculegion @ Focus Sash
Ability: Adaptability
Adamant Nature
- Last Respects
- Liquidation
- Aqua Jet
- Protect",https://play.limitlesstcg.com/tournament/6a32a5ae2d97f3b0c2618621/player/kouseivlr/teamlist
2026-06-18,r/VGC Regulation M-B Kickoff Cup,68,Osias777,3-4-0,Gholdengo,Charizard,Whimsicott,Garchomp,Staraptor,Grimmsnarl,"Gholdengo @ Life Orb
Ability: Good as Gold
Modest Nature
- Protect
- Shadow Ball
- Make It Rain
- Nasty Plot

Charizard @ Charizardite Y
Ability: Blaze
Modest Nature
- Protect
- Heat Wave
- Solar Beam
- Weather Ball

Whimsicott @ Focus Sash
Ability: Prankster
Timid Nature
- Tailwind
- Sunny Day
- Encore
- Moonblast

Garchomp @ Choice Scarf
Ability: Rough Skin
Adamant Nature
- Rock Slide
- Stomping Tantrum
- Dragon Claw
- Poison Jab

Staraptor @ Staraptite
Ability: Reckless
Adamant Nature
- Brave Bird
- Close Combat
- Blaze Kick
- Roost

Grimmsnarl @ Light Clay
Ability: Prankster
Careful Nature
- Scary Face
- Light Screen
- Spirit Break
- Fake Out",https://play.limitlesstcg.com/tournament/6a32a5ae2d97f3b0c2618621/player/osias777/teamlist
2026-06-18,r/VGC Regulation M-B Kickoff Cup,69,Dansan,3-3-0,Eelektross,Garchomp,Sneasler,Blaziken,Maushold,Ninetales-Alola,"Eelektross @ Eelektrossite
Ability: Levitate
Adamant Nature
- Protect
- Coil
- Supercell Slam
- Drain Punch

Garchomp @ Choice Scarf
Ability: Rough Skin
Jolly Nature
- Rock Slide
- Dragon Claw
- Earthquake
- Stomping Tantrum

Sneasler @ White Herb
Ability: Unburden
Adamant Nature
- Fake Out
- Protect
- Dire Claw
- Close Combat

Blaziken @ Blazikenite
Ability: Speed Boost
Modest Nature
- Protect
- Coaching
- Heat Wave
- Aura Sphere

Maushold @ Wide Lens
Ability: Technician
Jolly Nature
- Protect
- Follow Me
- Population Bomb
- Bite

Ninetales-Alola @ Focus Sash
Ability: Snow Warning
Timid Nature
- Protect
- Moonblast
- Aurora Veil
- Blizzard",https://play.limitlesstcg.com/tournament/6a32a5ae2d97f3b0c2618621/player/dansan/teamlist
2026-06-18,r/VGC Regulation M-B Kickoff Cup,70,oreowithinabox,3-2-0,Metagross,Swampert,Pelipper,Talonflame,Gholdengo,Tsareena,"Metagross @ Metagrossite
Ability: Clear Body
Jolly Nature
- Bullet Punch
- Iron Head
- Psychic Fangs
- Rock Slide

Swampert @ Swampertite
Ability: Damp
Adamant Nature
- Wave Crash
- Liquidation
- Earthquake
- Rock Slide

Pelipper @ Focus Sash
Ability: Drizzle
Timid Nature
- Tailwind
- Protect
- Hurricane
- Weather Ball

Talonflame @ Sharp Beak
Ability: Gale Wings
Jolly Nature
- Tailwind
- Protect
- Rain Dance
- Dual Wingbeat

Gholdengo @ Life Orb
Ability: Good as Gold
Timid Nature
- Make It Rain
- Shadow Ball
- Thunder
- Protect

Tsareena @ Choice Scarf
Ability: Queenly Majesty
Jolly Nature
- U-turn
- Triple Axel
- Knock Off
- Power Whip",https://play.limitlesstcg.com/tournament/6a32a5ae2d97f3b0c2618621/player/oreowithinabox/teamlist
2026-06-18,r/VGC Regulation M-B Kickoff Cup,71,Swamp,3-0-0,Charizard,Garchomp,Whimsicott,Floette-Eternal,Basculegion,Kingambit,"Charizard @ Charizardite Y
Ability: Blaze
Modest Nature
- Heat Wave
- Weather Ball
- Solar Beam
- Protect

Garchomp @ Life Orb
Ability: Rough Skin
Jolly Nature
- Dragon Claw
- Stomping Tantrum
- Rock Slide
- Protect

Whimsicott @ Focus Sash
Ability: Prankster
Timid Nature
- Moonblast
- Tailwind
- Encore
- Protect

Floette-Eternal @ Floettite
Ability: Flower Veil
Timid Nature
- Moonblast
- Dazzling Gleam
- Light of Ruin
- Protect

Basculegion @ Mystic Water
Ability: Adaptability
Adamant Nature
- Last Respects
- Wave Crash
- Aqua Jet
- Protect

Kingambit @ Occa Berry
Ability: Defiant
Adamant Nature
- Kowtow Cleave
- Sucker Punch
- Iron Head
- Protect",https://play.limitlesstcg.com/tournament/6a32a5ae2d97f3b0c2618621/player/swamp/teamlist
2026-06-18,r/VGC Regulation M-B Kickoff Cup,72,bbpkmn,3-4-0,Araquanid,Raichu,Dragonite,Incineroar,Charizard,Garchomp,"Araquanid @ Leftovers
Ability: Water Bubble
Impish Nature
- Liquidation
- Wide Guard
- Soak
- Icy Wind

Raichu @ Raichunite Y
Ability: Lightning Rod
Timid Nature
- Zap Cannon
- Focus Blast
- Volt Switch
- Protect

Dragonite @ Lum Berry
Ability: Multiscale
Timid Nature
- Haze
- Tailwind
- Draco Meteor
- Protect

Incineroar @ Sitrus Berry
Ability: Intimidate
Impish Nature
- Fake Out
- Parting Shot
- Flare Blitz
- Darkest Lariat

Charizard @ Charizardite Y
Ability: Blaze
Timid Nature
- Heat Wave
- Weather Ball
- Solar Beam
- Protect

Garchomp @ Choice Scarf
Ability: Rough Skin
Jolly Nature
- Rock Slide
- Earthquake
- Bulldoze
- Dragon Claw",https://play.limitlesstcg.com/tournament/6a32a5ae2d97f3b0c2618621/player/bbpkmn/teamlist
2026-06-18,r/VGC Regulation M-B Kickoff Cup,73,NoopsinK,3-4-0,Meganium,Pelipper,Archaludon,Palafin,Sneasler,Sylveon,"Meganium @ Meganiumite
Ability: Overgrow
quiet Nature
- Dazzling Gleam
- Solar Blade
- Giga Drain
- Protect

Pelipper @ Focus Sash
Ability: Drizzle
timid Nature
- Hurricane
- Chilling Water
- Tailwind
- U-turn

Archaludon @ Leftovers
Ability: Stamina
modest Nature
- Dragon Pulse
- Flash Cannon
- Electro Shot
- Aura Sphere

Palafin @ Mystic Water
Ability: Zero to Hero
adamant Nature
- Wave Crash
- Jet Punch
- Close Combat
- Protect

Sneasler @ White Herb
Ability: Unburden
adamant Nature
- Fake Out
- Dire Claw
- Close Combat
- Protect

Sylveon @ Lum Berry
Ability: Pixilate
modest Nature
- Hyper Voice
- Shadow Ball
- Draining Kiss
- Protect",https://play.limitlesstcg.com/tournament/6a32a5ae2d97f3b0c2618621/player/noopsink/teamlist
2026-06-18,r/VGC Regulation M-B Kickoff Cup,74,GrassFR,3-1-0,Staraptor,Gholdengo,Sinistcha,Incineroar,Grimmsnarl,Garchomp,"Staraptor @ Staraptite
Ability: Intimidate
Jolly Nature
- Close Combat
- Dual Wingbeat
- Roost
- Protect

Gholdengo @ Choice Scarf
Ability: Good as Gold
Timid Nature
- Make It Rain
- Shadow Ball
- Power Gem
- Steel Beam

Sinistcha @ Sitrus Berry
Ability: Hospitality
Sassy Nature
- Matcha Gotcha
- Strength Sap
- Rage Powder
- Trick Room

Incineroar @ Chople Berry
Ability: Intimidate
Adamant Nature
- Flare Blitz
- Throat Chop
- Parting Shot
- Fake Out

Grimmsnarl @ Light Clay
Ability: Prankster
Careful Nature
- Light Screen
- Reflect
- Fake Tears
- Spirit Break

Garchomp @ Garchompite
Ability: Sand Veil
Adamant Nature
- Dragon Claw
- Earthquake
- Stomping Tantrum
- Protect",https://play.limitlesstcg.com/tournament/6a32a5ae2d97f3b0c2618621/player/grassfr/teamlist
2026-06-18,r/VGC Regulation M-B Kickoff Cup,75,Penguin_1,3-2-0,Charizard,Whimsicott,Garchomp,Sneasler,Maushold,Incineroar,"Charizard @ Charizardite Y
Ability: Blaze
Modest Nature
- Heat Wave
- Solar Beam
- Weather Ball
- Protect

Whimsicott @ Focus Sash
Ability: Prankster
Timid Nature
- Tailwind
- Protect
- Moonblast
- Encore

Garchomp @ Life Orb
Ability: Rough Skin
Adamant Nature
- Dragon Claw
- Earthquake
- Rock Slide
- Stomping Tantrum

Sneasler @ White Herb
Ability: Unburden
Adamant Nature
- Dire Claw
- Close Combat
- Fake Out
- Protect

Maushold @ Chople Berry
Ability: Friend Guard
Jolly Nature
- Follow Me
- Taunt
- Super Fang
- Protect

Incineroar @ Sitrus Berry
Ability: Intimidate
Adamant Nature
- Fake Out
- Flare Blitz
- Parting Shot
- Throat Chop",https://play.limitlesstcg.com/tournament/6a32a5ae2d97f3b0c2618621/player/penguin_1/teamlist
2026-06-18,r/VGC Regulation M-B Kickoff Cup,76,Gotou,3-4-0,Metagross,Floette-Eternal,Talonflame,Garchomp,Sneasler,Ninetales-Alola,"Metagross @ Metagrossite
Ability: Clear Body
Adamant Nature
- Iron Head
- Thunder Punch
- Psychic Fangs
- Protect

Floette-Eternal @ Floettite
Ability: Flower Veil
Modest Nature
- Moonblast
- Dazzling Gleam
- Light of Ruin
- Protect

Talonflame @ Sharp Beak
Ability: Gale Wings
Adamant Nature
- Tailwind
- Dual Wingbeat
- Flare Blitz
- Protect

Garchomp @ Life Orb
Ability: Rough Skin
Jolly Nature
- Dragon Claw
- Rock Slide
- Earthquake
- Protect

Sneasler @ Focus Sash
Ability: Poison Touch
Jolly Nature
- Fake Out
- Close Combat
- Dire Claw
- Coaching

Ninetales-Alola @ Never-Melt Ice
Ability: Snow Warning
Timid Nature
- Blizzard
- Freeze-Dry
- Encore
- Protect",https://play.limitlesstcg.com/tournament/6a32a5ae2d97f3b0c2618621/player/gotou/teamlist
2026-06-18,r/VGC Regulation M-B Kickoff Cup,77,Jayisdecent,3-2-0,Swampert,Pelipper,Archaludon,Venusaur,Basculegion,Annihilape,"Swampert @ Swampertite
Ability: Swift Swim
Adamant Nature
- Wave Crash
- High Horsepower
- Earthquake
- Protect

Pelipper @ Life Orb
Ability: Drizzle
Modest Nature
- Weather Ball
- Hurricane
- Tailwind
- Protect

Archaludon @ Leftovers
Ability: Stamina
Modest Nature
- Electro Shot
- Dragon Pulse
- Flash Cannon
- Protect

Venusaur @ Venusaurite
Ability: Thick Fat
Modest Nature
- Giga Drain
- Sludge Bomb
- Earth Power
- Protect

Basculegion @ Choice Scarf
Ability: Adaptability
Jolly Nature
- Wave Crash
- Last Respects
- Flip Turn
- Aqua Jet

Annihilape @ Focus Sash
Ability: Defiant
Jolly Nature
- Close Combat
- Coaching
- Shadow Claw
- Taunt",https://play.limitlesstcg.com/tournament/6a32a5ae2d97f3b0c2618621/player/jayisdecent/teamlist
2026-06-18,r/VGC Regulation M-B Kickoff Cup,78,Crispytoesss,3-4-0,Dragonite,Kangaskhan,Sinistcha,Basculegion,Scrafty,Floette-Eternal,"Dragonite @ Dragon Fang
Ability: Inner Focus
Adamant Nature
- Tailwind
- Scale Shot
- Extreme Speed
- Brick Break

Kangaskhan @ Chople Berry
Ability: Scrappy
Naughty Nature
- Fake Out
- Sucker Punch
- Drain Punch
- Double-Edge

Sinistcha @ Sitrus Berry
Ability: Hospitality
Bold Nature
- Life Dew
- Matcha Gotcha
- Rage Powder
- Trick Room

Basculegion @ Choice Scarf
Ability: Adaptability
Jolly Nature
- Aqua Jet
- Flip Turn
- Wave Crash
- Last Respects

Scrafty @ Scraftinite
Ability: Intimidate
Adamant Nature
- Fake Out
- Close Combat
- Knock Off
- Protect

Floette-Eternal @ Floettite
Ability: Flower Veil
Modest Nature
- Calm Mind
- Moonblast
- Dazzling Gleam
- Protect",https://play.limitlesstcg.com/tournament/6a32a5ae2d97f3b0c2618621/player/crispytoesss/teamlist
2026-06-18,r/VGC Regulation M-B Kickoff Cup,79,AD_pirate,3-2-0,Metagross,Grimmsnarl,Archaludon,Scolipede,Swampert,Pelipper,"Metagross @ Metagrossite
Ability: Clear Body
Adamant Nature
- Protect
- Meteor Mash
- Psychic fangs
- Rock Slide

Grimmsnarl @ Light Clay
Ability: Prankster
Sassy Nature
- Fake Out
- Reflect
- Light Screen
- Spirit Break

Archaludon @ Leftovers
Ability: Sturdy
Modest Nature
- Electro Shot
- Aura Sphere
- Dragon Pulse
- Protect

Scolipede @ Life Orb
Ability: Speed Boost
Adamant Nature
- Cross Poison
- Leech Life
- Trailblaze
- Protect

Swampert @ Swampertite
Ability: Damp
Adamant Nature
- Wave Crash
- Stomping Tantrum
- Ice Punch
- Protect

Pelipper @ Damp Rock
Ability: Drizzle
Bold Nature
- Wide Guard
- Tailwind
- Weather Ball
- Hurricane",https://play.limitlesstcg.com/tournament/6a32a5ae2d97f3b0c2618621/player/ad_pirate/teamlist
2026-06-18,r/VGC Regulation M-B Kickoff Cup,80,Dorked,3-3-0,Charizard,Sinistcha,Floette-Eternal,Grimmsnarl,Incineroar,Annihilape,"Charizard @ Charizardite X
Ability: Blaze
Adamant Nature
- Flare Blitz
- Breaking Swipe
- Dragon Dance
- Protect

Sinistcha @ Sitrus Berry
Ability: Hospitality
Bold Nature
- Matcha Gotcha
- Life Dew
- Rage Powder
- Trick Room

Floette-Eternal @ Floettite
Ability: Flower Veil
Bold Nature
- Protect
- Calm Mind
- Moonblast
- Draining Kiss

Grimmsnarl @ Light Clay
Ability: Prankster
Impish Nature
- Fake Out
- Light Screen
- Reflect
- Foul Play

Incineroar @ Chople Berry
Ability: Intimidate
Careful Nature
- Fake Out
- Flare Blitz
- Taunt
- Parting Shot

Annihilape @ Leftovers
Ability: Defiant
Jolly Nature
- Protect
- Rage Fist
- Drain Punch
- Coaching",https://play.limitlesstcg.com/tournament/6a32a5ae2d97f3b0c2618621/player/dorked/teamlist
2026-06-18,r/VGC Regulation M-B Kickoff Cup,81,Jdv1,3-3-0,Eelektross,Garchomp,Basculegion,Scolipede,Incineroar,Whimsicott,"Eelektross @ Eelektrossite
Ability: Levitate
Modest Nature
- Thunderbolt
- Dragon Pulse
- Flash Cannon
- Protect

Garchomp @ Choice Scarf
Ability: Rough Skin
Adamant Nature
- Earthquake
- Dragon Claw
- Stomping Tantrum
- Rock Slide

Basculegion @ Life Orb
Ability: Adaptability
Adamant Nature
- Wave Crash
- Last Respects
- Aqua Jet
- Protect

Scolipede @ Scolipite
Ability: Speed Boost
Jolly Nature
- Leech Life
- Gunk Shot
- Protect
- Swords Dance

Incineroar @ Sitrus Berry
Ability: Intimidate
Impish Nature
- Fake Out
- Parting Shot
- Flare Blitz
- Brutal Swing

Whimsicott @ Focus Sash
Ability: Prankster
Timid Nature
- Tailwind
- Encore
- Fake Tears
- Moonblast",https://play.limitlesstcg.com/tournament/6a32a5ae2d97f3b0c2618621/player/jdv1/teamlist
2026-06-18,r/VGC Regulation M-B Kickoff Cup,82,Tabs11,3-2-0,Raichu,Whimsicott,Ninetales-Alola,Charizard,Garchomp,Basculegion,"Raichu @ Raichunite Y
Ability: Lightning Rod
Timid Nature
- Zap Cannon
- Focus Blast
- Grass Knot
- Protect

Whimsicott @ Focus Sash
Ability: Prankster
Timid Nature
- Tailwind
- Moonblast
- Encore
- Protect

Ninetales-Alola @ Life Orb
Ability: Snow Warning
Timid Nature
- Blizzard
- Icy Wind
- Protect
- Encore

Charizard @ Charizardite Y
Ability: Blaze
Modest Nature
- Heat Wave
- Weather Ball
- Solar Beam
- Protect

Garchomp @ Expert Belt
Ability: Rough Skin
Adamant Nature
- Dragon Claw
- Earthquake
- Rock Slide
- Poison Jab

Basculegion @ Mystic Water
Ability: Adaptability
Adamant Nature
- Wave Crash
- Last Respects
- Aqua Jet
- Protect",https://play.limitlesstcg.com/tournament/6a32a5ae2d97f3b0c2618621/player/tabs11/teamlist
2026-06-18,r/VGC Regulation M-B Kickoff Cup,83,Fernando R,3-2-0,Malamar,Whimsicott,Incineroar,Sinistcha,Garchomp,Glimmora,"Malamar @ Malamarite
Ability: Contrary
Adamant Nature
- Protect
- Superpower
- Psycho Cut
- Knock Off

Whimsicott @ Coba Berry
Ability: Prankster
Bold Nature
- Protect
- Encore
- Tailwind
- Moonblast

Incineroar @ Chople Berry
Ability: Intimidate
Impish Nature
- Fake Out
- Parting Shot
- Flare Blitz
- Will-O-Wisp

Sinistcha @ Sitrus Berry
Ability: Hospitality
Calm Nature
- Protect
- Life Dew
- Rage Powder
- Matcha Gotcha

Garchomp @ Life Orb
Ability: Rough Skin
Adamant Nature
- Protect
- Dragon Claw
- Stomping Tantrum
- Rock Slide

Glimmora @ Focus Sash
Ability: Toxic Debris
Modest Nature
- Spiky Shield
- Power Gem
- Sludge Bomb
- Earth Power",https://play.limitlesstcg.com/tournament/6a32a5ae2d97f3b0c2618621/player/shane/teamlist
2026-06-18,r/VGC Regulation M-B Kickoff Cup,84,LethalCharybdis,3-3-0,Incineroar,Raichu,Kangaskhan,Ninetales-Alola,Scovillain,Basculegion,"Incineroar @ Sitrus Berry
Ability: Intimidate
Impish Nature
- Fake Out
- Flare Blitz
- Darkest Lariat
- Parting Shot

Raichu @ Raichunite Y
Ability: Lightning Rod
Modest Nature
- Zap Cannon
- Focus Blast
- Volt Switch
- Fake Out

Kangaskhan @ Silk Scarf
Ability: Scrappy
Adamant Nature
- Fake Out
- Last Resort

Ninetales-Alola @ Light Clay
Ability: Snow Warning
Bold Nature
- Aurora Veil
- Blizzard
- Dazzling Gleam
- Protect

Scovillain @ Scovillainite
Ability: Moody
Calm Nature
- Giga Drain
- Rage Powder
- Protect
- Leech Seed

Basculegion @ Choice Scarf
Ability: Adaptability
Adamant Nature
- Last Respects
- Wave Crash
- Flip Turn
- Aqua Jet",https://play.limitlesstcg.com/tournament/6a32a5ae2d97f3b0c2618621/player/lethalcharybdis/teamlist
2026-06-18,r/VGC Regulation M-B Kickoff Cup,85,AngelAeon,3-4-0,Mawile,Incineroar,Farigiraf,Rhyperior,Primarina,Sinistcha,"Mawile @ Mawilite
Ability: Intimidate
Adamant Nature
- Play Rough
- Iron Head
- Sucker Punch
- Protect

Incineroar @ Charcoal
Ability: Intimidate
Brave Nature
- Flare Blitz
- Throat Chop
- Fake Out
- Parting Shot

Farigiraf @ Leftovers
Ability: Armor Tail
Sassy Nature
- Twin Beam
- Helping Hand
- Trick Room
- Protect

Rhyperior @ Rindo Berry
Ability: Solid Rock
Brave Nature
- Rock Slide
- High Horsepower
- Ice Punch
- Protect

Primarina @ Life Orb
Ability: Liquid Voice
Modest Nature
- Hyper Voice
- Moonblast
- Ice Beam
- Protect

Sinistcha @ Sitrus Berry
Ability: Hospitality
Sassy Nature
- Matcha Gotcha
- Rage Powder
- Trick Room
- Life Dew",https://play.limitlesstcg.com/tournament/6a32a5ae2d97f3b0c2618621/player/angelaeon/teamlist
2026-06-18,r/VGC Regulation M-B Kickoff Cup,86,Goomyracle,3-4-0,Metagross,Rotom-Heat,Basculegion,Hydreigon,Grimmsnarl,Tinkaton,"Metagross @ Metagrossite
Ability: Clear Body
Jolly Nature
- Psychic Fangs
- Iron Head
- Earthquake
- Protect

Rotom-Heat @ Sitrus Berry
Ability: Levitate
Modest Nature
- Electroweb
- Overheat
- Volt Switch
- Protect

Basculegion @ Choice Scarf
Ability: Adaptability
Jolly Nature
- Wave Crash
- Last Respects
- Flip Turn
- Aqua Jet

Hydreigon @ Life Orb
Ability: Levitate
Timid Nature
- Dark Pulse
- Draco Meteor
- Tailwind
- Protect

Grimmsnarl @ Light Clay
Ability: Prankster
Calm Nature
- Foul Play
- Light Screen
- Reflect
- Swagger

Tinkaton @ Mental Herb
Ability: Own Tempo
Adamant Nature
- Gigaton Hammer
- Play Rough
- Fake Out
- Protect",https://play.limitlesstcg.com/tournament/6a32a5ae2d97f3b0c2618621/player/goomyracle/teamlist
2026-06-18,r/VGC Regulation M-B Kickoff Cup,87,gwendolyte,3-2-0,Sylveon,Charizard,Metagross,Mamoswine,Whimsicott,Basculegion,"Sylveon @ Fairy Feather
Ability: Pixilate
Modest Nature
- Hyper Beam
- Hyper Voice
- Detect
- Quick Attack

Charizard @ Charizardite Y
Ability: Solar Power
Modest Nature
- Heat Wave
- Weather Ball
- Solar Beam
- Protect

Metagross @ Metagrossite
Ability: Clear Body
Jolly Nature
- Meteor Mash
- Rock Slide
- Psychic Fangs
- Protect

Mamoswine @ Choice Scarf
Ability: Oblivious
Jolly Nature
- Ice Shard
- Rock Slide
- Icicle Crash
- High Horsepower

Whimsicott @ Focus Sash
Ability: Prankster
Timid Nature
- Moonblast
- Encore
- Tailwind
- Light Screen

Basculegion @ Life Orb
Ability: Adaptability
Adamant Nature
- Wave Crash
- Protect
- Aqua Jet
- Last Respects",https://play.limitlesstcg.com/tournament/6a32a5ae2d97f3b0c2618621/player/gwendolyte/teamlist
2026-06-18,r/VGC Regulation M-B Kickoff Cup,88,Rainey,3-3-0,Metagross,Swampert,Pelipper,Archaludon,Sableye,Sinistcha,"Metagross @ Metagrossite
Ability: Clear Body
Jolly Nature
- Bullet Punch
- Psychic Fangs
- Rock Slide
- Protect

Swampert @ Swampertite
Ability: Damp
Adamant Nature
- Wave Crash
- High Horsepower
- Ice Punch
- Protect

Pelipper @ Sitrus Berry
Ability: Drizzle
Modest Nature
- Weather Ball
- Hurricane
- Tailwind
- Wide Guard

Archaludon @ Leftovers
Ability: Stamina
Modest Nature
- Electro Shot
- Dragon Pulse
- Flash Cannon
- Protect

Sableye @ Roseli Berry
Ability: Prankster
Serious Nature
- Reflect
- Light Screen
- Rain Dance
- Quash

Sinistcha @ Kasib Berry
Ability: Hospitality
Sassy Nature
- Matcha Gotcha
- Rage Powder
- Life Dew
- Trick Room",https://play.limitlesstcg.com/tournament/6a32a5ae2d97f3b0c2618621/player/rainey/teamlist
2026-06-18,r/VGC Regulation M-B Kickoff Cup,89,safiarter,3-2-0,Staraptor,Annihilape,Whimsicott,Incineroar,Garchomp,Clawitzer,"Staraptor @ Staraptite
Ability: Intimidate
Adamant Nature
- Close Combat
- Brave Bird
- Roost
- Protect

Annihilape @ Leftovers
Ability: Defiant
Adamant Nature
- Rage Fist
- Drain Punch
- Protect
- Bulk Up

Whimsicott @ Focus Sash
Ability: Prankster
Modest Nature
- Moonblast
- Encore
- Tailwind
- Charm

Incineroar @ Sitrus Berry
Ability: Intimidate
Careful Nature
- Flare Blitz
- Darkest Lariat
- Parting Shot
- Fake Out

Garchomp @ Choice Scarf
Ability: Rough Skin
Jolly Nature
- Earthquake
- Dragon Claw
- Rock Slide
- Stomping Tantrum

Clawitzer @ Life Orb
Ability: Mega Launcher
Quiet Nature
- Water Pulse
- Aura Sphere
- Dark Pulse
- Protect",https://play.limitlesstcg.com/tournament/6a32a5ae2d97f3b0c2618621/player/safiarter/teamlist
2026-06-18,r/VGC Regulation M-B Kickoff Cup,90,BigThomsd,3-4-0,Grimmsnarl,Swampert,Pelipper,Archaludon,Sinistcha,Floette-Eternal,"Grimmsnarl @ Light Clay
Ability: Prankster
Careful Nature
- Foul Play
- Parting Shot
- Reflect
- Light Screen

Swampert @ Swampertite
Ability: Damp
Adamant Nature
- Wave Crash
- Earthquake
- Ice Punch
- Protect

Pelipper @ Sitrus Berry
Ability: Drizzle
Modest Nature
- Hurricane
- Weather Ball
- Tailwind
- Wide Guard

Archaludon @ Leftovers
Ability: Stamina
Modest Nature
- Electro Shot
- Dragon Pulse
- Flash Cannon
- Protect

Sinistcha @ Coba Berry
Ability: Hospitality
Relaxed Nature
- Matcha Gotcha
- Rage Powder
- Life Dew
- Protect

Floette-Eternal @ Floettite
Ability: Flower Veil
Modest Nature
- Moonblast
- Dazzling Gleam
- Calm Mind
- Protect",https://play.limitlesstcg.com/tournament/6a32a5ae2d97f3b0c2618621/player/bigthomsd/teamlist
2026-06-18,r/VGC Regulation M-B Kickoff Cup,91,Charlie Minister,3-4-0,Eelektross,Dragonite,Politoed,Whimsicott,Corviknight,Sneasler,"Eelektross @ Eelektrossite
Ability: Levitate
Adamant Nature
- Supercell Slam
- Liquidation
- Coil
- Protect

Dragonite @ Dragoninite
Ability: Multiscale
Modest Nature
- Draco Meteor
- Thunder
- Hurricane
- Protect

Politoed @ Damp Rock
Ability: Drizzle
Timid Nature
- Weather Ball
- Protect
- Rain Dance
- Helping Hand

Whimsicott @ Focus Sash
Ability: Prankster
Timid Nature
- Moonblast
- Encore
- Taunt
- Tailwind

Corviknight @ Sitrus Berry
Ability: Mirror Armor
Impish Nature
- Brave Bird
- Iron Head
- Tailwind
- Protect

Sneasler @ White Herb
Ability: Unburden
Jolly Nature
- Fake Out
- Dire Claw
- Protect
- Close Combat",https://play.limitlesstcg.com/tournament/6a32a5ae2d97f3b0c2618621/player/gramingvgc/teamlist
2026-06-18,r/VGC Regulation M-B Kickoff Cup,92,BramStorteler,3-3-0,Mawile,Farigiraf,Grimmsnarl,Torkoal,Toucannon,Basculegion,"Mawile @ Mawilite
Ability: Intimidate
Brave Nature
- Iron Head
- Play Rough
- Sucker Punch
- Protect

Farigiraf @ Sitrus Berry
Ability: Armor Tail
Calm Nature
- Psychic
- Trick Room
- Helping Hand
- Protect

Grimmsnarl @ Light Clay
Ability: Prankster
Careful Nature
- Spirit Break
- Light Screen
- Reflect
- Parting Shot

Torkoal @ Charcoal
Ability: Drought
Quiet Nature
- Eruption
- Weather Ball
- Earth Power
- Protect

Toucannon @ Focus Sash
Ability: Skill Link
Brave Nature
- Beak Blast
- Bullet Seed
- Rock Blast
- Protect

Basculegion @ Choice Scarf
Ability: Adaptability
Jolly Nature
- Wave Crash
- Last Respects
- Flip Turn
- Aqua Jet",https://play.limitlesstcg.com/tournament/6a32a5ae2d97f3b0c2618621/player/bramstorteler/teamlist
2026-06-18,r/VGC Regulation M-B Kickoff Cup,93,Bubul1e,3-4-0,Incineroar,Basculegion,Garchomp,Talonflame,Staraptor,Metagross,"Incineroar @ Sitrus Berry
Ability: Intimidate
Careful Nature
- Throat Chop
- Protect
- Fake Out
- Parting Shot

Basculegion @ Choice Scarf
Ability: Adaptability
Adamant Nature
- Aqua Jet
- Flip Turn
- Last Respects
- Wave Crash

Garchomp @ Life Orb
Ability: Rough Skin
Adamant Nature
- Rock Slide
- Earthquake
- Dragon Claw
- Protect

Talonflame @ Charti Berry
Ability: Gale Wings
Jolly Nature
- Protect
- Tailwind
- Flare Blitz
- Feather Dance

Staraptor @ Staraptite
Ability: Intimidate
Jolly Nature
- Close Combat
- Brave Bird
- Protect
- Roost

Metagross @ Metagrossite
Ability: Clear Body
Adamant Nature
- Protect
- Psychic Fangs
- Iron Head
- Stomping Tantrum",https://play.limitlesstcg.com/tournament/6a32a5ae2d97f3b0c2618621/player/bubul1e/teamlist
2026-06-18,r/VGC Regulation M-B Kickoff Cup,94,paQs,3-4-0,Staraptor,Sableye,Kangaskhan,Whimsicott,Sinistcha,Floette,"Staraptor @ Staraptite
Ability: Reckless
Adamant Nature
- Close Combat
- Blaze Kick
- Brave Bird
- Protect

Sableye @ Sitrus Berry
Ability: Prankster
Careful Nature
- Light Screen
- Encore
- Reflect
- Disable

Kangaskhan @ Silk Scarf
Ability: Scrappy
Adamant Nature
- Last Resort
- Fake Out

Whimsicott @ Focus Sash
Ability: Prankster
Calm Nature
- Charm
- Giga Drain
- Tailwind
- Sunny Day

Sinistcha @ Bright Powder
Ability: Hospitality
Bold Nature
- Shadow Ball
- Rage Powder
- Life Dew
- Protect

Floette @ Floettite
Ability: Flower Veil
Modest Nature
- Draining Kiss
- Dazzling Gleam
- Calm Mind
- Protect",https://play.limitlesstcg.com/tournament/6a32a5ae2d97f3b0c2618621/player/paqs/teamlist
2026-06-18,r/VGC Regulation M-B Kickoff Cup,95,Conrad500,3-4-0,Sneasler,Overqwil,Venusaur,Toxapex,Salazzle,Beedrill,"Sneasler @ White Herb
Ability: Unburden
Jolly Nature
- Dire Claw
- Fake Out
- Rock Tomb
- Close Combat

Overqwil @ Life Orb
Ability: Intimidate
Jolly Nature
- Crunch
- Gunk Shot
- Aqua Jet
- Swords Dance

Venusaur @ Venusaurite
Ability: Chlorophyll
Timid Nature
- Giga Drain
- Sludge Bomb
- Earth Power
- Protect

Toxapex @ Leftovers
Ability: Regenerator
Bold Nature
- Infestation
- Wide Guard
- Toxic
- Baneful Bunker

Salazzle @ Focus Sash
Ability: Oblivious
Timid Nature
- Fake Out
- Taunt
- Overheat
- Will-O-Wisp

Beedrill @ Beedrillite
Ability: Sniper
Jolly Nature
- Protect
- U-turn
- Poison Jab
- Drill Run",https://play.limitlesstcg.com/tournament/6a32a5ae2d97f3b0c2618621/player/conrad500/teamlist
2026-06-18,r/VGC Regulation M-B Kickoff Cup,96,soh,2-1-0,Charizard,Garchomp,Grimmsnarl,Sylveon,Venusaur,Staraptor,"Charizard @ Charizardite Y
Ability: Solar Power
Modest Nature
- Heat Wave
- Weather Ball
- Solar Beam
- Protect

Garchomp @ Choice Scarf
Ability: Rough Skin
Adamant Nature
- Stomping Tantrum
- Rock Tomb
- Earthquake
- Dragon Claw

Grimmsnarl @ Light Clay
Ability: Prankster
Careful Nature
- Reflect
- Light Screen
- Parting Shot
- Spirit Break

Sylveon @ Leftovers
Ability: Pixilate
Modest Nature
- Yawn
- Moonblast
- Hyper Voice
- Protect

Venusaur @ Life Orb
Ability: Chlorophyll
Modest Nature
- Earth Power
- Sludge Bomb
- Sleep Powder
- Protect

Staraptor @ Staraptite
Ability: Intimidate
Jolly Nature
- Close Combat
- Roost
- Brave Bird
- Protect",https://play.limitlesstcg.com/tournament/6a32a5ae2d97f3b0c2618621/player/soh/teamlist
2026-06-18,r/VGC Regulation M-B Kickoff Cup,97,FarmingSIm2421,2-2-0,Swampert,Incineroar,Tsareena,Pelipper,Grimmsnarl,Sylveon,"Swampert @ Swampertite
Ability: Damp
Adamant Nature
- Wave Crash
- High Horsepower
- Knock Off
- Protect

Incineroar @ Sitrus Berry
Ability: Intimidate
Adamant Nature
- Fake Out
- Flare Blitz
- Throat Chop
- Parting Shot

Tsareena @ Choice Scarf
Ability: Queenly Majesty
Jolly Nature
- Trop Kick
- Triple Axel
- Low Kick
- U-turn

Pelipper @ Focus Sash
Ability: Drizzle
Timid Nature
- Protect
- Tailwind
- Weather Ball
- Hurricane

Grimmsnarl @ Light Clay
Ability: Prankster
Impish Nature
- Reflect
- Light Screen
- Parting Shot
- Spirit Break

Sylveon @ Fairy Feather
Ability: Pixilate
Modest Nature
- Detect
- Quick Attack
- Hyper Voice
- Hyper Beam",https://play.limitlesstcg.com/tournament/6a32a5ae2d97f3b0c2618621/player/farmingsim2421/teamlist
2026-06-18,r/VGC Regulation M-B Kickoff Cup,98,Zephyr0811,2-1-0,Metagross,Talonflame,Garchomp,Sinistcha,Sneasler,Floette-Eternal,"Metagross @ Metagrossite
Ability: Clear Body
Jolly Nature
- Psychic Fangs
- Iron Head
- Ice Punch
- Protect

Talonflame @ Sharp Beak
Ability: Gale Wings
Jolly Nature
- Dual Wingbeat
- Tailwind
- Taunt
- Protect

Garchomp @ Life Orb
Ability: Rough Skin
Adamant Nature
- Rock Slide
- Dragon Claw
- Earthquake
- Protect

Sinistcha @ Kasib Berry
Ability: Hospitality
Bold Nature
- Matcha Gotcha
- Rage Powder
- Life Dew
- Protect

Sneasler @ Focus Sash
Ability: Unburden
Adamant Nature
- Dire Claw
- Close Combat
- Fake Out
- Coaching

Floette-Eternal @ Floettite
Ability: Flower Veil
Modest Nature
- Draining Kiss
- Dazzling Gleam
- Calm Mind
- Protect",https://play.limitlesstcg.com/tournament/6a32a5ae2d97f3b0c2618621/player/zephyr0811/teamlist
2026-06-18,r/VGC Regulation M-B Kickoff Cup,99,Miguelowned,2-1-0,Swampert,Pelipper,Archaludon,Sinistcha,Sableye,Sneasler,"Swampert @ Swampertite
Ability: Damp
Adamant Nature
- Wave Crash
- Earthquake
- Ice Punch
- Protect

Pelipper @ Sitrus Berry
Ability: Drizzle
Bold Nature
- Hurricane
- Weather Ball
- Helping Hand
- Tailwind

Archaludon @ Leftovers
Ability: Stamina
Modest Nature
- Dragon Pulse
- Flash Cannon
- Electro Shot
- Protect

Sinistcha @ Kasib Berry
Ability: Hospitality
Bold Nature
- Matcha Gotcha
- Life Dew
- Rage Powder
- Protect

Sableye @ Light Clay
Ability: Prankster
Relaxed Nature
- Encore
- Reflect
- Light Screen
- Rain Dance

Sneasler @ Focus Sash
Ability: Unburden
Jolly Nature
- Fake Out
- Close Combat
- Dire Claw
- Protect",https://play.limitlesstcg.com/tournament/6a32a5ae2d97f3b0c2618621/player/miguelowned/teamlist
2026-06-18,r/VGC Regulation M-B Kickoff Cup,100,RemyX2,2-5-0,Raichu,Annihilape,Whimsicott,Sylveon,Incineroar,Zoroark-Hisui,"Raichu @ Raichunite Y
Ability: Lightning Rod
Timid Nature
- Zap Cannon
- Focus Blast
- Dazzling Gleam
- Protect

Annihilape @ Leftovers
Ability: Defiant
Adamant Nature
- Rage Fist
- Drain Punch
- Bulk Up
- Protect

Whimsicott @ Mental Herb
Ability: Prankster
Timid Nature
- Moonblast
- Tailwind
- Encore
- Beat Up

Sylveon @ Quick Claw
Ability: Pixilate
Modest Nature
- Hyper Voice
- Hyper Beam
- Mystical Fire
- Protect

Incineroar @ Sitrus Berry
Ability: Intimidate
Adamant Nature
- Flare Blitz
- Throat Chop
- Parting Shot
- Fake Out

Zoroark-Hisui @ Focus Sash
Ability: Illusion
Timid Nature
- Bitter Malice
- Icy Wind
- Snarl
- Protect",https://play.limitlesstcg.com/tournament/6a32a5ae2d97f3b0c2618621/player/remyx2/teamlist
2026-06-18,r/VGC Regulation M-B Kickoff Cup,101,Ches,2-1-0,Aerodactyl,Mawile,Sinistcha,Incineroar,Annihilape,Basculegion,"Aerodactyl @ Aerodactylite
Ability: Unnerve
Jolly Nature
- Protect
- Tailwind
- Rock Slide
- Dual Wingbeat

Mawile @ Mawilite
Ability: Intimidate
Adamant Nature
- Protect
- Iron Head
- Play Rough
- Sucker Punch

Sinistcha @ Sitrus Berry
Ability: Hospitality
Calm Nature
- Life Dew
- Rage Powder
- Trick Room
- Matcha Gotcha

Incineroar @ Lum Berry
Ability: Intimidate
Sassy Nature
- Fake Out
- Taunt
- Parting Shot
- Flare Blitz

Annihilape @ Leftovers
Ability: Defiant
Adamant Nature
- Drain Punch
- Rage Fist
- Protect
- Coaching

Basculegion @ Choice Scarf
Ability: Adaptability
Jolly Nature
- Aqua Jet
- Last Respects
- Wave Crash
- Flip Turn",https://play.limitlesstcg.com/tournament/6a32a5ae2d97f3b0c2618621/player/ches/teamlist
2026-06-18,r/VGC Regulation M-B Kickoff Cup,102,lightmre,2-3-0,Whimsicott,Garchomp,Charizard,Floette-Eternal,Basculegion,Kingambit,"Whimsicott @ Focus Sash
Ability: Prankster
Modest Nature
- Protect
- Encore
- Tailwind
- Moonblast

Garchomp @ Sitrus Berry
Ability: Rough Skin
Adamant Nature
- Dragon Claw
- Rock Slide
- Earthquake
- Protect

Charizard @ Charizardite Y
Ability: Blaze
Modest Nature
- Protect
- Heat Wave
- Weather Ball
- Solar Beam

Floette-Eternal @ Floettite
Ability: Flower Veil
Modest Nature
- Light of Ruin
- Protect
- Dazzling Gleam
- Moonblast

Basculegion @ Mystic Water
Ability: Adaptability
Adamant Nature
- Protect
- Last Respects
- Wave Crash
- Aqua Jet

Kingambit @ Life Orb
Ability: Defiant
Adamant Nature
- Protect
- Sucker Punch
- Iron Head
- Kowtow Cleave",https://play.limitlesstcg.com/tournament/6a32a5ae2d97f3b0c2618621/player/lightmre/teamlist
2026-06-18,r/VGC Regulation M-B Kickoff Cup,103,Adam0193,2-3-0,Gengar,Incineroar,Sableye,Ninetales-Alola,Primarina,Sneasler,"Gengar @ Gengarite
Ability: Cursed Body
Timid Nature
- Shadow Ball
- Disable
- Perish Song
- Protect

Incineroar @ Sitrus Berry
Ability: Intimidate
Impish Nature
- Fake Out
- Throat Chop
- Parting Shot
- Protect

Sableye @ Roseli Berry
Ability: Prankster
Careful Nature
- Swagger
- Encore
- Disable
- Detect

Ninetales-Alola @ Focus Sash
Ability: Snow Warning
Timid Nature
- Blizzard
- Encore
- Disable
- Protect

Primarina @ Leftovers
Ability: Liquid Voice
Calm Nature
- Hyper Voice
- Flip Turn
- Perish Song
- Protect

Sneasler @ White Herb
Ability: Unburden
Adamant Nature
- Fake Out
- Close Combat
- Dire Claw
- Protect",https://play.limitlesstcg.com/tournament/6a32a5ae2d97f3b0c2618621/player/adam0193/teamlist
2026-06-18,r/VGC Regulation M-B Kickoff Cup,104,Gioc1902,2-2-0,Sinistcha,Floette-Eternal,Grimmsnarl,Pelipper,Swampert,Archaludon,"Sinistcha @ Coba Berry
Ability: Hospitality
Relaxed Nature
- Matcha Gotcha
- Protect
- Trick Room
- Rage Powder

Floette-Eternal @ Floettite
Ability: Flower Veil
Modest Nature
- Protect
- Dazzling Gleam
- Calm Mind
- Moonblast

Grimmsnarl @ Light Clay
Ability: Prankster
Careful Nature
- Reflect
- Light Screen
- Spirit Break
- Parting Shot

Pelipper @ Sitrus Berry
Ability: Drizzle
Modest Nature
- Weather Ball
- Tailwind
- Hurricane
- Wide Guard

Swampert @ Swampertite
Ability: Torrent
Adamant Nature
- Earthquake
- Ice Punch
- Wave Crash
- Protect

Archaludon @ Leftovers
Ability: Stamina
Modest Nature
- Electro Shot
- Flash Cannon
- Dragon Pulse
- Protect",https://play.limitlesstcg.com/tournament/6a32a5ae2d97f3b0c2618621/player/gioc1902/teamlist
2026-06-18,r/VGC Regulation M-B Kickoff Cup,105,almondspy,2-2-0,Dragonite,Incineroar,Toxapex,Sinistcha,Sneasler,Eelektross,"Dragonite @ Dragoninite
Ability: Multiscale
Modest Nature
- Dragon Pulse
- Thunderbolt
- Flamethrower
- Protect

Incineroar @ Sitrus Berry
Ability: Intimidate
Careful Nature
- Flare Blitz
- Throat Chop
- Fake Out
- Parting Shot

Toxapex @ Leftovers
Ability: Regenerator
Bold Nature
- Toxic
- Infestation
- Recover
- Baneful Bunker

Sinistcha @ Kasib Berry
Ability: Hospitality
Bold Nature
- Matcha Gotcha
- Rage Powder
- Trick Room
- Protect

Sneasler @ Focus Sash
Ability: Unburden
Jolly Nature
- Close Combat
- Dire Claw
- Fake Out
- Throat Chop

Eelektross @ Eelektrossite
Ability: Levitate
Impish Nature
- Wild Charge
- Drain Punch
- Coil
- Protect",https://play.limitlesstcg.com/tournament/6a32a5ae2d97f3b0c2618621/player/almondspy/teamlist
2026-06-18,r/VGC Regulation M-B Kickoff Cup,106,KaydeVGC,2-5-0,Metagross,Maushold,Annihilape,Basculegion,Glimmora,Whimsicott,"Metagross @ Metagrossite
Ability: Clear Body
Adamant Nature
- Bullet Punch
- Stomping Tantrum
- Protect
- Psychic Fangs

Maushold @ Leftovers
Ability: Friend Guard
Calm Nature
- Follow Me
- Beat Up
- Super Fang
- Baby-Doll Eyes

Annihilape @ Sitrus Berry
Ability: Defiant
Adamant Nature
- Rage Fist
- Drain Punch
- Bulk Up
- Protect

Basculegion @ Life Orb
Ability: Adaptability
Adamant Nature
- Last Respects
- Wave Crash
- Aqua Jet
- Protect

Glimmora @ Focus Sash
Ability: Toxic Debris
Modest Nature
- Power Gem
- Sludge Bomb
- Earth Power
- Spiky Shield

Whimsicott @ Fairy Feather
Ability: Prankster
Timid Nature
- Moonblast
- Tailwind
- Encore
- Protect",https://play.limitlesstcg.com/tournament/6a32a5ae2d97f3b0c2618621/player/kaydevgc/teamlist
2026-06-18,r/VGC Regulation M-B Kickoff Cup,107,Ryugami0,2-2-0,Charizard,Whimsicott,Floette-Eternal,Garchomp,Kingambit,Basculegion,"Charizard @ Charizardite Y
Ability: Solar Power
Modest Nature
- Heat Wave
- Weather Ball
- Solar Beam
- Protect

Whimsicott @ Fairy Feather
Ability: Prankster
Bold Nature
- Moonblast
- Charm
- Tailwind
- Protect

Floette-Eternal @ Floettite
Ability: Flower Veil
Timid Nature
- Moonblast
- Dazzling Gleam
- Light of Ruin
- Protect

Garchomp @ Life Orb
Ability: Rough Skin
Adamant Nature
- Earthquake
- Rock Slide
- Dragon Claw
- Protect

Kingambit @ Focus Sash
Ability: Defiant
Adamant Nature
- Kowtow Cleave
- Sucker Punch
- Iron Head
- Low Kick

Basculegion @ Choice Scarf
Ability: Adaptability
Adamant Nature
- Liquidation
- Aqua Jet
- Last Respects
- Flip Turn",https://play.limitlesstcg.com/tournament/6a32a5ae2d97f3b0c2618621/player/ryugami0/teamlist
2026-06-18,r/VGC Regulation M-B Kickoff Cup,108,Schlorb,2-2-0,Metagross,Incineroar,Garchomp,Rotom-Wash,Staraptor,Whimsicott,"Metagross @ Metagrossite
Ability: Clear Body
Jolly Nature
- Meteor Mash
- Bullet Punch
- Psychic Fangs
- Protect

Incineroar @ Sitrus Berry
Ability: Intimidate
Careful Nature
- Flare Blitz
- Fake Out
- Will-O-Wisp
- Parting Shot

Garchomp @ Life Orb
Ability: Sand Veil
Jolly Nature
- Dragon Claw
- Stomping Tantrum
- Poison Jab
- Protect

Rotom-Wash @ Leftovers
Ability: Levitate
Calm Nature
- Hydro Pump
- Thunderbolt
- Volt Switch
- Will-O-Wisp

Staraptor @ Staraptite
Ability: Intimidate
Jolly Nature
- Close Combat
- Brave Bird
- Roost
- Protect

Whimsicott @ Focus Sash
Ability: Prankster
Timid Nature
- Energy Ball
- Charm
- Tailwind
- Encore",https://play.limitlesstcg.com/tournament/6a32a5ae2d97f3b0c2618621/player/schlorb/teamlist
2026-06-18,r/VGC Regulation M-B Kickoff Cup,109,ImTheBigFork,2-2-0,Metagross,Grimmsnarl,Charizard,Sinistcha,Tyranitar,Sneasler,"Metagross @ Lum Berry
Ability: Clear Body
Adamant Nature
- Iron Head
- Body Press
- Psychic Fangs
- Protect

Grimmsnarl @ Wide Lens
Ability: Prankster
Bold Nature
- Fake Out
- Reflect
- Light Screen
- Swagger

Charizard @ Charizardite Y
Ability: Blaze
Modest Nature
- Heat Wave
- Weather Ball
- Protect
- Solar Beam

Sinistcha @ Sitrus Berry
Ability: Hospitality
Calm Nature
- Rage Powder
- Protect
- Matcha Gotcha
- Trick Room

Tyranitar @ Tyranitarite
Ability: Sand Stream
Adamant Nature
- Rock Slide
- Protect
- Knock Off
- Dragon Dance

Sneasler @ White Herb
Ability: Unburden
Jolly Nature
- Coaching
- Fake Out
- Close Combat
- Dire Claw",https://play.limitlesstcg.com/tournament/6a32a5ae2d97f3b0c2618621/player/imthebigfork/teamlist
2026-06-18,r/VGC Regulation M-B Kickoff Cup,110,Ooftugi,2-3-0,Incineroar,Sinistcha,Staraptor,Whimsicott,Metagross,Garchomp,"Incineroar @ Sitrus Berry
Ability: Intimidate
Impish Nature
- Fake Out
- Throat Chop
- Flare Blitz
- Parting Shot

Sinistcha @ Occa Berry
Ability: Hospitality
Calm Nature
- Rage Powder
- Matcha Gotcha
- Life Dew
- Trick Room

Staraptor @ Staraptite
Ability: Intimidate
Jolly Nature
- Close Combat
- U-turn
- Brave Bird
- Protect

Whimsicott @ Focus Sash
Ability: Prankster
Timid Nature
- Moonblast
- Charm
- Encore
- Tailwind

Metagross @ Metagrossite
Ability: Clear Body
Adamant Nature
- Iron Head
- Psychic Fangs
- Protect
- Psych Up

Garchomp @ Life Orb
Ability: Rough Skin
Jolly Nature
- Dragon Claw
- Rock Slide
- Earthquake
- Protect",https://play.limitlesstcg.com/tournament/6a32a5ae2d97f3b0c2618621/player/ooftugi/teamlist
2026-06-18,r/VGC Regulation M-B Kickoff Cup,111,Goldeboy77,2-3-0,Gholdengo,Swampert,Archaludon,Grimmsnarl,Pelipper,Basculegion,"Gholdengo @ Life Orb
Ability: Good as Gold
Modest Nature
- Make It Rain
- Shadow Ball
- Nasty Plot
- Protect

Swampert @ Swampertite
Ability: Torrent
Adamant Nature
- Wave Crash
- Flip Turn
- High Horsepower
- Protect

Archaludon @ Leftovers
Ability: Stamina
Modest Nature
- Electro Shot
- Dragon Pulse
- Flash Cannon
- Protect

Grimmsnarl @ Light Clay
Ability: Prankster
Careful Nature
- Spirit Break
- Light Screen
- Parting Shot
- Fake Out

Pelipper @ Sitrus Berry
Ability: Drizzle
Calm Nature
- Weather Ball
- Hurricane
- Tailwind
- Wide Guard

Basculegion @ Choice Scarf
Ability: Adaptability
Jolly Nature
- Wave Crash
- Last Respects
- Flip Turn
- Aqua Jet",https://play.limitlesstcg.com/tournament/6a32a5ae2d97f3b0c2618621/player/goldeboy77/teamlist
2026-06-18,r/VGC Regulation M-B Kickoff Cup,112,duduzi,2-4-0,Staraptor,Incineroar,Sinistcha,Maushold,Delphox,Basculegion,"Staraptor @ Staraptite
Ability: Intimidate
Jolly Nature
- Brave Bird
- Close Combat
- Roost
- Protect

Incineroar @ Passho Berry
Ability: Intimidate
Careful Nature
- Fake Out
- Parting Shot
- Flare Blitz
- Throat Chop

Sinistcha @ Kasib Berry
Ability: Hospitality
Calm Nature
- Matcha Gotcha
- Protect
- Life Dew
- Rage Powder

Maushold @ Focus Sash
Ability: Friend Guard
Timid Nature
- Feint
- Follow Me
- Protect
- Charm

Delphox @ Delphoxite
Ability: Blaze
Timid Nature
- Heat Wave
- Psychic
- Protect
- Nasty Plot

Basculegion @ Choice Scarf
Ability: Adaptability
Jolly Nature
- Wave Crash
- Flip Turn
- Aqua Jet
- Last Respects",https://play.limitlesstcg.com/tournament/6a32a5ae2d97f3b0c2618621/player/duduzi/teamlist
2026-06-18,r/VGC Regulation M-B Kickoff Cup,113,KaizoNKH,2-2-0,Raichu,Archaludon,Grimmsnarl,Sinistcha,Pelipper,Swampert,"Raichu @ Raichunite X
Ability: Lightning Rod
Jolly Nature
- Fake Out
- Thunder Punch
- Volt Tackle
- Protect

Archaludon @ Leftovers
Ability: Stamina
Modest Nature
- Flash Cannon
- Dragon Pulse
- Electro Shot
- Protect

Grimmsnarl @ Light Clay
Ability: Prankster
Careful Nature
- Spirit Break
- Reflect
- Light Screen
- Parting Shot

Sinistcha @ Kasib Berry
Ability: Hospitality
Relaxed Nature
- Trick Room
- Rage Powder
- Life Dew
- Matcha Gotcha

Pelipper @ Sitrus Berry
Ability: Drizzle
Modest Nature
- Wide Guard
- Weather Ball
- Tailwind
- Hurricane

Swampert @ Swampertite
Ability: Damp
Adamant Nature
- Wave Crash
- High Horsepower
- Flip Turn
- Protect",https://play.limitlesstcg.com/tournament/6a32a5ae2d97f3b0c2618621/player/kaizonkh/teamlist
2026-06-18,r/VGC Regulation M-B Kickoff Cup,114,Powerup_Pikawho,2-3-0,Raichu,Incineroar,Staraptor,Grimmsnarl,Meowscarada,Corviknight,"Raichu @ Raichunite Y
Ability: Lightning Rod
Timid Nature
- Zap Cannon
- Focus Blast
- Protect
- Encore

Incineroar @ Sitrus Berry
Ability: Intimidate
Careful Nature
- Fake Out
- Parting Shot
- Flare Blitz
- Taunt

Staraptor @ Staraptite
Ability: Intimidate
Jolly Nature
- Brave Bird
- Close Combat
- Roost
- Brick Break

Grimmsnarl @ Light Clay
Ability: Prankster
Sassy Nature
- Parting Shot
- Light Screen
- Reflect
- Scary Face

Meowscarada @ Choice Scarf
Ability: Protean
Adamant Nature
- Knock Off
- Triple Axel
- U-turn
- Flower Trick

Corviknight @ Leftovers
Ability: Mirror Armor
Impish Nature
- Brave Bird
- Bulk Up
- Iron Head
- Roost",https://play.limitlesstcg.com/tournament/6a32a5ae2d97f3b0c2618621/player/powerup_pikawho/teamlist
2026-06-18,r/VGC Regulation M-B Kickoff Cup,115,joyfulwizardVGC,2-5-0,Clefable,Gengar,Sceptile,Incineroar,Rotom-Heat,Garchomp,"Clefable @ Sitrus Berry
Ability: Unaware
Calm Nature
- Protect
- Follow Me
- Moonblast
- Encore

Gengar @ Gengarite
Ability: Cursed Body
Timid Nature
- Perish Song
- Shadow Ball
- Disable
- Protect

Sceptile @ Sceptilite
Ability: Overgrow
Timid Nature
- Dragon Pulse
- Energy Ball
- Earth Power
- Protect

Incineroar @ Passho Berry
Ability: Intimidate
Careful Nature
- Protect
- Fake Out
- Parting Shot
- Darkest Lariat

Rotom-Heat @ Choice Scarf
Ability: Levitate
Timid Nature
- Discharge
- Thunderbolt
- Overheat
- Trick

Garchomp @ Life Orb
Ability: Rough Skin
Jolly Nature
- Dragon Claw
- Earthquake
- Rock Slide
- Protect",https://play.limitlesstcg.com/tournament/6a32a5ae2d97f3b0c2618621/player/joyfulwizardvgc/teamlist
2026-06-18,r/VGC Regulation M-B Kickoff Cup,116,abkwreu,2-2-0,Pelipper,Swampert,Archaludon,Sneasler,Sinistcha,Sableye,"Pelipper @ Focus Sash
Ability: Drizzle
Timid Nature
- Hurricane
- Muddy Water
- Tailwind
- Protect

Swampert @ Swampertite
Ability: Damp
Jolly Nature
- Wave Crash
- High Horsepower
- Flip Turn
- Protect

Archaludon @ Leftovers
Ability: Stamina
Modest Nature
- Dragon Pulse
- Electro Shot
- Flash Cannon
- Protect

Sneasler @ White Herb
Ability: Unburden
Jolly Nature
- Dire Claw
- Close Combat
- Protect
- Fake Out

Sinistcha @ Sitrus Berry
Ability: Hospitality
Calm Nature
- Matcha Gotcha
- Rage Powder
- Strength Sap
- Life Dew

Sableye @ Light Clay
Ability: Prankster
Calm Nature
- Will-O-Wisp
- Light Screen
- Reflect
- Rain Dance",https://play.limitlesstcg.com/tournament/6a32a5ae2d97f3b0c2618621/player/abkwreu/teamlist
2026-06-18,r/VGC Regulation M-B Kickoff Cup,117,LexiconVGC,2-5-0,Metagross,Grimmsnarl,Swampert,Pelipper,Hydreigon,Sinistcha,"Metagross @ Metagrossite
Ability: Clear Body
Jolly Nature
- Meteor Mash
- Psychic Fangs
- Stomping Tantrum
- Protect

Grimmsnarl @ Light Clay
Ability: Prankster
Careful Nature
- Reflect
- Light Screen
- Spirit Break
- Parting Shot

Swampert @ Swampertite
Ability: Damp
Adamant Nature
- Wave Crash
- High Horsepower
- Earthquake
- Protect

Pelipper @ Sitrus Berry
Ability: Drizzle
Modest Nature
- Weather Ball
- Hurricane
- Tailwind
- Protect

Hydreigon @ Life Orb
Ability: Levitate
Timid Nature
- Dark Pulse
- Draco Meteor
- Earth Power
- Protect

Sinistcha @ Kasib Berry
Ability: Hospitality
Bold Nature
- Matcha Gotcha
- Shadow Ball
- Rage Powder
- Protect",https://play.limitlesstcg.com/tournament/6a32a5ae2d97f3b0c2618621/player/lexiconvgc/teamlist
2026-06-18,r/VGC Regulation M-B Kickoff Cup,118,deadm1ku,2-2-0,Froslass,Incineroar,Kommo-O,Gholdengo,Sinistcha,Dragalge,"Froslass @ Froslassite
Ability: Cursed Body
Timid Nature
- Protect
- Blizzard
- Aurora Veil
- Shadow Ball

Incineroar @ Passho Berry
Ability: Intimidate
Impish Nature
- Fake Out
- Darkest Lariat
- Parting Shot
- Flare Blitz

Kommo-O @ Leftovers
Ability: Soundproof
Impish Nature
- Body Press
- Iron Defense
- Protect
- Breaking Swipe

Gholdengo @ Sitrus Berry
Ability: Good as Gold
Calm Nature
- Nasty Plot
- Protect
- Shadow Ball
- Make It Rain

Sinistcha @ Colbur Berry
Ability: Hospitality
Calm Nature
- Matcha Gotcha
- Trick Room
- Rage Powder
- Life Dew

Dragalge @ Dragalgite
Ability: Adaptability
Relaxed Nature
- Sludge Bomb
- Draco Meteor
- Acid Spray
- Protect",https://play.limitlesstcg.com/tournament/6a32a5ae2d97f3b0c2618621/player/deadm1ku/teamlist
2026-06-18,r/VGC Regulation M-B Kickoff Cup,119,warlockish,2-5-0,Sneasler,Lucario,Incineroar,Pelipper,Sinistcha,Gallade,"Sneasler @ White Herb
Ability: Unburden
Jolly Nature
- Close Combat
- Gunk Shot
- Protect
- Fake Out

Lucario @ Lucarionite
Ability: Inner Focus
Jolly Nature
- Detect
- Calm Mind
- Aura Sphere
- Flash Cannon

Incineroar @ Chople Berry
Ability: Intimidate
Careful Nature
- Fake Out
- Flare Blitz
- Throat Chop
- Parting Shot

Pelipper @ Sitrus Berry
Ability: Drizzle
Bold Nature
- Ice Beam
- Hurricane
- Tailwind
- Wide Guard

Sinistcha @ Leftovers
Ability: Hospitality
Bold Nature
- Rage Powder
- Matcha Gotcha
- Life Dew
- Protect

Gallade @ Galladite
Ability: Sharpness
Jolly Nature
- Triple Axel
- Psycho Cut
- Sacred Sword
- Protect",https://play.limitlesstcg.com/tournament/6a32a5ae2d97f3b0c2618621/player/warlockish/teamlist
2026-06-18,r/VGC Regulation M-B Kickoff Cup,120,Salamandrog,2-2-0,Sinistcha,Eelektross,Gholdengo,Incineroar,Garchomp,Ninetales-Alola,"Sinistcha @ Kasib Berry
Ability: Hospitality
Relaxed Nature
- Matcha Gotcha
- Rage Powder
- Shadow Ball
- Life Dew

Eelektross @ Eelektrossite
Ability: Levitate
Modest Nature
- Discharge
- Grass Knot
- Flamethrower
- Protect

Gholdengo @ Leftovers
Ability: Good as Gold
Tera Type: Dragon
Modest Nature
- Make It Rain
- Shadow Ball
- Nasty Plot
- Protect

Incineroar @ Shuca Berry
Ability: Intimidate
Tera Type: Bug
Adamant Nature
- Fake Out
- Parting Shot
- Taunt
- Throat Chop

Garchomp @ Sitrus Berry
Ability: Rough Skin
Jolly Nature
- Rock Tomb
- Earthquake
- Dragon Claw
- Protect

Ninetales-Alola @ Light Clay
Ability: Snow Warning
Timid Nature
- Aurora Veil
- Icy Wind
- Protect
- Freeze-Dry",https://play.limitlesstcg.com/tournament/6a32a5ae2d97f3b0c2618621/player/salamandrog/teamlist
2026-06-18,r/VGC Regulation M-B Kickoff Cup,121,jiholee32,2-0-0,Swampert,Pelipper,Basculegion,Archaludon,Sinistcha,Grimmsnarl,"Swampert @ Swampertite
Ability: Torrent
Adamant Nature
- Wave Crash
- Earthquake
- Flip Turn
- Protect

Pelipper @ Choice Scarf
Ability: Drizzle
Timid Nature
- Hurricane
- Weather Ball
- Rain Dance
- Tailwind

Basculegion @ Mystic Water
Ability: Swift Swim
Adamant Nature
- Last Respects
- Wave Crash
- Aqua Jet
- Protect

Archaludon @ Leftovers
Ability: Stamina
Modest Nature
- Protect
- Dragon Pulse
- Electro Shot
- Flash Cannon

Sinistcha @ Kasib Berry
Ability: Hospitality
Relaxed Nature
- Matcha Gotcha
- Rage Powder
- Protect
- Trick Room

Grimmsnarl @ Light Clay
Ability: Prankster
Careful Nature
- Light Screen
- Reflect
- Spirit Break
- Parting Shot",https://play.limitlesstcg.com/tournament/6a32a5ae2d97f3b0c2618621/player/jiholee32/teamlist
2026-06-18,r/VGC Regulation M-B Kickoff Cup,122,Al3zonal,2-3-0,Staraptor,Metagross,Whimsicott,Sinistcha,Grimmsnarl,Incineroar,"Staraptor @ Staraptite
Ability: Intimidate
Adamant Nature
- Close Combat
- Brave Bird
- Tailwind
- Protect

Metagross @ Metagrossite
Ability: Clear Body
Adamant Nature
- Protect
- Psychic Fangs
- Iron Head
- Bullet Punch

Whimsicott @ Focus Sash
Ability: Prankster
Timid Nature
- Charm
- Encore
- Tailwind
- Protect

Sinistcha @ Occa Berry
Ability: Hospitality
Bold Nature
- Matcha Gotcha
- Protect
- Trick Room
- Rage Powder

Grimmsnarl @ Light Clay
Ability: Prankster
Careful Nature
- Spirit Break
- Parting Shot
- Reflect
- Light Screen

Incineroar @ Sitrus Berry
Ability: Intimidate
Careful Nature
- Fake Out
- Flare Blitz
- Snarl
- Parting Shot",https://play.limitlesstcg.com/tournament/6a32a5ae2d97f3b0c2618621/player/al3zonal/teamlist
2026-06-18,r/VGC Regulation M-B Kickoff Cup,123,SeviiElevii,2-4-0,Staraptor,Garchomp,Metagross,Incineroar,Sinistcha,Whimsicott,"Staraptor @ Staraptite
Ability: Intimidate
Jolly Nature
- Brave Bird
- Close Combat
- Protect
- Roost

Garchomp @ Life Orb
Ability: Rough Skin
Jolly Nature
- Earthquake
- Rock Slide
- Dragon Claw
- Protect

Metagross @ Metagrossite
Ability: Clear Body
Adamant Nature
- Stomping Tantrum
- Psychic Fangs
- Iron Head
- Protect

Incineroar @ Sitrus Berry
Ability: Intimidate
Careful Nature
- Parting Shot
- Fake Out
- Flare Blitz
- Throat Chop

Sinistcha @ Kasib Berry
Ability: Hospitality
Modest Nature
- Rage Powder
- Matcha Gotcha
- Shadow Ball
- Protect

Whimsicott @ Focus Sash
Ability: Prankster
Timid Nature
- Tailwind
- Charm
- Moonblast
- Encore",https://play.limitlesstcg.com/tournament/6a32a5ae2d97f3b0c2618621/player/seviielevii/teamlist
2026-06-18,r/VGC Regulation M-B Kickoff Cup,124,samurpo,2-3-0,Metagross,Sneasler,Hydreigon,Incineroar,Floette-Eternal,Aerodactyl,"Metagross @ Metagrossite
Ability: Clear Body
Jolly Nature
- Psychic Fangs
- Iron Head
- Body Press
- Protect

Sneasler @ White Herb
Ability: Unburden
Jolly Nature
- Coaching
- Fake Out
- Close Combat
- Dire Claw

Hydreigon @ Choice Scarf
Ability: Levitate
Modest Nature
- Flamethrower
- Snarl
- Dark Pulse
- Draco Meteor

Incineroar @ Passho Berry
Ability: Intimidate
Careful Nature
- Parting Shot
- Fake Out
- Flare Blitz
- Darkest Lariat

Floette-Eternal @ Floettite
Ability: Flower Veil
Modest Nature
- Dazzling Gleam
- Draining Kiss
- Calm Mind
- Protect

Aerodactyl @ Focus Sash
Ability: Unnerve
Jolly Nature
- Protect
- Dual Wingbeat
- Tailwind
- Rock Slide",https://play.limitlesstcg.com/tournament/6a32a5ae2d97f3b0c2618621/player/samurpo/teamlist
2026-06-18,r/VGC Regulation M-B Kickoff Cup,125,PyroPeepo,2-3-0,Metagross,Staraptor,Luxray,Garchomp,Sinistcha,Grimmsnarl,"Metagross @ Metagrossite
Ability: Clear Body
Jolly Nature
- Body Press
- Hard Press
- Psychic Fangs
- Protect

Staraptor @ Staraptite
Ability: Intimidate
Adamant Nature
- Close Combat
- Dual Wingbeat
- Tailwind
- Protect

Luxray @ Shuca Berry
Ability: Intimidate
Brave Nature
- Baby-Doll Eyes
- Electroweb
- Supercell Slam
- Protect

Garchomp @ Life Orb
Ability: Rough Skin
Adamant Nature
- Scale Shot
- Rock Tomb
- Earthquake
- Poison Jab

Sinistcha @ Kasib Berry
Ability: Hospitality
Bold Nature
- Strength Sap
- Matcha Gotcha
- Rage Powder
- Life Dew

Grimmsnarl @ Black Glasses
Ability: Prankster
Adamant Nature
- Fake Out
- Parting Shot
- Throat Chop
- Swagger",https://play.limitlesstcg.com/tournament/6a32a5ae2d97f3b0c2618621/player/pyropeepo/teamlist
2026-06-18,r/VGC Regulation M-B Kickoff Cup,126,hullk,2-2-0,Overqwil,Pelipper,Archaludon,Swampert,Venusaur,Sableye,"Overqwil @ Life Orb
Ability: Swift Swim
Adamant Nature
- Poison Jab
- Aqua Jet
- Crunch
- Protect

Pelipper @ Sitrus Berry
Ability: Drizzle
Calm Nature
- Tailwind
- Wide Guard
- Hurricane
- Weather Ball

Archaludon @ Leftovers
Ability: Stamina
Modest Nature
- Electro Shot
- Flash Cannon
- Dragon Pulse
- Protect

Swampert @ Swampertite
Ability: Torrent
Adamant Nature
- Ice Punch
- Liquidation
- High Horsepower
- Protect

Venusaur @ Venusaurite
Ability: Overgrow
Timid Nature
- Sludge Bomb
- Earth Power
- Giga Drain
- Protect

Sableye @ Roseli Berry
Ability: Prankster
Impish Nature
- Will-O-Wisp
- Encore
- Taunt
- Rain Dance",https://play.limitlesstcg.com/tournament/6a32a5ae2d97f3b0c2618621/player/hullk/teamlist
2026-06-18,r/VGC Regulation M-B Kickoff Cup,127,DennyV1337,2-3-0,Eelektross,Aerodactyl,Gholdengo,Sylveon,Farigiraf,Garchomp,"Eelektross @ Eelektrossite
Ability: Levitate
Modest Nature
- Protect
- Giga Drain
- Flamethrower
- Thunderbolt

Aerodactyl @ Aerodactylite
Ability: Unnerve
Jolly Nature
- Protect
- Dual Wingbeat
- Rock Slide
- Tailwind

Gholdengo @ Focus Sash
Ability: Good as Gold
Modest Nature
- Protect
- Nasty Plot
- Shadow Ball
- Make It Rain

Sylveon @ Fairy Feather
Ability: Cute Charm
Modest Nature
- Protect
- Quick Attack
- Hyper Beam
- Hyper Voice

Farigiraf @ Sitrus Berry
Ability: Armor Tail
Bold Nature
- Hyper Voice
- Trick Room
- Roar
- Twin Beam

Garchomp @ Soft Sand
Ability: Rough Skin
Jolly Nature
- Protect
- Earthquake
- Dragon Claw
- Stomping Tantrum",https://play.limitlesstcg.com/tournament/6a32a5ae2d97f3b0c2618621/player/dennyv1337/teamlist
2026-06-18,r/VGC Regulation M-B Kickoff Cup,128,WillowTheKat,2-2-0,Grimmsnarl,Metagross,Garchomp,Sinistcha,Rotom-Wash,Scrafty,"Grimmsnarl @ Light Clay
Ability: Prankster
Careful Nature
- Spirit Break
- Light Screen
- Reflect
- Parting Shot

Metagross @ Metagrossite
Ability: Clear Body
Jolly Nature
- Meteor Mash
- Psychic Fangs
- Stone Edge
- Protect

Garchomp @ Life Orb
Ability: Rough Skin
Adamant Nature
- Dragon Claw
- Stomping Tantrum
- Rock Slide
- Swords Dance

Sinistcha @ Sitrus Berry
Ability: Hospitality
Modest Nature
- Matcha Gotcha
- Rage Powder
- Life Dew
- Protect

Rotom-Wash @ Leftovers
Ability: Levitate
Modest Nature
- Hydro Pump
- Thunderbolt
- Volt Switch
- Will-O-Wisp

Scrafty @ Scraftinite
Ability: Intimidate
Adamant Nature
- Close Combat
- Knock Off
- Fake Out
- Protect",https://play.limitlesstcg.com/tournament/6a32a5ae2d97f3b0c2618621/player/willowthekat/teamlist
2026-06-18,r/VGC Regulation M-B Kickoff Cup,129,Lillyrosethedemon,2-2-0,Mawile,Staraptor,Farigiraf,Garchomp,Aegislash,Milotic,"Mawile @ Mawilite
Ability: Intimidate
Adamant Nature
- Sucker Punch
- Iron Head
- Play Rough
- Protect

Staraptor @ Staraptite
Ability: Reckless
Jolly Nature
- Brave Bird
- Roost
- Protect
- Close Combat

Farigiraf @ Sitrus Berry
Ability: Armor Tail
Quiet Nature
- Trick Room
- Twin Beam
- Thunderbolt
- Protect

Garchomp @ Life Orb
Ability: Rough Skin
Jolly Nature
- Earthquake
- Stomping Tantrum
- Dragon Claw
- Protect

Aegislash @ Focus Sash
Ability: Stance Change
Adamant Nature
- Wide Guard
- Poltergeist
- Sacred Sword
- King's Shield

Milotic @ Leftovers
Ability: Competitive
Calm Nature
- Muddy Water
- Hypnosis
- Coil
- Protect",https://play.limitlesstcg.com/tournament/6a32a5ae2d97f3b0c2618621/player/lillyrosethedemon/teamlist
2026-06-18,r/VGC Regulation M-B Kickoff Cup,130,HardFreaQ,2-3-0,Charizard,Floette-Eternal,Garchomp,Whimsicott,Basculegion,Kingambit,"Charizard @ Charizardite Y
Ability: Blaze
Modest Nature
- Heat Wave
- Solar Beam
- Weather Ball
- Protect

Floette-Eternal @ Floettite
Ability: Flower Veil
Modest Nature
- Moonblast
- Dazzling Gleam
- Light of Ruin
- Protect

Garchomp @ Life Orb
Ability: Rough Skin
Jolly Nature
- Dragon Claw
- Earthquake
- Rock Slide
- Protect

Whimsicott @ Focus Sash
Ability: Prankster
Timid Nature
- Moonblast
- Tailwind
- Encore
- Protect

Basculegion @ Mystic Water
Ability: Adaptability
Adamant Nature
- Wave Crash
- Last Respects
- Aqua Jet
- Protect

Kingambit @ Black Glasses
Ability: Defiant
Adamant Nature
- Kowtow Cleave
- Iron Head
- Sucker Punch
- Protect",https://play.limitlesstcg.com/tournament/6a32a5ae2d97f3b0c2618621/player/hardfreaq/teamlist
2026-06-18,r/VGC Regulation M-B Kickoff Cup,131,mostlylock,2-5-0,Tyranitar,Arcanine-Hisui,Rotom-Wash,Garchomp,Sandaconda,Sneasler,"Tyranitar @ Tyranitarite
Ability: Sand Stream
Jolly Nature
- Rock Slide
- Knock Off
- Protect
- Dragon Dance

Arcanine-Hisui @ Chople Berry
Ability: Intimidate
Jolly Nature
- Flare Blitz
- Crunch
- Extreme Speed
- Protect

Rotom-Wash @ Sitrus Berry
Ability: Levitate
Bold Nature
- Hydro Pump
- Light Screen
- Thunderbolt
- Will-O-Wisp

Garchomp @ White Herb
Ability: Sand Veil
Calm Nature
- Dragon Claw
- Stomping Tantrum
- Protect
- Rock Slide

Sandaconda @ Bright Powder
Ability: Sand Veil
Naughty Nature
- Minimize
- Body Press
- Iron Defense
- Rock Slide

Sneasler @ Focus Sash
Ability: Pressure
Impish Nature
- Protect
- Fake Out
- Dire Claw
- Close Combat",https://play.limitlesstcg.com/tournament/6a32a5ae2d97f3b0c2618621/player/mostlylock/teamlist
2026-06-18,r/VGC Regulation M-B Kickoff Cup,132,GGkillemall,2-2-0,Froslass,Grimmsnarl,Sinistcha,Gholdengo,Garchomp,Staraptor,"Froslass @ Froslassite
Ability: Cursed Body
Timid Nature
- Blizzard
- Protect
- Will-O-Wisp
- Shadow Ball

Grimmsnarl @ Light Clay
Ability: Prankster
Careful Nature
- Parting Shot
- Reflect
- Light Screen
- Spirit Break

Sinistcha @ Kasib Berry
Ability: Hospitality
Relaxed Nature
- Matcha Gotcha
- Life Dew
- Trick Room
- Rage Powder

Gholdengo @ Life Orb
Ability: Good as Gold
Timid Nature
- Make It Rain
- Power Gem
- Shadow Ball
- Protect

Garchomp @ Choice Scarf
Ability: Rough Skin
Jolly Nature
- Earthquake
- Rock Slide
- Dragon Claw
- Stomping Tantrum

Staraptor @ Staraptite
Ability: Intimidate
Adamant Nature
- Roost
- Protect
- Brave Bird
- Close Combat",https://play.limitlesstcg.com/tournament/6a32a5ae2d97f3b0c2618621/player/ggkillemall/teamlist
2026-06-18,r/VGC Regulation M-B Kickoff Cup,133,Ehuck,2-3-0,Annihilape,Basculegion,Scovillain,Kingambit,Tyranitar,Sinistcha,"Annihilape @ Leftovers
Ability: Defiant
Adamant Nature
- Rage Fist
- Drain Punch
- Protect
- Stone Edge

Basculegion @ Mystic Water
Ability: Adaptability
Adamant Nature
- Last Respects
- Liquidation
- Protect
- Aqua Jet

Scovillain @ Scovillainite
Ability: Moody
Bold Nature
- Rage Powder
- Giga Drain
- Flamethrower
- Protect

Kingambit @ Black Glasses
Ability: Defiant
Impish Nature
- Protect
- Sucker Punch
- Kowtow Cleave
- Iron Head

Tyranitar @ Tyranitarite
Ability: Sand Stream
Adamant Nature
- Rock Slide
- Protect
- Knock Off
- Low Kick

Sinistcha @ Colbur Berry
Ability: Hospitality
Calm Nature
- Matcha Gotcha
- Rage Powder
- Life Dew
- Protect",https://play.limitlesstcg.com/tournament/6a32a5ae2d97f3b0c2618621/player/ehuck/teamlist
2026-06-18,r/VGC Regulation M-B Kickoff Cup,134,stephen12,2-0-0,Glimmora,Ninetales-Alola,Incineroar,Sinistcha,Corviknight,Basculegion,"Glimmora @ Glimmoranite
Ability: Toxic Debris
Modest Nature
- Sludge Bomb
- Power Gem
- Earth Power
- Spiky Shield

Ninetales-Alola @ Light Clay
Ability: Snow Warning
Timid Nature
- Blizzard
- Freeze-Dry
- Aurora Veil
- Protect

Incineroar @ Sitrus Berry
Ability: Intimidate
Impish Nature
- Flare Blitz
- Throat Chop
- Parting Shot
- Fake Out

Sinistcha @ Kasib Berry
Ability: Hospitality
Relaxed Nature
- Matcha Gotcha
- Rage Powder
- Trick Room
- Protect

Corviknight @ Leftovers
Ability: Mirror Armor
Adamant Nature
- Brave Bird
- Body Press
- Bulk Up
- Roost

Basculegion @ Choice Scarf
Ability: Adaptability
Jolly Nature
- Wave Crash
- Last Respects
- Flip Turn
- Aqua Jet",https://play.limitlesstcg.com/tournament/6a32a5ae2d97f3b0c2618621/player/stephen12/teamlist
2026-06-18,r/VGC Regulation M-B Kickoff Cup,135,MelodyInMyHead,2-3-0,Grimmsnarl,Floette-Eternal,Staraptor,Garchomp,Rotom-Wash,Sinistcha,"Grimmsnarl @ Light Clay
Ability: Prankster
Careful Nature
- Spirit Break
- Reflect
- Light Screen
- Parting Shot

Floette-Eternal @ Floettite
Ability: Flower Veil
Timid Nature
- Dazzling Gleam
- Draining Kiss
- Calm Mind
- Protect

Staraptor @ Staraptite
Ability: Intimidate
Jolly Nature
- Brave Bird
- Close Combat
- Roost
- Protect

Garchomp @ Life Orb
Ability: Rough Skin
Jolly Nature
- Dragon Claw
- Earthquake
- Rock Slide
- Protect

Rotom-Wash @ Magnet
Ability: Levitate
Modest Nature
- Thunderbolt
- Hydro Pump
- Will-O-Wisp
- Protect

Sinistcha @ Sitrus Berry
Ability: Hospitality
Modest Nature
- Matcha Gotcha
- Rage Powder
- Life Dew
- Protect",https://play.limitlesstcg.com/tournament/6a32a5ae2d97f3b0c2618621/player/melodyinmyhead/teamlist
2026-06-18,r/VGC Regulation M-B Kickoff Cup,136,Matildo,2-1-0,Archaludon,Sableye,Sneasler,Venusaur,Sylveon,Kingambit,"Archaludon @ Leftovers
Ability: Stamina
Calm Nature
- Protect
- Electro Shot
- Flash Cannon
- Dragon Pulse

Sableye @ Light Clay
Ability: Prankster
Impish Nature
- Encore
- Reflect
- Light Screen
- Rain Dance

Sneasler @ Focus Sash
Ability: Unburden
Brave Nature
- Protect
- Dire Claw
- Fake Out
- Close Combat

Venusaur @ Venusaurite
Ability: Overgrow
Modest Nature
- Protect
- Giga Drain
- Sludge Bomb
- Earth Power

Sylveon @ Fairy Feather
Ability: Pixilate
Modest Nature
- Protect
- Hyper Voice
- Hyper Beam
- Quick Attack

Kingambit @ Chople Berry
Ability: Defiant
Adamant Nature
- Protect
- Kowtow Cleave
- Sucker Punch
- Iron Head",https://play.limitlesstcg.com/tournament/6a32a5ae2d97f3b0c2618621/player/matildo/teamlist
2026-06-18,r/VGC Regulation M-B Kickoff Cup,137,Kluut,1-1-0,Raichu,Milotic,Metagross,Staraptor,Maushold,Sinistcha,"Raichu @ Raichunite X
Ability: Lightning Rod
Timid Nature
- Rising Voltage
- Fake Out
- Charm
- Protect

Milotic @ Rindo Berry
Ability: Competitive
Modest Nature
- Coil
- Muddy Water
- Ice Beam
- Protect

Metagross @ Life Orb
Ability: Clear Body
Adamant Nature
- Meteor Mash
- Bullet Punch
- Psychic Fangs
- Earthquake

Staraptor @ Staraptite
Ability: Intimidate
Adamant Nature
- Close Combat
- Protect
- Dual Wingbeat
- Tailwind

Maushold @ Focus Sash
Ability: Friend Guard
Jolly Nature
- Population Bomb
- Baby-Doll Eyes
- Follow Me
- Protect

Sinistcha @ Sitrus Berry
Ability: Hospitality
Timid Nature
- Matcha Gotcha
- Life Dew
- Shadow Ball
- Rage Powder",https://play.limitlesstcg.com/tournament/6a32a5ae2d97f3b0c2618621/player/kluut/teamlist
2026-06-18,r/VGC Regulation M-B Kickoff Cup,138,Casper427,1-2-0,Metagross,Aerodactyl,Sylveon,Annihilape,Garchomp,Rotom-Wash,"Metagross @ Metagrossite
Ability: Clear Body
Jolly Nature
- Iron Head
- Psychic Fangs
- Stomping Tantrum
- Protect

Aerodactyl @ Aerodactylite
Ability: Unnerve
Jolly Nature
- Dual Wingbeat
- Rock Slide
- Tailwind
- Wide Guard

Sylveon @ Fairy Feather
Ability: Pixilate
Modest Nature
- Hyper Voice
- Hyper Beam
- Quick Attack
- Protect

Annihilape @ Choice Scarf
Ability: Defiant
Jolly Nature
- Close Combat
- Shadow Claw
- Rock Tomb
- Coaching

Garchomp @ Life Orb
Ability: Rough Skin
Jolly Nature
- Dragon Claw
- Stomping Tantrum
- Earthquake
- Protect

Rotom-Wash @ Sitrus Berry
Ability: Levitate
Modest Nature
- Thunderbolt
- Hydro Pump
- Will-O-Wisp
- Protect",https://play.limitlesstcg.com/tournament/6a32a5ae2d97f3b0c2618621/player/casper427/teamlist
2026-06-18,r/VGC Regulation M-B Kickoff Cup,139,Siddharth S,1-1-0,Aerodactyl,Sneasler,Garchomp,Sylveon,Metagross,Sinistcha,"Aerodactyl @ Aerodactylite
Ability: Unnerve
Jolly Nature
- Rock Slide
- Dual Wingbeat
- Tailwind
- Wide Guard

Sneasler @ Focus Sash
Ability: Unburden
Jolly Nature
- Dire Claw
- Close Combat
- Fake Out
- Coaching

Garchomp @ Life Orb
Ability: Rough Skin
Jolly Nature
- Earthquake
- Rock Slide
- Dragon Claw
- Protect

Sylveon @ Fairy Feather
Ability: Pixilate
Modest Nature
- Hyper Voice
- Quick Attack
- Yawn
- Detect

Metagross @ Metagrossite
Ability: Clear Body
Jolly Nature
- Iron Head
- Psychic Fangs
- Stomping Tantrum
- Protect

Sinistcha @ Kasib Berry
Ability: Hospitality
Relaxed Nature
- Matcha Gotcha
- Rage Powder
- Trick Room
- Protect",https://play.limitlesstcg.com/tournament/6a32a5ae2d97f3b0c2618621/player/ink/teamlist
2026-06-18,r/VGC Regulation M-B Kickoff Cup,140,Santi Gonzalez,1-1-0,Sylveon,Staraptor,Grimmsnarl,Sinistcha,Garchomp,Gholdengo,"Sylveon @ Fairy Feather
Ability: Pixilate
Modest Nature
- Detect
- Baby-Doll Eyes
- Hyper Voice
- Hyper Beam

Staraptor @ Staraptite
Ability: Intimidate
Jolly Nature
- Protect
- Roost
- Close Combat
- Brave Bird

Grimmsnarl @ Light Clay
Ability: Prankster
Careful Nature
- Reflect
- Parting Shot
- Light Screen
- Foul Play

Sinistcha @ Kasib Berry
Ability: Hospitality
Bold Nature
- Protect
- Strength Sap
- Rage Powder
- Matcha Gotcha

Garchomp @ Choice Scarf
Ability: Rough Skin
Adamant Nature
- Earthquake
- Stomping Tantrum
- Dragon Claw
- Rock Tomb

Gholdengo @ Life Orb
Ability: Good as Gold
Timid Nature
- Protect
- Nasty Plot
- Make It Rain
- Shadow Ball",https://play.limitlesstcg.com/tournament/6a32a5ae2d97f3b0c2618621/player/iluxmh/teamlist
2026-06-18,r/VGC Regulation M-B Kickoff Cup,141,SuperDialga,1-2-0,Metagross,Talonflame,Garchomp,Basculegion,Kingambit,Sylveon,"Metagross @ Metagrossite
Ability: Clear Body
Jolly Nature
- Iron Head
- Psychic Fangs
- Ice Punch
- Protect

Talonflame @ Sharp Beak
Ability: Gale Wings
Jolly Nature
- Flare Blitz
- Dual Wingbeat
- Tailwind
- Protect

Garchomp @ Life Orb
Ability: Rough Skin
Jolly Nature
- Dragon Claw
- Earthquake
- Rock Slide
- Protect

Basculegion @ Choice Scarf
Ability: Adaptability
Jolly Nature
- Last Respects
- Wave Crash
- Aqua Jet
- Flip Turn

Kingambit @ Black Glasses
Ability: Defiant
Adamant Nature
- Sucker Punch
- Kowtow Cleave
- Iron Head
- Protect

Sylveon @ Fairy Feather
Ability: Pixilate
Modest Nature
- Hyper Beam
- Hyper Voice
- Quick Attack
- Protect",https://play.limitlesstcg.com/tournament/6a32a5ae2d97f3b0c2618621/player/superdialga/teamlist
2026-06-18,r/VGC Regulation M-B Kickoff Cup,142,Peppe200w,1-2-0,Metagross,Aerodactyl,Kommo-O,Sylveon,Rotom-Wash,Incineroar,"Metagross @ Metagrossite
Ability: Clear Body
Adamant Nature
- Iron Head
- Psychic Fangs
- Stomping Tantrum
- Protect

Aerodactyl @ Aerodactylite
Ability: Unnerve
Jolly Nature
- Rock Slide
- Dual Wingbeat
- Tailwind
- Protect

Kommo-O @ Leftovers
Ability: Soundproof
Modest Nature
- Clanging Scales
- Aura Sphere
- Clangorous Soul
- Protect

Sylveon @ Fairy Feather
Ability: Pixilate
Modest Nature
- Hyper Voice
- Hyper Beam
- Quick Attack
- Protect

Rotom-Wash @ Sitrus Berry
Ability: Levitate
Bold Nature
- Thunderbolt
- Hydro Pump
- Will-O-Wisp
- Light Screen

Incineroar @ Passho Berry
Ability: Intimidate
Careful Nature
- Flare Blitz
- Throat Chop
- Parting Shot
- Fake Out",https://play.limitlesstcg.com/tournament/6a32a5ae2d97f3b0c2618621/player/peppe200w/teamlist
2026-06-18,r/VGC Regulation M-B Kickoff Cup,143,VanilllaIce,1-1-0,Delphox,Mawile,Annihilape,Maushold,Sinistcha,Incineroar,"Delphox @ Delphoxite
Ability: Blaze
Timid Nature
- Heat Wave
- Psyshock
- Nasty Plot
- Protect

Mawile @ Mawilite
Ability: Intimidate
Brave Nature
- Iron Head
- Play Rough
- Sucker Punch
- Protect

Annihilape @ Leftovers
Ability: Defiant
Jolly Nature
- Rage Fist
- Drain Punch
- Bulk Up
- Protect

Maushold @ Focus Sash
Ability: Friend Guard
Timid Nature
- Super Fang
- Beat Up
- Follow Me
- Protect

Sinistcha @ Sitrus Berry
Ability: Hospitality
Bold Nature
- Matcha Gotcha
- Rage Powder
- Life Dew
- Trick Room

Incineroar @ Passho Berry
Ability: Intimidate
Careful Nature
- Fake Out
- Flare Blitz
- Throat Chop
- Parting Shot",https://play.limitlesstcg.com/tournament/6a32a5ae2d97f3b0c2618621/player/vanilllaice/teamlist
2026-06-18,r/VGC Regulation M-B Kickoff Cup,144,Lily23,1-1-0,Kingambit,Garchomp,Froslass,Sneasler,Scovillain,Aerodactyl,"Kingambit @ Black Glasses
Ability: Defiant
Adamant Nature
- Kowtow Cleave
- Sucker Punch
- Swords Dance
- Protect

Garchomp @ Life Orb
Ability: Rough Skin
Jolly Nature
- Dragon Claw
- Earthquake
- Rock Slide
- Protect

Froslass @ Froslassite
Ability: Cursed Body
Timid Nature
- Blizzard
- Shadow Ball
- Haze
- Protect

Sneasler @ White Herb
Ability: Unburden
Jolly Nature
- Close Combat
- Dire Claw
- Fake Out
- Protect

Scovillain @ Scovillainite
Ability: Moody
Bold Nature
- Overheat
- Rage Powder
- Helping Hand
- Protect

Aerodactyl @ Focus Sash
Ability: Unnerve
Jolly Nature
- Rock Slide
- Dual Wingbeat
- Tailwind
- Protect",https://play.limitlesstcg.com/tournament/6a32a5ae2d97f3b0c2618621/player/lily23/teamlist
2026-06-18,r/VGC Regulation M-B Kickoff Cup,145,Koishi444,1-2-0,Greninja,Pelipper,Garchomp,Sneasler,Rotom-Wash,Corviknight,"Greninja @ Greninjite
Ability: Protean
Timid Nature
- Protect
- Ice Beam
- Dark Pulse
- Hydro Pump

Pelipper @ Focus Sash
Ability: Drizzle
Timid Nature
- Tailwind
- Hurricane
- Weather Ball
- Wide Guard

Garchomp @ Lum Berry
Ability: Rough Skin
Adamant Nature
- Earthquake
- Dragon Claw
- Rock Slide
- Protect

Sneasler @ White Herb
Ability: Unburden
Jolly Nature
- Dire Claw
- Fake Out
- Close Combat
- Protect

Rotom-Wash @ Sitrus Berry
Ability: Levitate
Timid Nature
- Hydro Pump
- Will-O-Wisp
- Electroweb
- Thunderbolt

Corviknight @ Leftovers
Ability: Mirror Armor
Adamant Nature
- Brave Bird
- Bulk Up
- Roost
- Iron Head",https://play.limitlesstcg.com/tournament/6a32a5ae2d97f3b0c2618621/player/koishi444/teamlist
2026-06-18,r/VGC Regulation M-B Kickoff Cup,146,Peccarys,1-3-0,Sinistcha,Toxapex,Jolteon,Runerigus,Dragalge,Emboar,"Sinistcha @ Sitrus Berry
Ability: Hospitality
Careful Nature
- Protect
- Matcha Gotcha
- Rage Powder
- Trick Room

Toxapex @ Leftovers
Ability: Regenerator
Bold Nature
- Baneful Bunker
- Toxic
- Wide Guard
- Infestation

Jolteon @ Choice Scarf
Ability: Volt Absorb
Modest Nature
- Shadow Ball
- Rising Voltage
- Electroweb
- Volt Switch

Runerigus @ Colbur Berry
Ability: Wandering Spirit
Quiet Nature
- Earth Power
- Protect
- Trick Room
- Will-O-Wisp

Dragalge @ Dragalgite
Ability: Adaptability
Calm Nature
- Draco Meteor
- Sludge Bomb
- Scald
- Protect

Emboar @ Emboarite
Ability: Reckless
Adamant Nature
- Hard Press
- Protect
- Heat Crash
- Close Combat",https://play.limitlesstcg.com/tournament/6a32a5ae2d97f3b0c2618621/player/peccarys/teamlist
2026-06-18,r/VGC Regulation M-B Kickoff Cup,147,oso1412,1-2-0,Sinistcha,Staraptor,Grimmsnarl,Incineroar,Metagross,Glimmora,"Sinistcha @ Colbur Berry
Ability: Hospitality
Bold Nature
- Matcha Gotcha
- Protect
- Strength Sap
- Rage Powder

Staraptor @ Staraptite
Ability: Intimidate
Adamant Nature
- Brave Bird
- Close Combat
- Protect
- Roost

Grimmsnarl @ Light Clay
Ability: Prankster
Impish Nature
- Spirit Break
- Reflect
- Light Screen
- Parting Shot

Incineroar @ Sitrus Berry
Ability: Intimidate
Careful Nature
- Parting Shot
- Fake Out
- Flare Blitz
- Throat Chop

Metagross @ Metagrossite
Ability: Clear Body
Jolly Nature
- Meteor Mash
- Psychic Fangs
- Stomping Tantrum
- Protect

Glimmora @ Focus Sash
Ability: Toxic Debris
Timid Nature
- Spiky Shield
- Power Gem
- Sludge Bomb
- Earth Power",https://play.limitlesstcg.com/tournament/6a32a5ae2d97f3b0c2618621/player/oso1412/teamlist
2026-06-18,r/VGC Regulation M-B Kickoff Cup,148,BrookeHouse,1-3-0,Staraptor,Metagross,Garchomp,Grimmsnarl,Sinistcha,Whimsicott,"Staraptor @ Staraptite
Ability: Intimidate
Adamant Nature
- Close Combat
- Brave Bird
- Roost
- Protect

Metagross @ Metagrossite
Ability: Clear Body
Jolly Nature
- Bullet Punch
- Psychic Fangs
- Stomping Tantrum
- Protect

Garchomp @ Life Orb
Ability: Rough Skin
Jolly Nature
- Earthquake
- Dragon Claw
- Rock Slide
- Protect

Grimmsnarl @ Light Clay
Ability: Prankster
Careful Nature
- Spirit Break
- Reflect
- Light Screen
- Parting Shot

Sinistcha @ Leftovers
Ability: Hospitality
Bold Nature
- Matcha Gotcha
- Rage Powder
- Strength Sap
- Protect

Whimsicott @ Focus Sash
Ability: Prankster
Timid Nature
- Moonblast
- Tailwind
- Encore
- Protect",https://play.limitlesstcg.com/tournament/6a32a5ae2d97f3b0c2618621/player/brookehouse/teamlist
2026-06-18,r/VGC Regulation M-B Kickoff Cup,150,gandalorian,1-1-0,Gengar,Incineroar,Toxapex,Kingambit,Charizard,Ninetales-Alola,"Gengar @ Gengarite
Ability: Shadow Tag
Timid Nature
- Shadow Ball
- Perish Song
- Protect
- Disable

Incineroar @ Sitrus Berry
Ability: Intimidate
Impish Nature
- Fake Out
- Protect
- Parting Shot
- Throat Chop

Toxapex @ Leftovers
Ability: Regenerator
Bold Nature
- Toxic
- Infestation
- Baneful Bunker
- Wide Guard

Kingambit @ Chople Berry
Ability: Defiant
Adamant Nature
- Protect
- Kowtow Cleave
- Sucker Punch
- Low Kick

Charizard @ Charizardite Y
Ability: Drought
Timid Nature
- Heat Wave
- Dragon Pulse
- Air Slash
- Protect

Ninetales-Alola @ Focus Sash
Ability: Snow Cloak
Timid Nature
- Protect
- Dazzling Gleam
- Aurora Veil
- Blizzard",https://play.limitlesstcg.com/tournament/6a32a5ae2d97f3b0c2618621/player/gandalorian/teamlist
2026-06-18,r/VGC Regulation M-B Kickoff Cup,151,Eastical,1-2-0,Staraptor,Grimmsnarl,Garchomp,Charizard,Venusaur,Arcanine-Hisui,"Staraptor @ Staraptite
Ability: Intimidate
Adamant Nature
- Close Combat
- Brave Bird
- Roost
- Protect

Grimmsnarl @ Light Clay
Ability: Prankster
Calm Nature
- Taunt
- Light Screen
- Scary Face
- Parting Shot

Garchomp @ Life Orb
Ability: Rough Skin
Jolly Nature
- Dragon Claw
- Earthquake
- Rock Slide
- Protect

Charizard @ Charizardite Y
Ability: Solar Power
Modest Nature
- Weather Ball
- Heat Wave
- Solar Beam
- Protect

Venusaur @ Focus Sash
Ability: Overgrow
Modest Nature
- Leaf Storm
- Sludge Bomb
- Sleep Powder
- Protect

Arcanine-Hisui @ Choice Scarf
Ability: Rock Head
Adamant Nature
- Flare Blitz
- Head Smash
- Rock Slide
- Will-O-Wisp",https://play.limitlesstcg.com/tournament/6a32a5ae2d97f3b0c2618621/player/eastical/teamlist
2026-06-18,r/VGC Regulation M-B Kickoff Cup,152,Esparzzz,1-2-0,Metagross,Incineroar,Aerodactyl,Sinistcha,Floette-Eternal,Rotom-Wash,"Metagross @ Metagrossite
Ability: Clear Body
Adamant Nature
- Iron Head
- Psychic Fangs
- Protect
- Stomping Tantrum

Incineroar @ Sitrus Berry
Ability: Intimidate
Adamant Nature
- Close Combat
- Darkest Lariat
- Fake Out
- Parting Shot

Aerodactyl @ Focus Sash
Ability: Unnerve
Jolly Nature
- Rock Slide
- Dual Wingbeat
- Wide Guard
- Tailwind

Sinistcha @ Colbur Berry
Ability: Hospitality
Bold Nature
- Matcha Gotcha
- Rage Powder
- Protect
- Life Dew

Floette-Eternal @ Floettite
Ability: Flower Veil
Timid Nature
- Moonblast
- Dazzling Gleam
- Protect
- Calm Mind

Rotom-Wash @ Leftovers
Ability: Levitate
Timid Nature
- Hydro Pump
- Volt Switch
- Protect
- Will-O-Wisp",https://play.limitlesstcg.com/tournament/6a32a5ae2d97f3b0c2618621/player/esparzzz/teamlist
2026-06-18,r/VGC Regulation M-B Kickoff Cup,153,Savid400,1-2-0,Incineroar,Charizard,Raichu,Sneasler,Whimsicott,Garchomp,"Incineroar @ Sitrus Berry
Ability: Intimidate
Careful Nature
- Flare Blitz
- Helping Hand
- Fake Out
- Parting Shot

Charizard @ Charizardite Y
Ability: Drought
Timid Nature
- Solar Beam
- Weather Ball
- Protect
- Heat Wave

Raichu @ Raichunite Y
Ability: No Guard
Timid Nature
- Focus Blast
- Zap Cannon
- Volt Switch
- Fake Out

Sneasler @ White Herb
Ability: Unburden
Jolly Nature
- Dire Claw
- Close Combat
- Fake Out
- Protect

Whimsicott @ Leftovers
Ability: Prankster
Bold Nature
- Tailwind
- Dazzling Gleam
- Leech Seed
- Protect

Garchomp @ Focus Sash
Ability: Rough Skin
Adamant Nature
- Earthquake
- Rock Slide
- Swords Dance
- Scale Shot",https://play.limitlesstcg.com/tournament/6a32a5ae2d97f3b0c2618621/player/savid400/teamlist
2026-06-18,r/VGC Regulation M-B Kickoff Cup,154,CooledOregon,1-1-0,Maushold,Gholdengo,Staraptor,Incineroar,Whimsicott,Milotic,"Maushold @ Wide Lens
Ability: Technician
Jolly Nature
- Population Bomb
- Super Fang
- Follow Me
- Protect

Gholdengo @ Life Orb
Ability: Good as Gold
Modest Nature
- Make It Rain
- Shadow Ball
- Nasty Plot
- Protect

Staraptor @ Staraptite
Ability: Intimidate
Jolly Nature
- Close Combat
- Brave Bird
- Roost
- Protect

Incineroar @ Sitrus Berry
Ability: Intimidate
Careful Nature
- Parting Shot
- Fake Out
- Throat Chop
- Flare Blitz

Whimsicott @ Focus Sash
Ability: Prankster
Timid Nature
- Moonblast
- Tailwind
- Encore
- Charm

Milotic @ Leftovers
Ability: Competitive
Bold Nature
- Icy Wind
- Muddy Water
- Recover
- Protect",https://play.limitlesstcg.com/tournament/6a32a5ae2d97f3b0c2618621/player/cooledoregon/teamlist
2026-06-18,r/VGC Regulation M-B Kickoff Cup,155,Nisanth,1-4-0,Mawile,Torkoal,Farigiraf,Gallade,Sinistcha,Scrafty,"Mawile @ Mawilite
Ability: Intimidate
Brave Nature
- Swords Dance
- Play Rough
- Sucker Punch
- Protect

Torkoal @ Charcoal
Ability: Drought
Quiet Nature
- Eruption
- Solar Beam
- Weather Ball
- Protect

Farigiraf @ Focus Sash
Ability: Armor Tail
Bold Nature
- Psychic
- Helping Hand
- Trick Room
- Protect

Gallade @ Iron Ball
Ability: Sharpness
Brave Nature
- Sacred Sword
- Psycho Cut
- Wide Guard
- Trick Room

Sinistcha @ Coba Berry
Ability: Hospitality
Quiet Nature
- Trick Room
- Matcha Gotcha
- Rage Powder
- Protect

Scrafty @ Scraftinite
Ability: Intimidate
Brave Nature
- Fake Out
- Close Combat
- Knock Off
- Rock Slide",https://play.limitlesstcg.com/tournament/6a32a5ae2d97f3b0c2618621/player/nisanth/teamlist
2026-06-18,r/VGC Regulation M-B Kickoff Cup,156,Eniuz,1-6-0,Incineroar,Gholdengo,Corviknight,Azumarill,Dragonite,Gengar,"Incineroar @ Sitrus Berry
Ability: Intimidate
Jolly Nature
- Darkest Lariat
- Parting Shot
- Fake Out
- Protect

Gholdengo @ Metal Coat
Ability: Good as Gold
Modest Nature
- Make It Rain
- Nasty Plot
- Recover
- Protect

Corviknight @ Leftovers
Ability: Mirror Armor
Impish Nature
- Tailwind
- Body Press
- U-turn
- Roost

Azumarill @ Metronome
Ability: Huge Power
Adamant Nature
- Play Rough
- Aqua Jet
- Helping Hand
- Protect

Dragonite @ Dragon Fang
Ability: Multiscale
Modest Nature
- Draco Meteor
- Ice Beam
- Protect
- Extreme Speed

Gengar @ Focus Sash
Ability: Cursed Body
Modest Nature
- Shadow Ball
- Sludge Bomb
- Nasty Plot
- Protect",https://play.limitlesstcg.com/tournament/6a32a5ae2d97f3b0c2618621/player/eniuz/teamlist
2026-06-18,r/VGC Regulation M-B Kickoff Cup,157,ARegularGuy,1-2-0,Grimmsnarl,Staraptor,Basculegion,Sylveon,Sinistcha,Garchomp,"Grimmsnarl @ Light Clay
Ability: Prankster
Careful Nature
- Light Screen
- Reflect
- Parting Shot
- Foul Play

Staraptor @ Staraptite
Ability: Intimidate
Jolly Nature
- Close Combat
- Brave Bird
- Roost
- Protect

Basculegion @ Choice Scarf
Ability: Adaptability
Jolly Nature
- Flip Turn
- Last Respects
- Wave Crash
- Aqua Jet

Sylveon @ Fairy Feather
Ability: Pixilate
Modest Nature
- Protect
- Roar
- Quick Attack
- Hyper Voice

Sinistcha @ Sitrus Berry
Ability: Hospitality
Bold Nature
- Matcha Gotcha
- Rage Powder
- Life Dew
- Protect

Garchomp @ Life Orb
Ability: Rough Skin
Jolly Nature
- Earthquake
- Protect
- Dragon Claw
- Rock Slide",https://play.limitlesstcg.com/tournament/6a32a5ae2d97f3b0c2618621/player/aregularguy/teamlist
2026-06-18,r/VGC Regulation M-B Kickoff Cup,158,Zachk052510,1-3-0,Venusaur,Gholdengo,Aerodactyl,Kommo-O,Grimmsnarl,Rotom-Wash,"Venusaur @ Venusaurite
Ability: Chlorophyll
Modest Nature
- Giga Drain
- Sludge Bomb
- Earth Power
- Protect

Gholdengo @ Life Orb
Ability: Good as Gold
Modest Nature
- Make It Rain
- Shadow Ball
- Nasty Plot
- Protect

Aerodactyl @ Aerodactylite
Ability: Unnerve
Jolly Nature
- Rock Slide
- Dual Wingbeat
- Tailwind
- Protect

Kommo-O @ Leftovers
Ability: Soundproof
Modest Nature
- Clanging Scales
- Clangorous Soul
- Aura Sphere
- Protect

Grimmsnarl @ Light Clay
Ability: Prankster
Careful Nature
- Light Screen
- Reflect
- Scary Face
- Spirit Break

Rotom-Wash @ Sitrus Berry
Ability: Levitate
Bold Nature
- Hydro Pump
- Thunderbolt
- Will-O-Wisp
- Protect",https://play.limitlesstcg.com/tournament/6a32a5ae2d97f3b0c2618621/player/zachk052510/teamlist
2026-06-18,r/VGC Regulation M-B Kickoff Cup,159,Malvisir,1-2-0,Scrafty,Sinistcha,Sylveon,Basculegion,Blastoise,Sableye,"Scrafty @ Scraftinite
Ability: Intimidate
Careful Nature
- Knock Off
- Fake Out
- Coaching
- Helping Hand

Sinistcha @ Sitrus Berry
Ability: Hospitality
Bold Nature
- Matcha Gotcha
- Life Dew
- Rage Powder
- Trick Room

Sylveon @ Fairy Feather
Ability: Pixilate
Modest Nature
- Hyper Voice
- Detect
- Yawn
- Quick Attack

Basculegion @ Choice Scarf
Ability: Adaptability
Jolly Nature
- Last Respects
- Flip Turn
- Wave Crash
- Aqua Jet

Blastoise @ White Herb
Ability: Rain Dish
Modest Nature
- Water Pulse
- Muddy Water
- Shell Smash
- Protect

Sableye @ Roseli Berry
Ability: Prankster
Impish Nature
- Light Screen
- Encore
- Rain Dance
- Disable",https://play.limitlesstcg.com/tournament/6a32a5ae2d97f3b0c2618621/player/malvisir/teamlist
2026-06-18,r/VGC Regulation M-B Kickoff Cup,160,Sinisti,1-4-0,Armarouge,Mawile,Dragonite,Sneasler,Grimmsnarl,Glimmora,"Armarouge @ Life Orb
Ability: Flash Fire
Quiet Nature
- Armor Cannon
- Psychic
- Trick Room
- Protect

Mawile @ Mawilite
Ability: Intimidate
Adamant Nature
- Iron Head
- Play Rough
- Sucker Punch
- Protect

Dragonite @ Dragoninite
Ability: Multiscale
Modest Nature
- Draco Meteor
- Heat Wave
- Tailwind
- Protect

Sneasler @ White Herb
Ability: Unburden
Adamant Nature
- Fake Out
- Close Combat
- Dire Claw
- Protect

Grimmsnarl @ Light Clay
Ability: Prankster
Careful Nature
- Spirit Break
- Reflect
- Light Screen
- Parting Shot

Glimmora @ Focus Sash
Ability: Toxic Debris
Timid Nature
- Power Gem
- Sludge Bomb
- Earth Power
- Spiky Shield",https://play.limitlesstcg.com/tournament/6a32a5ae2d97f3b0c2618621/player/sinisti/teamlist
2026-06-18,r/VGC Regulation M-B Kickoff Cup,161,QrdeMac,1-2-0,Gengar,Incineroar,Politoed,Archaludon,Sinistcha,Basculegion,"Gengar @ Gengarite
Ability: Cursed Body
Timid Nature
- Shadow Ball
- Perish Song
- Disable
- Protect

Incineroar @ Passho Berry
Ability: Intimidate
Careful Nature
- Throat Chop
- Parting Shot
- Fake Out
- Protect

Politoed @ Sitrus Berry
Ability: Drizzle
Calm Nature
- Weather Ball
- Perish Song
- Encore
- Protect

Archaludon @ Leftovers
Ability: Stamina
Calm Nature
- Dragon Pulse
- Electro Shot
- Flash Cannon
- Protect

Sinistcha @ Kasib Berry
Ability: Hospitality
Bold Nature
- Matcha Gotcha
- Rage Powder
- Life Dew
- Protect

Basculegion @ Choice Scarf
Ability: Adaptability
Jolly Nature
- Wave Crash
- Last Respects
- Flip Turn
- Aqua Jet",https://play.limitlesstcg.com/tournament/6a32a5ae2d97f3b0c2618621/player/qrdemac/teamlist
2026-06-18,r/VGC Regulation M-B Kickoff Cup,162,NIRVANA,1-4-0,Machamp,Raichu,Kingambit,Garchomp,Politoed,Gyarados,"Machamp @ Quick Claw
Ability: No Guard
Adamant Nature
- Dynamic Punch
- Stone Edge
- Ice Punch
- Darkest Lariat

Raichu @ Raichunite X
Ability: Lightning Rod
Jolly Nature
- Volt Tackle
- Fake Out
- Play Rough
- Volt Switch

Kingambit @ Sitrus Berry
Ability: Supreme Overlord
Adamant Nature
- Sucker Punch
- Kowtow Cleave
- Iron Head
- Swords Dance

Garchomp @ Leftovers
Ability: Rough Skin
Jolly Nature
- Outrage
- Earthquake
- Rock Slide
- Swords Dance

Politoed @ Damp Rock
Ability: Drizzle
Modest Nature
- Weather Ball
- Hypnosis
- Helping Hand
- Protect

Gyarados @ Focus Sash
Ability: Intimidate
Jolly Nature
- Earthquake
- Waterfall
- Ice Fang
- Dragon Dance",https://play.limitlesstcg.com/tournament/6a32a5ae2d97f3b0c2618621/player/nirvana/teamlist
2026-06-18,r/VGC Regulation M-B Kickoff Cup,163,Eduardo_Leite,1-1-0,Annihilape,Staraptor,Maushold,Delphox,Whimsicott,Corviknight,"Annihilape @ Leftovers
Ability: Defiant
Jolly Nature
- Rage Fist
- Protect
- Drain Punch
- Bulk Up

Staraptor @ Staraptite
Ability: Intimidate
Jolly Nature
- Protect
- U-turn
- Brave Bird
- Close Combat

Maushold @ Chople Berry
Ability: Friend Guard
Timid Nature
- Super Fang
- Beat Up
- Protect
- Follow Me

Delphox @ Delphoxite
Ability: Blaze
Timid Nature
- Nasty Plot
- Heat Wave
- Psyshock
- Protect

Whimsicott @ Focus Sash
Ability: Prankster
Modest Nature
- Moonblast
- Tailwind
- Encore
- Light Screen

Corviknight @ Metal Coat
Ability: Mirror Armor
Impish Nature
- Roost
- Iron Defense
- Body Press
- Iron Head",https://play.limitlesstcg.com/tournament/6a32a5ae2d97f3b0c2618621/player/eduardo_leite/teamlist
2026-06-18,r/VGC Regulation M-B Kickoff Cup,164,pep_QC,1-3-0,Aerodactyl,Orthworm,Eelektross,Primarina,Arcanine-Hisui,Garchomp,"Aerodactyl @ Focus Sash
Ability: Unnerve
Jolly Nature
- Rock Slide
- Dual Wingbeat
- Wide Guard
- Tailwind

Orthworm @ Sitrus Berry
Ability: Earth Eater
Impish Nature
- Shed Tail
- Heavy Slam
- Rock Slide
- Body Press

Eelektross @ Eelektrossite
Ability: Levitate
Modest Nature
- Thunderbolt
- Flamethrower
- Giga Drain
- Dragon Pulse

Primarina @ Leftovers
Ability: Liquid Voice
Calm Nature
- Hyper Voice
- Protect
- Moonblast
- Icy Wind

Arcanine-Hisui @ White Herb
Ability: Intimidate
Adamant Nature
- Flare Blitz
- Rock Slide
- Close Combat
- Extreme Speed

Garchomp @ Choice Scarf
Ability: Rough Skin
Jolly Nature
- Iron Head
- Dragon Claw
- Stomping Tantrum
- Rock Slide",https://play.limitlesstcg.com/tournament/6a32a5ae2d97f3b0c2618621/player/pep_qc/teamlist
2026-06-18,r/VGC Regulation M-B Kickoff Cup,165,ifoadama,1-3-0,Dragonite,Swampert,Pelipper,Incineroar,Overqwil,Annihilape,"Dragonite @ Dragoninite
Ability: Multiscale
Tera Type: Dragon
Modest Nature
- Thunder
- Dragon Pulse
- Protect
- Hurricane

Swampert @ Swampertite
Ability: Damp
Tera Type: Water
Adamant Nature
- Earthquake
- Bulk Up
- Wave Crash
- Protect

Pelipper @ Focus Sash
Ability: Drizzle
Tera Type: Water
Timid Nature
- Hurricane
- Weather Ball
- Protect
- Tailwind

Incineroar @ Sitrus Berry
Ability: Intimidate
Tera Type: Fire
Adamant Nature
- Flare Blitz
- Darkest Lariat
- Fake Out
- Parting Shot

Overqwil @ Life Orb
Ability: Swift Swim
Tera Type: Dark
Adamant Nature
- Poison Jab
- Icy Wind
- Protect
- Throat Chop

Annihilape @ Black Belt
Ability: Defiant
Tera Type: Fighting
Jolly Nature
- Rock Slide
- Close Combat
- Coaching
- Shadow Claw",https://play.limitlesstcg.com/tournament/6a32a5ae2d97f3b0c2618621/player/ifoadama/teamlist
2026-06-18,r/VGC Regulation M-B Kickoff Cup,166,Sofru,1-3-0,Staraptor,Pyroar,Gholdengo,Whimsicott,Sinistcha,Garchomp,"Staraptor @ Staraptite
Ability: Intimidate
Jolly Nature
- Protect
- Close Combat
- Brave Bird
- Roost

Pyroar @ Pyroarite
Ability: Unnerve
Timid Nature
- Protect
- Heat Crash
- Flame Burst
- Taunt

Gholdengo @ Choice Scarf
Ability: Good as Gold
Timid Nature
- Make It Rain
- Shadow Ball
- Power Gem
- Trick

Whimsicott @ Focus Sash
Ability: Prankster
Timid Nature
- Tailwind
- Charm
- Moonblast
- Protect

Sinistcha @ Kasib Berry
Ability: Hospitality
Calm Nature
- Matcha Gotcha
- Rage Powder
- Strength Sap
- Protect

Garchomp @ Life Orb
Ability: Rough Skin
Jolly Nature
- Protect
- Earthquake
- Rock Slide
- Dragon Claw",https://play.limitlesstcg.com/tournament/6a32a5ae2d97f3b0c2618621/player/sofru/teamlist
2026-06-18,r/VGC Regulation M-B Kickoff Cup,167,Owsteen,1-2-0,Incineroar,Metagross,Whimsicott,Gholdengo,Basculegion,Eelektross,"Incineroar @ Charcoal
Ability: Intimidate
Impish Nature
- Fake Out
- Flare Blitz
- Protect
- Will-O-Wisp

Metagross @ Metagrossite
Ability: Clear Body
Adamant Nature
- Body Press
- Meteor Mash
- Protect
- Psychic Fangs

Whimsicott @ Focus Sash
Ability: Prankster
Timid Nature
- Tailwind
- Encore
- Protect
- Moonblast

Gholdengo @ White Herb
Ability: Good as Gold
Modest Nature
- Make It Rain
- Nasty Plot
- Shadow Ball
- Protect

Basculegion @ Life Orb
Ability: Adaptability
Jolly Nature
- Last Respects
- Wave Crash
- Protect
- Head Smash

Eelektross @ Eelektrossite
Ability: Levitate
Adamant Nature
- Supercell Slam
- Protect
- Liquidation
- Dragon Claw",https://play.limitlesstcg.com/tournament/6a32a5ae2d97f3b0c2618621/player/owsteen/teamlist
2026-06-18,r/VGC Regulation M-B Kickoff Cup,168,Recklesstreecko,1-3-0,Swampert,Metagross,Pelipper,Sableye,Archaludon,Basculegion,"Swampert @ Swampertite
Ability: Torrent
Adamant Nature
- Wave Crash
- Stomping Tantrum
- Protect
- Ice Punch

Metagross @ Metagrossite
Ability: Clear Body
Jolly Nature
- Psychic Fangs
- Iron Head
- Bullet Punch
- Protect

Pelipper @ Focus Sash
Ability: Drizzle
Timid Nature
- Hurricane
- Weather Ball
- Tailwind
- Wide Guard

Sableye @ Roseli Berry
Ability: Prankster
Calm Nature
- Fake Out
- Foul Play
- Quash
- Rain Dance

Archaludon @ Leftovers
Ability: Stamina
Modest Nature
- Electro Shot
- Draco Meteor
- Flash Cannon
- Protect

Basculegion @ Choice Scarf
Ability: Swift Swim
Jolly Nature
- Wave Crash
- Aqua Jet
- Flip Turn
- Last Respects",https://play.limitlesstcg.com/tournament/6a32a5ae2d97f3b0c2618621/player/recklesstreecko/teamlist
2026-06-18,r/VGC Regulation M-B Kickoff Cup,169,Fonsi,1-3-0,Gengar,Sceptile,Rotom-Heat,Incineroar,Sinistcha,Politoed,"Gengar @ Gengarite
Ability: Cursed Body
Timid Nature
- Protect
- Perish Song
- Disable
- Shadow Ball

Sceptile @ Sceptilite
Ability: Overgrow
Modest Nature
- Leaf Storm
- Earth Power
- Dragon Pulse
- Protect

Rotom-Heat @ Choice Scarf
Ability: Levitate
Modest Nature
- Discharge
- Volt Switch
- Overheat
- Thunder

Incineroar @ Passho Berry
Ability: Intimidate
Sassy Nature
- Fake Out
- Parting Shot
- Throat Chop
- Protect

Sinistcha @ Kasib Berry
Ability: Hospitality
Relaxed Nature
- Protect
- Trick Room
- Rage Powder
- Matcha Gotcha

Politoed @ Sitrus Berry
Ability: Drizzle
Calm Nature
- Protect
- Perish Song
- Weather Ball
- Encore",https://play.limitlesstcg.com/tournament/6a32a5ae2d97f3b0c2618621/player/fonsi/teamlist
2026-06-18,r/VGC Regulation M-B Kickoff Cup,171,Anti07,1-6-0,Raichu,Gholdengo,Archaludon,Pelipper,Sneasler,Garchomp,"Raichu @ Raichunite X
Ability: Lightning Rod
Timid Nature
- Rising Voltage
- Electroweb
- Fake Out
- Protect

Gholdengo @ Choice Scarf
Ability: Good as Gold
Timid Nature
- Make It Rain
- Shadow Ball
- Power Gem
- Dazzling Gleam

Archaludon @ Sitrus Berry
Ability: Stamina
Modest Nature
- Flash Cannon
- Electro Shot
- Dragon Pulse
- Protect

Pelipper @ Focus Sash
Ability: Drizzle
Timid Nature
- Hurricane
- Weather Ball
- Tailwind
- Wide Guard

Sneasler @ White Herb
Ability: Unburden
Jolly Nature
- Dire Claw
- Close Combat
- Fake Out
- Throat Chop

Garchomp @ Life Orb
Ability: Rough Skin
Adamant Nature
- Earthquake
- Stomping Tantrum
- Dragon Claw
- Protect",https://play.limitlesstcg.com/tournament/6a32a5ae2d97f3b0c2618621/player/anti07/teamlist
2026-06-18,r/VGC Regulation M-B Kickoff Cup,172,Spyrix,1-1-0,Metagross,Kommo-O,Sylveon,Aerodactyl,Incineroar,Milotic,"Metagross @ Metagrossite
Ability: Clear Body
Adamant Nature
- Iron Head
- Psychic Fangs
- Stomping Tantrum
- Protect

Kommo-O @ Leftovers
Ability: Soundproof
Modest Nature
- Clanging Scales
- Aura Sphere
- Clangorous Soul
- Protect

Sylveon @ Fairy Feather
Ability: Pixilate
Modest Nature
- Hyper Voice
- Hyper Beam
- Quick Attack
- Detect

Aerodactyl @ Aerodactylite
Ability: Unnerve
Jolly Nature
- Rock Slide
- Dual Wingbeat
- Tailwind
- Protect

Incineroar @ Passho Berry
Ability: Intimidate
Careful Nature
- Flare Blitz
- Throat Chop
- Parting Shot
- Fake Out

Milotic @ Sitrus Berry
Ability: Competitive
Modest Nature
- Scald
- Icy Wind
- Life Dew
- Protect",https://play.limitlesstcg.com/tournament/6a32a5ae2d97f3b0c2618621/player/spyrix/teamlist
2026-06-18,r/VGC Regulation M-B Kickoff Cup,173,Leosse,1-6-0,Staraptor,Sinistcha,Floette-Eternal,Raichu,Incineroar,Ceruledge,"Staraptor @ Staraptite
Ability: Intimidate
Jolly Nature
- Brave Bird
- Close Combat
- Roost
- Tailwind

Sinistcha @ Kasib Berry
Ability: Hospitality
Bold Nature
- Matcha Gotcha
- Life Dew
- Trick Room
- Rage Powder

Floette-Eternal @ Floettite
Ability: Flower Veil
Modest Nature
- Dazzling Gleam
- Draining Kiss
- Calm Mind
- Protect

Raichu @ Focus Sash
Ability: Lightning Rod
Hasty Nature
- Volt Switch
- Charm
- Fake Out
- Electroweb

Incineroar @ Passho Berry
Ability: Intimidate
Careful Nature
- Fake Out
- Parting Shot
- Throat Chop
- Flare Blitz

Ceruledge @ Colbur Berry
Ability: Flash Fire
Adamant Nature
- Bitter Blade
- Shadow Sneak
- Bulk Up
- Protect",https://play.limitlesstcg.com/tournament/6a32a5ae2d97f3b0c2618621/player/leosse/teamlist
2026-06-18,r/VGC Regulation M-B Kickoff Cup,174,Davidvillamusic,1-1-0,Metagross,Sneasler,Garchomp,Rotom-Wash,Incineroar,Ninetales-Alola,"Metagross @ Metagrossite
Ability: Clear Body
Jolly Nature
- Psychic Fangs
- Iron Head
- Body Press
- Protect

Sneasler @ Focus Sash
Ability: Unburden
Jolly Nature
- Dire Claw
- Close Combat
- Coaching
- Protect

Garchomp @ Choice Scarf
Ability: Rough Skin
Adamant Nature
- Earthquake
- Stomping Tantrum
- Rock Slide
- Dragon Claw

Rotom-Wash @ Sitrus Berry
Ability: Levitate
Bold Nature
- Volt Switch
- Hydro Pump
- Will-O-Wisp
- Protect

Incineroar @ Chople Berry
Ability: Intimidate
Impish Nature
- Fake Out
- Flare Blitz
- Throat Chop
- Parting Shot

Ninetales-Alola @ Life Orb
Ability: Snow Warning
Timid Nature
- Blizzard
- Moonblast
- Encore
- Protect",https://play.limitlesstcg.com/tournament/6a32a5ae2d97f3b0c2618621/player/davidvillamusic/teamlist
2026-06-18,r/VGC Regulation M-B Kickoff Cup,175,LorGhez11,1-2-0,Garchomp,Staraptor,Incineroar,Sinistcha,Grimmsnarl,Metagross,"Garchomp @ Life Orb
Ability: Rough Skin
Jolly Nature
- Protect
- Rock Slide
- Dragon Claw
- Earthquake

Staraptor @ Staraptite
Ability: Intimidate
Jolly Nature
- Protect
- Tailwind
- Dual Wingbeat
- Close Combat

Incineroar @ Sitrus Berry
Ability: Intimidate
Careful Nature
- Fake Out
- Parting Shot
- Will-O-Wisp
- Flare Blitz

Sinistcha @ Colbur Berry
Ability: Hospitality
Calm Nature
- Protect
- Rage Powder
- Life Dew
- Matcha Gotcha

Grimmsnarl @ Light Clay
Ability: Prankster
Careful Nature
- Reflect
- Light Screen
- Parting Shot
- Foul Play

Metagross @ Metagrossite
Ability: Clear Body
Adamant Nature
- Protect
- Iron Head
- Rock Tomb
- Psychic Fangs",https://play.limitlesstcg.com/tournament/6a32a5ae2d97f3b0c2618621/player/lorghez11/teamlist
2026-06-18,r/VGC Regulation M-B Kickoff Cup,176,PokeOpposition,1-2-0,Metagross,Swampert,Sableye,Sneasler,Hydreigon,Pelipper,"Metagross @ Metagrossite
Ability: Clear Body
Adamant Nature
- Protect
- Stomping Tantrum
- Iron Head
- Psychic Fangs

Swampert @ Swampertite
Ability: Torrent
Adamant Nature
- Wave Crash
- High Horsepower
- Ice Punch
- Protect

Sableye @ Sitrus Berry
Ability: Prankster
Impish Nature
- Thunder Wave
- Light Screen
- Reflect
- Rain Dance

Sneasler @ Focus Sash
Ability: Unburden
Jolly Nature
- Fake Out
- Dire Claw
- Coaching
- Close Combat

Hydreigon @ Choice Scarf
Ability: Levitate
Modest Nature
- Draco Meteor
- Dark Pulse
- Snarl
- Earth Power

Pelipper @ Leftovers
Ability: Drizzle
Bold Nature
- Protect
- Hurricane
- Weather Ball
- Tailwind",https://play.limitlesstcg.com/tournament/6a32a5ae2d97f3b0c2618621/player/pokeopposition/teamlist
2026-06-18,r/VGC Regulation M-B Kickoff Cup,177,MrBurns,1-1-0,Whimsicott,Garchomp,Metagross,Staraptor,Incineroar,Basculegion,"Whimsicott @ Focus Sash
Ability: Prankster
Timid Nature
- Moonblast
- Tailwind
- Encore
- Protect

Garchomp @ Life Orb
Ability: Rough Skin
Jolly Nature
- Stomping Tantrum
- Dragon Claw
- Rock Slide
- Protect

Metagross @ Metagrossite
Ability: Clear Body
Jolly Nature
- Meteor Mash
- Psychic Fangs
- Stomping Tantrum
- Protect

Staraptor @ Staraptite
Ability: Intimidate
Adamant Nature
- Close Combat
- Brave Bird
- Roost
- Protect

Incineroar @ Sitrus Berry
Ability: Intimidate
Impish Nature
- Fake Out
- Flare Blitz
- Throat Chop
- Parting Shot

Basculegion @ Mystic Water
Ability: Adaptability
Adamant Nature
- Wave Crash
- Aqua Jet
- Last Respects
- Protect",https://play.limitlesstcg.com/tournament/6a32a5ae2d97f3b0c2618621/player/mrburns/teamlist
2026-06-18,r/VGC Regulation M-B Kickoff Cup,178,Evelyn K,1-2-0,Blaziken,Kingambit,Basculegion,Sinistcha,Mamoswine,Froslass,"Blaziken @ Blazikenite
Ability: Speed Boost
Adamant Nature
- Protect
- Flare Blitz
- Close Combat
- Coaching

Kingambit @ Black Glasses
Ability: Defiant
Tera Type: Dark
Adamant Nature
- Protect
- Kowtow Cleave
- Iron Head
- Sucker Punch

Basculegion @ Sitrus Berry
Ability: Adaptability
Tera Type: Water
Adamant Nature
- Protect
- Wave Crash
- Last Respects
- Aqua Jet

Sinistcha @ Kasib Berry
Ability: Hospitality
Bold Nature
- Protect
- Matcha Gotcha
- Rage Powder
- Trick Room

Mamoswine @ Life Orb
Ability: Oblivious
Adamant Nature
- Protect
- Icicle Crash
- Stomping Tantrum
- Ice Shard

Froslass @ Froslassite
Ability: Cursed Body
Modest Nature
- Protect
- Blizzard
- Shadow Ball
- Aurora Veil",https://play.limitlesstcg.com/tournament/6a32a5ae2d97f3b0c2618621/player/eeveeiynn/teamlist
2026-06-18,r/VGC Regulation M-B Kickoff Cup,179,OssigenoTTV9,1-2-0,Metagross,Swampert,Pelipper,Sylveon,Kingambit,Sinistcha,"Metagross @ Metagrossite
Ability: Clear Body
Adamant Nature
- Body Press
- Shadow Claw
- Meteor Mash
- Psychic Fangs

Swampert @ Swampertite
Ability: Torrent
Adamant Nature
- Wave Crash
- Earthquake
- Ice Punch
- Poison Jab

Pelipper @ Focus Sash
Ability: Drizzle
Timid Nature
- Hurricane
- Weather Ball
- Wide Guard
- Tailwind

Sylveon @ Fairy Feather
Ability: Pixilate
Modest Nature
- Hyper Voice
- Moonblast
- Calm Mind
- Detect

Kingambit @ Chople Berry
Ability: Defiant
Adamant Nature
- Iron Head
- Protect
- Kowtow Cleave
- Sucker Punch

Sinistcha @ Sitrus Berry
Ability: Hospitality
Bold Nature
- Matcha Gotcha
- Life Dew
- Rage Powder
- Tri Attack",https://play.limitlesstcg.com/tournament/6a32a5ae2d97f3b0c2618621/player/ossigenottv9/teamlist
2026-06-18,r/VGC Regulation M-B Kickoff Cup,180,CheezyVGC,1-2-0,Sceptile,Rotom-Heat,Basculegion,Aerodactyl,Garchomp,Floette-Eternal,"Sceptile @ Sceptilite
Ability: Overgrow
Timid Nature
- Grass Knot
- Dragon Pulse
- Earth Power
- Detect

Rotom-Heat @ Choice Scarf
Ability: Levitate
Timid Nature
- Thunderbolt
- Overheat
- Volt Switch
- Discharge

Basculegion @ Sitrus Berry
Ability: Adaptability
Adamant Nature
- Wave Crash
- Last Respects
- Aqua Jet
- Protect

Aerodactyl @ Focus Sash
Ability: Unnerve
Jolly Nature
- Rock Slide
- Dual Wingbeat
- Tailwind
- Wide Guard

Garchomp @ Life Orb
Ability: Rough Skin
Jolly Nature
- Dragon Claw
- Earthquake
- Rock Slide
- Protect

Floette-Eternal @ Floettite
Ability: Flower Veil
Timid Nature
- Moonblast
- Dazzling Gleam
- Light of Ruin
- Protect",https://play.limitlesstcg.com/tournament/6a32a5ae2d97f3b0c2618621/player/cheezyvgc/teamlist
2026-06-18,r/VGC Regulation M-B Kickoff Cup,181,252MdstWtrSpout,1-1-0,Metagross,Ninetales-Alola,Hydreigon,Garchomp,Talonflame,Sneasler,"Metagross @ Metagrossite
Ability: Clear Body
Jolly Nature
- Meteor Mash
- Psychic Fangs
- Stomping Tantrum
- Protect

Ninetales-Alola @ Light Clay
Ability: Snow Warning
Timid Nature
- Blizzard
- Freeze-Dry
- Aurora Veil
- Protect

Hydreigon @ Choice Scarf
Ability: Levitate
Modest Nature
- Draco Meteor
- Dark Pulse
- Earth Power
- Snarl

Garchomp @ Life Orb
Ability: Rough Skin
Jolly Nature
- Dragon Claw
- Earthquake
- Rock Slide
- Protect

Talonflame @ Sharp Beak
Ability: Gale Wings
Jolly Nature
- Dual Wingbeat
- Will-O-Wisp
- Tailwind
- Protect

Sneasler @ White Herb
Ability: Unburden
Jolly Nature
- Dire Claw
- Close Combat
- Fake Out
- Protect",https://play.limitlesstcg.com/tournament/6a32a5ae2d97f3b0c2618621/player/252mdstwtrspout/teamlist
2026-06-18,r/VGC Regulation M-B Kickoff Cup,182,Pacca,1-6-0,Staraptor,Glimmora,Whimsicott,Garchomp,Gholdengo,Incineroar,"Staraptor @ Staraptite
Ability: Intimidate
Jolly Nature
- Close Combat
- Dual Wingbeat
- Roost
- Protect

Glimmora @ Focus Sash
Ability: Toxic Debris
Modest Nature
- Power Gem
- Sludge Bomb
- Earth Power
- Spiky Shield

Whimsicott @ Babiri Berry
Ability: Prankster
Timid Nature
- Moonblast
- Tailwind
- Charm
- Protect

Garchomp @ Life Orb
Ability: Rough Skin
Jolly Nature
- Dragon Claw
- Earthquake
- Rock Tomb
- Protect

Gholdengo @ Leftovers
Ability: Good as Gold
Modest Nature
- Make It Rain
- Shadow Ball
- Nasty Plot
- Protect

Incineroar @ Sitrus Berry
Ability: Intimidate
Impish Nature
- Fake Out
- Flare Blitz
- Throat Chop
- Parting Shot",https://play.limitlesstcg.com/tournament/6a32a5ae2d97f3b0c2618621/player/pacca/teamlist
2026-06-18,r/VGC Regulation M-B Kickoff Cup,183,ruless,1-6-0,Swampert,Pelipper,Meowscarada,Archaludon,Grimmsnarl,Annihilape,"Swampert @ Swampertite
Ability: Torrent
Jolly Nature
- Wave Crash
- Earthquake
- Ice Punch
- Protect

Pelipper @ Sitrus Berry
Ability: Drizzle
Modest Nature
- Tailwind
- Hurricane
- Weather Ball
- Wide Guard

Meowscarada @ Focus Sash
Ability: Overgrow
Jolly Nature
- Flower Trick
- Protect
- Triple Axel
- Sucker Punch

Archaludon @ Leftovers
Ability: Stamina
Modest Nature
- Aura Sphere
- Electro Shot
- Flash Cannon
- Protect

Grimmsnarl @ Light Clay
Ability: Prankster
Careful Nature
- Parting Shot
- Light Screen
- Reflect
- Fake Out

Annihilape @ Life Orb
Ability: Defiant
Jolly Nature
- Rage Fist
- Drain Punch
- Protect
- Coaching",https://play.limitlesstcg.com/tournament/6a32a5ae2d97f3b0c2618621/player/ruless/teamlist
2026-06-18,r/VGC Regulation M-B Kickoff Cup,184,Yeray402,1-6-0,Staraptor,Grimmsnarl,Sinistcha,Sylveon,Gholdengo,Garchomp,"Staraptor @ Staraptite
Ability: Contrary
Jolly Nature
- Close Combat
- Brave Bird
- Roost
- Protect

Grimmsnarl @ Light Clay
Ability: Prankster
Careful Nature
- Parting Shot
- Light Screen
- Reflect
- Foul Play

Sinistcha @ Kasib Berry
Ability: Hospitality
Bold Nature
- Matcha Gotcha
- Rage Powder
- Strength Sap
- Protect

Sylveon @ Fairy Feather
Ability: Pixilate
Modest Nature
- Hyper Beam
- Hyper Voice
- Baby-Doll Eyes
- Protect

Gholdengo @ Life Orb
Ability: Good as Gold
Timid Nature
- Shadow Ball
- Make It Rain
- Protect
- Nasty Plot

Garchomp @ Choice Scarf
Ability: Rough Skin
Adamant Nature
- Rock Tomb
- Earthquake
- Stomping Tantrum
- Dragon Claw",https://play.limitlesstcg.com/tournament/6a32a5ae2d97f3b0c2618621/player/yeray402/teamlist
2026-06-18,r/VGC Regulation M-B Kickoff Cup,185,Kieran G,1-3-0,Delphox,Mawile,Torkoal,Basculegion,Grimmsnarl,Farigiraf,"Delphox @ Delphoxite
Ability: Blaze
Quiet Nature
- Protect
- Flamethrower
- Psychic
- Trick Room

Mawile @ Mawilite
Ability: Intimidate
Brave Nature
- Iron Head
- Play Rough
- Swords Dance
- Protect

Torkoal @ Life Orb
Ability: Drought
Quiet Nature
- Eruption
- Protect
- Earth Power
- Heat Wave

Basculegion @ Choice Scarf
Ability: Adaptability
Jolly Nature
- Last Respects
- Wave Crash
- Aqua Jet
- Psychic Fangs

Grimmsnarl @ Light Clay
Ability: Prankster
Sassy Nature
- Foul Play
- Fake Out
- Reflect
- Light Screen

Farigiraf @ Sitrus Berry
Ability: Armor Tail
Quiet Nature
- Twin Beam
- Trick Room
- Hyper Voice
- Protect",https://play.limitlesstcg.com/tournament/6a32a5ae2d97f3b0c2618621/player/giraffe4854/teamlist
2026-06-18,r/VGC Regulation M-B Kickoff Cup,186,Luxerna,1-6-0,Whimsicott,Delphox,Staraptor,Garchomp,Rotom-Wash,Aegislash,"Whimsicott @ Focus Sash
Ability: Prankster
Timid Nature
- Tailwind
- Moonblast
- Charm
- Sunny Day

Delphox @ Delphoxite
Ability: Blaze
Timid Nature
- Protect
- Psychic
- Heat Wave
- Encore

Staraptor @ Staraptite
Ability: Intimidate
Jolly Nature
- Protect
- Close Combat
- Brave Bird
- U-turn

Garchomp @ Life Orb
Ability: Rough Skin
Adamant Nature
- Protect
- Earthquake
- Dragon Claw
- Rock Slide

Rotom-Wash @ Sitrus Berry
Ability: Levitate
Bold Nature
- Protect
- Hydro Pump
- Thunderbolt
- Will-O-Wisp

Aegislash @ Spell Tag
Ability: Stance Change
Adamant Nature
- King's Shield
- Poltergeist
- Iron Head
- Shadow Sneak",https://play.limitlesstcg.com/tournament/6a32a5ae2d97f3b0c2618621/player/luxerna/teamlist
2026-06-18,r/VGC Regulation M-B Kickoff Cup,187,Extermz,1-1-0,Mawile,Sinistcha,Farigiraf,Torkoal,Incineroar,Feraligatr,"Mawile @ Mawilite
Ability: Intimidate
Brave Nature
- Iron Head
- Play Rough
- Thunder Punch
- Protect

Sinistcha @ Sitrus Berry
Ability: Hospitality
Relaxed Nature
- Trick Room
- Rage Powder
- Matcha Gotcha
- Protect

Farigiraf @ Mental Herb
Ability: Armor Tail
Relaxed Nature
- Psychic
- Protect
- Trick Room
- Hyper Voice

Torkoal @ Charcoal
Ability: Drought
Quiet Nature
- Eruption
- Overheat
- Protect
- Clear Smog

Incineroar @ Chople Berry
Ability: Intimidate
Sassy Nature
- Fake Out
- Helping Hand
- Parting Shot
- Flare Blitz

Feraligatr @ Feraligite
Ability: Sheer Force
Brave Nature
- Double-Edge
- Liquidation
- Rock Slide
- Protect",https://play.limitlesstcg.com/tournament/6a32a5ae2d97f3b0c2618621/player/extermz/teamlist
2026-06-18,r/VGC Regulation M-B Kickoff Cup,188,Flipsicle,0-1-0,Delphox,Sneasler,Scrafty,Azumarill,Maushold,Garchomp,"Delphox @ Delphoxite
Ability: Blaze
Timid Nature
- Protect
- Heat Wave
- Psychic
- Substitute

Sneasler @ White Herb
Ability: Unburden
Jolly Nature
- Fake Out
- Close Combat
- Dire Claw
- Coaching

Scrafty @ Scraftinite
Ability: Intimidate
Adamant Nature
- Fake Out
- Close Combat
- Knock Off
- Helping Hand

Azumarill @ Sitrus Berry
Ability: Huge Power
Adamant Nature
- Belly Drum
- Aqua Jet
- Play Rough
- Protect

Maushold @ Wide Lens
Ability: Friend Guard
Jolly Nature
- Follow Me
- Population Bomb
- Encore
- Protect

Garchomp @ Lum Berry
Ability: Rough Skin
Jolly Nature
- Protect
- Stomping Tantrum
- Dragon Claw
- Stone Edge",https://play.limitlesstcg.com/tournament/6a32a5ae2d97f3b0c2618621/player/flipsicle/teamlist
2026-06-18,r/VGC Regulation M-B Kickoff Cup,189,Mrgentlemanbr,0-1-0,Ceruledge,Dragonite,Froslass,Kingambit,Basculegion,Sneasler,"Ceruledge @ Colbur Berry
Ability: Flash Fire
Adamant Nature
- Bitter Blade
- Shadow Sneak
- Swords Dance
- Protect

Dragonite @ Dragoninite
Ability: Multiscale
Modest Nature
- Tailwind
- Flamethrower
- Dragon Pulse
- Protect

Froslass @ Froslassite
Ability: Snow Cloak
Timid Nature
- Shadow Ball
- Blizzard
- Aurora Veil
- Protect

Kingambit @ Black Glasses
Ability: Defiant
Adamant Nature
- Swords Dance
- Low Kick
- Sucker Punch
- Kowtow Cleave

Basculegion @ Choice Scarf
Ability: Adaptability
Adamant Nature
- Wave Crash
- Aqua Jet
- Last Respects
- Psychic Fangs

Sneasler @ White Herb
Ability: Unburden
Adamant Nature
- Close Combat
- Dire Claw
- Fake Out
- Protect",https://play.limitlesstcg.com/tournament/6a32a5ae2d97f3b0c2618621/player/mrgentlemanbr/teamlist
2026-06-18,r/VGC Regulation M-B Kickoff Cup,190,erikitoh,0-1-0,Tyranitar,Garchomp,Rotom-Wash,Sneasler,Incineroar,Staraptor,"Tyranitar @ Chople Berry
Ability: Sand Stream
Adamant Nature
- Rock Slide
- Knock Off
- Fire Punch
- Protect

Garchomp @ Choice Scarf
Ability: Rough Skin
Jolly Nature
- Earthquake
- Dragon Claw
- Stomping Tantrum
- Rock Slide

Rotom-Wash @ Leftovers
Ability: Levitate
Bold Nature
- Hydro Pump
- Electroweb
- Protect
- Will-O-Wisp

Sneasler @ White Herb
Ability: Unburden
Jolly Nature
- Close Combat
- Dire Claw
- Fake Out
- Protect

Incineroar @ Sitrus Berry
Ability: Blaze
Impish Nature
- Flare Blitz
- Fake Out
- Throat Chop
- Parting Shot

Staraptor @ Staraptite
Ability: Intimidate
Jolly Nature
- Brave Bird
- Close Combat
- Tailwind
- Protect",https://play.limitlesstcg.com/tournament/6a32a5ae2d97f3b0c2618621/player/erikitoh/teamlist
2026-06-18,r/VGC Regulation M-B Kickoff Cup,191,Ehomba2,0-1-0,Raichu,Annihilape,Maushold,Grimmsnarl,Farigiraf,Floette-Eternal,"Raichu @ Raichunite Y
Ability: Lightning Rod
Timid Nature
- Focus Blast
- Zap Cannon
- Dazzling Gleam
- Protect

Annihilape @ Leftovers
Ability: Defiant
Adamant Nature
- Drain Punch
- Rage Fist
- Stone Edge
- Protect

Maushold @ Focus Sash
Ability: Friend Guard
Jolly Nature
- Super Fang
- Thunder Wave
- Follow Me
- Protect

Grimmsnarl @ Light Clay
Ability: Prankster
Impish Nature
- Reflect
- Light Screen
- Parting Shot
- Spirit Break

Farigiraf @ Sitrus Berry
Ability: Armor Tail
Relaxed Nature
- Psychic Noise
- Helping Hand
- Trick Room
- Protect

Floette-Eternal @ Floettite
Ability: Flower Veil
Modest Nature
- Draining Kiss
- Dazzling Gleam
- Calm Mind
- Protect",https://play.limitlesstcg.com/tournament/6a32a5ae2d97f3b0c2618621/player/ehomba2/teamlist
2026-06-18,r/VGC Regulation M-B Kickoff Cup,192,ibsan08,0-1-0,Ditto,Raichu,Sneasler,Aerodactyl,Basculegion,Sinistcha,"Ditto @ Life Orb
Ability: Imposter
Bold Nature
- Transform

Raichu @ Raichunite Y
Ability: Lightning Rod
Timid Nature
- Zap Cannon
- Focus Blast
- Dazzling Gleam
- Protect

Sneasler @ White Herb
Ability: Unburden
Jolly Nature
- Close Combat
- Dire Claw
- Protect
- Fake Out

Aerodactyl @ Life Orb
Ability: Rock Head
Jolly Nature
- Wide Guard
- Tailwind
- Rock Slide
- Dual Wingbeat

Basculegion @ Choice Scarf
Ability: Adaptability
Jolly Nature
- Wave Crash
- Aqua Jet
- Last Respects
- Flip Turn

Sinistcha @ Leftovers
Ability: Hospitality
Calm Nature
- Trick Room
- Matcha Gotcha
- Rage Powder
- Life Dew",https://play.limitlesstcg.com/tournament/6a32a5ae2d97f3b0c2618621/player/ibsan08/teamlist
2026-06-18,r/VGC Regulation M-B Kickoff Cup,193,Bruno Nobre,0-2-0,Kingambit,Pelipper,Raichu,Basculegion,Archaludon,Incineroar,"Kingambit @ Chople Berry
Ability: Defiant
Adamant Nature
- Sucker Punch
- Kowtow Cleave
- Protect
- Iron Head

Pelipper @ Focus Sash
Ability: Drizzle
Timid Nature
- Hurricane
- Weather Ball
- Tailwind
- Protect

Raichu @ Raichunite Y
Ability: No Guard
Timid Nature
- Volt Switch
- Zap Cannon
- Focus Blast
- Dazzling Gleam

Basculegion @ Choice Scarf
Ability: Adaptability
Adamant Nature
- Last Respects
- Aqua Jet
- Wave Crash
- Protect

Archaludon @ Leftovers
Ability: Stamina
Bold Nature
- Electro Shot
- Protect
- Aura Sphere
- Dragon Pulse

Incineroar @ Sitrus Berry
Ability: Intimidate
Adamant Nature
- Fake Out
- Parting Shot
- Flare Blitz
- Taunt",https://play.limitlesstcg.com/tournament/6a32a5ae2d97f3b0c2618621/player/karakuri109/teamlist
2026-06-18,r/VGC Regulation M-B Kickoff Cup,194,Slimeko325,0-2-0,Metagross,Whimsicott,Dragonite,Meowscarada,Rotom-Heat,Palafin,"Metagross @ Metagrossite
Ability: Clear Body
Jolly Nature
- Iron Head
- Rock Slide
- Psychic Fangs
- Protect

Whimsicott @ Focus Sash
Ability: Prankster
Timid Nature
- Tailwind
- Helping Hand
- Protect
- Moonblast

Dragonite @ Dragoninite
Ability: Multiscale
Timid Nature
- Dragon Pulse
- Heat Wave
- Extreme Speed
- Protect

Meowscarada @ Choice Scarf
Ability: Protean
Adamant Nature
- Triple Axel
- Flower Trick
- Knock Off
- Low Kick

Rotom-Heat @ Sitrus Berry
Ability: Levitate
Bold Nature
- Electroweb
- Overheat
- Volt Switch
- Will-O-Wisp

Palafin @ Mystic Water
Ability: Zero to Hero
Adamant Nature
- Wave Crash
- Close Combat
- Jet Punch
- Ice Punch",https://play.limitlesstcg.com/tournament/6a32a5ae2d97f3b0c2618621/player/slimeko325/teamlist
2026-06-18,r/VGC Regulation M-B Kickoff Cup,195,KingAme01,0-2-0,Staraptor,Dragonite,Skarmory,Machamp,Milotic,Kingambit,"Staraptor @ Staraptite
Ability: Intimidate
Careful Nature
- Brave Bird
- U-turn
- Facade
- Close Combat

Dragonite @ Sitrus Berry
Ability: Inner Focus
Modest Nature
- Draco Meteor
- Fire Blast
- Ice Beam
- Extreme Speed

Skarmory @ Metal Coat
Ability: Sturdy
Jolly Nature
- Brave Bird
- Tailwind
- Protect
- Iron Head

Machamp @ Life Orb
Ability: No Guard
Adamant Nature
- Dynamic Punch
- Stone Edge
- Ice Punch
- Bullet Punch

Milotic @ Leftovers
Ability: Competitive
Relaxed Nature
- Scald
- Ice Beam
- Life Dew
- Protect

Kingambit @ Black Glasses
Ability: Defiant
Adamant Nature
- Kowtow Cleave
- Sucker Punch
- Iron Head
- Swords Dance",https://play.limitlesstcg.com/tournament/6a32a5ae2d97f3b0c2618621/player/kingame01/teamlist
2026-06-18,r/VGC Regulation M-B Kickoff Cup,196,Simo23,0-1-0,Mawile,Farigiraf,Eelektross,Kingambit,Torkoal,Sylveon,"Mawile @ Mawilite
Ability: Intimidate
Brave Nature
- Play Rough
- Sucker Punch
- Protect
- Iron Head

Farigiraf @ Sitrus Berry
Ability: Armor Tail
Bold Nature
- Protect
- Trick Room
- Psychic
- Helping Hand

Eelektross @ Eelektrossite
Ability: Levitate
Quiet Nature
- Protect
- Thunderbolt
- Flamethrower
- Giga Drain

Kingambit @ Chople Berry
Ability: Defiant
Adamant Nature
- Sucker Punch
- Iron Head
- Kowtow Cleave
- Low Kick

Torkoal @ Leftovers
Ability: Drought
Serious Nature
- Eruption
- Ancient Power
- Protect
- Solar Beam

Sylveon @ Fairy Feather
Ability: Pixilate
Modest Nature
- Calm Mind
- Hyper Voice
- Hyper Beam
- Protect",https://play.limitlesstcg.com/tournament/6a32a5ae2d97f3b0c2618621/player/simo23/teamlist
2026-06-18,r/VGC Regulation M-B Kickoff Cup,197,Giorgio O,0-2-0,Metagross,Maushold,Garchomp,Kingambit,Sneasler,Froslass,"Metagross @ Metagrossite
Ability: Clear Body
Adamant Nature
- Iron Head
- Psychic Fangs
- Stomping Tantrum
- Protect

Maushold @ Focus Sash
Ability: Friend Guard
Timid Nature
- Super Fang
- Follow Me
- Protect
- Encore

Garchomp @ Life Orb
Ability: Rough Skin
Jolly Nature
- Dragon Claw
- Rock Slide
- Earthquake
- Protect

Kingambit @ Black Glasses
Ability: Defiant
Adamant Nature
- Kowtow Cleave
- Sucker Punch
- Swords Dance
- Protect

Sneasler @ White Herb
Ability: Unburden
Adamant Nature
- Close Combat
- Dire Claw
- Fake Out
- Protect

Froslass @ Froslassite
Ability: Snow Warning
Modest Nature
- Blizzard
- Shadow Ball
- Aurora Veil
- Protect",https://play.limitlesstcg.com/tournament/6a32a5ae2d97f3b0c2618621/player/gio20/teamlist
2026-06-18,r/VGC Regulation M-B Kickoff Cup,198,RubyVGC,0-2-0,Garchomp,Primarina,Staraptor,Grimmsnarl,Arcanine-Hisui,Gholdengo,"Garchomp @ Life Orb
Ability: Rough Skin
Jolly Nature
- Earthquake
- Dragon Claw
- Rock Slide
- Protect

Primarina @ Leftovers
Ability: Liquid Voice
Modest Nature
- Hyper Voice
- Moonblast
- Calm Mind
- Protect

Staraptor @ Staraptite
Ability: Intimidate
Jolly Nature
- Brave Bird
- Close Combat
- Tailwind
- Roost

Grimmsnarl @ Light Clay
Ability: Prankster
Careful Nature
- Spirit Break
- Light Screen
- Reflect
- Parting Shot

Arcanine-Hisui @ Focus Sash
Ability: Rock Head
Jolly Nature
- Flare Blitz
- Head Smash
- Rock Slide
- Protect

Gholdengo @ Sitrus Berry
Ability: Good as Gold
Modest Nature
- Make It Rain
- Shadow Ball
- Nasty Plot
- Protect",https://play.limitlesstcg.com/tournament/6a32a5ae2d97f3b0c2618621/player/rubyvgc/teamlist
2026-06-18,r/VGC Regulation M-B Kickoff Cup,199,EndlessRain,0-1-0,Blaziken,Basculegion,Garchomp,Kingambit,Aerodactyl,Farigiraf,"Blaziken @ Blazikenite
Ability: Speed Boost
Adamant Nature
- Flare Blitz
- Close Combat
- Rock Slide
- Protect

Basculegion @ Mystic Water
Ability: Adaptability
Adamant Nature
- Wave Crash
- Aqua Jet
- Last Respects
- Protect

Garchomp @ Life Orb
Ability: Rough Skin
Jolly Nature
- Earthquake
- Dragon Claw
- Rock Slide
- Protect

Kingambit @ Focus Sash
Ability: Defiant
Adamant Nature
- Kowtow Cleave
- Iron Head
- Sucker Punch
- Low Kick

Aerodactyl @ Aerodactylite
Ability: Unnerve
Jolly Nature
- Dual Wingbeat
- Rock Slide
- Ice Fang
- Tailwind

Farigiraf @ Sitrus Berry
Ability: Armor Tail
Bold Nature
- Psychic
- Thunderbolt
- Ally Switch
- Trick Room",https://play.limitlesstcg.com/tournament/6a32a5ae2d97f3b0c2618621/player/endlessrain/teamlist
2026-06-18,r/VGC Regulation M-B Kickoff Cup,200,Lercibaldo,0-2-0,Charizard,Floette-Eternal,Basculegion,Kingambit,Whimsicott,Garchomp,"Charizard @ Charizardite Y
Ability: Blaze
Modest Nature
- Heat Wave
- Weather Ball
- Solar Beam
- Protect

Floette-Eternal @ Floettite
Ability: Flower Veil
Modest Nature
- Moonblast
- Dazzling Gleam
- Light of Ruin
- Protect

Basculegion @ Mystic Water
Ability: Adaptability
Adamant Nature
- Wave Crash
- Last Respects
- Aqua Jet
- Protect

Kingambit @ Chople Berry
Ability: Defiant
Adamant Nature
- Kowtow Cleave
- Iron Head
- Sucker Punch
- Protect

Whimsicott @ Focus Sash
Ability: Prankster
Bold Nature
- Encore
- Protect
- Tailwind
- Moonblast

Garchomp @ Roseli Berry
Ability: Sand Veil
Jolly Nature
- Dragon Claw
- Stomping Tantrum
- Poison Jab
- Rock Slide",https://play.limitlesstcg.com/tournament/6a32a5ae2d97f3b0c2618621/player/lercibaldo/teamlist
2026-06-18,r/VGC Regulation M-B Kickoff Cup,201,marshysxn,0-4-0,Metagross,Incineroar,Basculegion,Farigiraf,Sneasler,Eelektross,"Metagross @ Metagrossite
Ability: Clear Body
Adamant Nature
- Bullet Punch
- Iron Head
- Psychic Fangs
- Protect

Incineroar @ Sitrus Berry
Ability: Intimidate
Impish Nature
- Fake Out
- Flare Blitz
- Throat Chop
- Parting Shot

Basculegion @ Choice Scarf
Ability: Adaptability
Jolly Nature
- Flip Turn
- Last Respects
- Aqua Jet
- Wave Crash

Farigiraf @ Colbur Berry
Ability: Armor Tail
Relaxed Nature
- Trick Room
- Roar
- Psychic
- Protect

Sneasler @ Focus Sash
Ability: Unburden
Jolly Nature
- Fake Out
- Close Combat
- Dire Claw
- Coaching

Eelektross @ Eelektrossite
Ability: Levitate
Timid Nature
- Protect
- Thunderbolt
- Giga Drain
- Flamethrower",https://play.limitlesstcg.com/tournament/6a32a5ae2d97f3b0c2618621/player/marshysxn/teamlist
2026-06-18,r/VGC Regulation M-B Kickoff Cup,202,Milemau,0-3-0,Politoed,Archaludon,Grimmsnarl,Swampert,Sinistcha,Sneasler,"Politoed @ Damp Rock
Ability: Drizzle
Calm Nature
- Icy Wind
- Encore
- Surf
- Psychic

Archaludon @ Leftovers
Ability: Stamina
Calm Nature
- Electro Shot
- Flash Cannon
- Dragon Pulse
- Substitute

Grimmsnarl @ Light Clay
Ability: Prankster
Careful Nature
- Light Screen
- Reflect
- Parting Shot
- Spirit Break

Swampert @ Swampertite
Ability: Damp
Adamant Nature
- High Horsepower
- Liquidation
- Flip Turn
- Protect

Sinistcha @ Sitrus Berry
Ability: Hospitality
Bold Nature
- Life Dew
- Rage Powder
- Shadow Ball
- Matcha Gotcha

Sneasler @ White Herb
Ability: Unburden
Jolly Nature
- Dire Claw
- Close Combat
- Fake Out
- Protect",https://play.limitlesstcg.com/tournament/6a32a5ae2d97f3b0c2618621/player/milemau/teamlist
2026-06-18,r/VGC Regulation M-B Kickoff Cup,203,paticasartu,0-3-0,Sableye,Swampert,Basculegion,Kingambit,Archaludon,Sneasler,"Sableye @ Mental Herb
Ability: Prankster
Careful Nature
- Encore
- Quash
- Rain Dance
- Will-O-Wisp

Swampert @ Swampertite
Ability: Torrent
Adamant Nature
- Earthquake
- Wave Crash
- Knock Off
- Protect

Basculegion @ Life Orb
Ability: Adaptability
Jolly Nature
- Last Respects
- Wave Crash
- Aqua Jet
- Protect

Kingambit @ Chople Berry
Ability: Defiant
Adamant Nature
- Kowtow Cleave
- Sucker Punch
- Low Kick
- Iron Head

Archaludon @ Leftovers
Ability: Stamina
Timid Nature
- Electro Shot
- Dragon Pulse
- Aura Sphere
- Protect

Sneasler @ White Herb
Ability: Pressure
Jolly Nature
- Fake Out
- Dire Claw
- Close Combat
- Protect",https://play.limitlesstcg.com/tournament/6a32a5ae2d97f3b0c2618621/player/paticasartu/teamlist
2026-06-18,r/VGC Regulation M-B Kickoff Cup,204,AllieWhoops,0-2-0,Mawile,Incineroar,Sinistcha,Farigiraf,Garchomp,Blastoise,"Mawile @ Mawilite
Ability: Hyper Cutter
Adamant Nature
- Protect
- Iron Head
- Play Rough
- Sucker Punch

Incineroar @ Passho Berry
Ability: Intimidate
Adamant Nature
- Fake Out
- Darkest Lariat
- Flare Blitz
- Parting Shot

Sinistcha @ Leftovers
Ability: Hospitality
Bold Nature
- Protect
- Rage Powder
- Trick Room
- Matcha Gotcha

Farigiraf @ Sitrus Berry
Ability: Armor Tail
Calm Nature
- Helping Hand
- Trick Room
- Psychic
- Foul Play

Garchomp @ Life Orb
Ability: Rough Skin
Adamant Nature
- Protect
- Stomping Tantrum
- Rock Slide
- Dragon Claw

Blastoise @ Blastoisinite
Ability: Torrent
Modest Nature
- Protect
- Dark Pulse
- Aura Sphere
- Water Pulse",https://play.limitlesstcg.com/tournament/6a32a5ae2d97f3b0c2618621/player/alliewhoops/teamlist
2026-06-18,r/VGC Regulation M-B Kickoff Cup,206,meeklosh,0-2-0,Metagross,Whimsicott,Rotom-Wash,Floette-Eternal,Garchomp,Incineroar,"Metagross @ Metagrossite
Ability: Clear Body
Jolly Nature
- Protect
- Iron Head
- Thunder Punch
- Stomping Tantrum

Whimsicott @ Focus Sash
Ability: Prankster
Timid Nature
- Tailwind
- Moonblast
- Encore
- Protect

Rotom-Wash @ Sitrus Berry
Ability: Levitate
Modest Nature
- Hydro Pump
- Thunderbolt
- Will-O-Wisp
- Protect

Floette-Eternal @ Floettite
Ability: Flower Veil
Modest Nature
- Dazzling Gleam
- Moonblast
- Light of Ruin
- Protect

Garchomp @ Life Orb
Ability: Rough Skin
Jolly Nature
- Rock Slide
- Earthquake
- Dragon Claw
- Protect

Incineroar @ Shuca Berry
Ability: Intimidate
Careful Nature
- Flare Blitz
- Parting Shot
- Throat Chop
- Fake Out",https://play.limitlesstcg.com/tournament/6a32a5ae2d97f3b0c2618621/player/meeklosh/teamlist
2026-06-18,r/VGC Regulation M-B Kickoff Cup,207,LeafInTheWindd,0-3-0,Raichu,Pelipper,Archaludon,Basculegion,Sinistcha,Sneasler,"Raichu @ Raichunite X
Ability: Lightning Rod
Timid Nature
- Rain Dance
- Volt Switch
- Rising Voltage
- Protect

Pelipper @ Damp Rock
Ability: Drizzle
Modest Nature
- Hurricane
- Weather Ball
- Wide Guard
- Tailwind

Archaludon @ Leftovers
Ability: Stamina
Modest Nature
- Electro Shot
- Flash Cannon
- Dragon Pulse
- Protect

Basculegion @ Choice Scarf
Ability: Adaptability
Jolly Nature
- Last Respects
- Wave Crash
- Flip Turn
- Aqua Jet

Sinistcha @ Colbur Berry
Ability: Hospitality
Bold Nature
- Matcha Gotcha
- Rage Powder
- Life Dew
- Protect

Sneasler @ White Herb
Ability: Unburden
Jolly Nature
- Dire Claw
- Close Combat
- Protect
- Fake Out",https://play.limitlesstcg.com/tournament/6a32a5ae2d97f3b0c2618621/player/leafinthewindd/teamlist
2026-06-18,r/VGC Regulation M-B Kickoff Cup,208,DisPlotfr,0-1-0,Metagross,Staraptor,Grimmsnarl,Garchomp,Clefable,Sneasler,"Metagross @ Metagrossite
Ability: Clear Body
Jolly Nature
- Meteor Mash
- Psychic Fangs
- Protect
- Stomping Tantrum

Staraptor @ Staraptite
Ability: Intimidate
Adamant Nature
- Brave Bird
- Roost
- Protect
- Close Combat

Grimmsnarl @ Light Clay
Ability: Prankster
Impish Nature
- Reflect
- Light Screen
- Parting Shot
- Spirit Break

Garchomp @ Life Orb
Ability: Rough Skin
Jolly Nature
- Earthquake
- Dragon Claw
- Rock Slide
- Protect

Clefable @ Sitrus Berry
Ability: Unaware
Bold Nature
- Follow Me
- Moonblast
- Life Dew
- Protect

Sneasler @ Focus Sash
Ability: Unburden
Jolly Nature
- Fake Out
- Dire Claw
- Close Combat
- Coaching",https://play.limitlesstcg.com/tournament/6a32a5ae2d97f3b0c2618621/player/displotfr/teamlist
2026-06-18,r/VGC Regulation M-B Kickoff Cup,209,Douglinhas,0-1-0,Farigiraf,Incineroar,Kingambit,Aerodactyl,Mawile,Pelipper,"Farigiraf @ Focus Sash
Ability: Armor Tail
Quiet Nature
- Trick Room
- Hyper Voice
- Helping Hand
- Protect

Incineroar @ Sitrus Berry
Ability: Intimidate
Brave Nature
- Darkest Lariat
- Flare Blitz
- Fake Out
- Parting Shot

Kingambit @ Life Orb
Ability: Defiant
Brave Nature
- Kowtow Cleave
- Iron Head
- Sucker Punch
- Protect

Aerodactyl @ Muscle Band
Ability: Unnerve
Adamant Nature
- Iron Head
- Rock Slide
- Dual Wingbeat
- Protect

Mawile @ Mawilite
Ability: Intimidate
Naughty Nature
- Iron Head
- Sucker Punch
- Play Rough
- Protect

Pelipper @ Leftovers
Ability: Drizzle
Quiet Nature
- Hurricane
- Weather Ball
- Protect
- Wide Guard",https://play.limitlesstcg.com/tournament/6a32a5ae2d97f3b0c2618621/player/douglinhas/teamlist
2026-06-18,r/VGC Regulation M-B Kickoff Cup,210,QueerCrocodile,0-1-0,Gengar,Sneasler,Kingambit,Whimsicott,Milotic,Garchomp,"Gengar @ Gengarite
Ability: Cursed Body
Modest Nature
- Sludge Bomb
- Shadow Ball
- Disable
- Protect

Sneasler @ White Herb
Ability: Unburden
Jolly Nature
- Close Combat
- Dire Claw
- Fake Out
- Protect

Kingambit @ Black Glasses
Ability: Defiant
Adamant Nature
- Kowtow Cleave
- Sucker Punch
- Iron Head
- Protect

Whimsicott @ Focus Sash
Ability: Prankster
Timid Nature
- Tailwind
- Moonblast
- Encore
- Protect

Milotic @ Leftovers
Ability: Competitive
Modest Nature
- Scald
- Ice Beam
- Recover
- Protect

Garchomp @ Life Orb
Ability: Rough Skin
Adamant Nature
- Dragon Claw
- Stomping Tantrum
- Rock Slide
- Protect",https://play.limitlesstcg.com/tournament/6a32a5ae2d97f3b0c2618621/player/queercrocodile/teamlist
2026-06-18,r/VGC Regulation M-B Kickoff Cup,211,TheUpcomingWolfe,0-1-0,Floette-Eternal,Garchomp,Gholdengo,Whimsicott,Incineroar,Rotom-Wash,"Floette-Eternal @ Floettite
Ability: Flower Veil
Timid Nature
- Moonblast
- Dazzling Gleam
- Light of Ruin
- Protect

Garchomp @ Life Orb
Ability: Rough Skin
Jolly Nature
- Earthquake
- Stomping Tantrum
- Rock Slide
- Protect

Gholdengo @ Metal Coat
Ability: Good as Gold
Modest Nature
- Make It Rain
- Shadow Ball
- Nasty Plot
- Protect

Whimsicott @ Focus Sash
Ability: Prankster
Timid Nature
- Tailwind
- Moonblast
- Fake Tears
- Protect

Incineroar @ Passho Berry
Ability: Intimidate
Relaxed Nature
- Fake Out
- Flare Blitz
- Darkest Lariat
- Parting Shot

Rotom-Wash @ Sitrus Berry
Ability: Levitate
Modest Nature
- Thunderbolt
- Hydro Pump
- Will-O-Wisp
- Protect",https://play.limitlesstcg.com/tournament/6a32a5ae2d97f3b0c2618621/player/theupcomingwolfe/teamlist
2026-06-18,r/VGC Regulation M-B Kickoff Cup,212,Wondi,0-1-0,Basculegion,Charizard,Garchomp,Aegislash,Floette-Eternal,Whimsicott,"Basculegion @ Mystic Water
Ability: Adaptability
Adamant Nature
- Protect
- Wave Crash
- Aqua Jet
- Last Respects

Charizard @ Charizardite Y
Ability: Blaze
Modest Nature
- Heat Wave
- Weather Ball
- Solar Beam
- Protect

Garchomp @ Life Orb
Ability: Rough Skin
Jolly Nature
- Earthquake
- Rock Slide
- Protect
- Dragon Claw

Aegislash @ Focus Sash
Ability: Stance Change
Adamant Nature
- Wide Guard
- Close Combat
- Poltergeist
- Shadow Sneak

Floette-Eternal @ Floettite
Ability: Flower Veil
Modest Nature
- Moonblast
- Dazzling Gleam
- Light of Ruin
- Protect

Whimsicott @ Occa Berry
Ability: Prankster
Bold Nature
- Protect
- Tailwind
- Encore
- Moonblast",https://play.limitlesstcg.com/tournament/6a32a5ae2d97f3b0c2618621/player/wondi/teamlist
2026-06-18,r/VGC Regulation M-B Kickoff Cup,213,wooperforjoy,0-3-0,Staraptor,Eelektross,Basculegion,Venusaur,Sinistcha,Incineroar,"Staraptor @ Staraptite
Ability: Reckless
Jolly Nature
- U-turn
- Close Combat
- Tailwind
- Brave Bird

Eelektross @ Eelektrossite
Ability: Levitate
Modest Nature
- Protect
- Grass Knot
- Thunderbolt
- Discharge

Basculegion @ Life Orb
Ability: Adaptability
Adamant Nature
- Flip Turn
- Liquidation
- Last Respects
- Protect

Venusaur @ Leftovers
Ability: Chlorophyll
Modest Nature
- Protect
- Giga Drain
- Sludge Bomb
- Earth Power

Sinistcha @ Sitrus Berry
Ability: Hospitality
Bold Nature
- Protect
- Matcha Gotcha
- Life Dew
- Rage Powder

Incineroar @ Charcoal
Ability: Blaze
Impish Nature
- Fake Out
- Taunt
- Parting Shot
- Flare Blitz",https://play.limitlesstcg.com/tournament/6a32a5ae2d97f3b0c2618621/player/wooperforjoy/teamlist
2026-06-18,r/VGC Regulation M-B Kickoff Cup,214,Evilbeam,0-3-0,Gyarados,Raichu,Sneasler,Sinistcha,Incineroar,Volcarona,"Gyarados @ Gyaradosite
Ability: Intimidate
Adamant Nature
- Protect
- Dragon Dance
- Waterfall
- Lash Out

Raichu @ Raichunite X
Ability: Lightning Rod
Jolly Nature
- Fake Out
- Protect
- Volt Tackle
- Volt Switch

Sneasler @ Focus Sash
Ability: Unburden
Timid Nature
- Dire Claw
- Fake Out
- Close Combat
- Quick Guard

Sinistcha @ Sitrus Berry
Ability: Hospitality
Bold Nature
- Matcha Gotcha
- Protect
- Trick Room
- Rage Powder

Incineroar @ Shuca Berry
Ability: Intimidate
Sassy Nature
- Fake Out
- Parting Shot
- Roar
- Flare Blitz

Volcarona @ Charti Berry
Ability: Flame Body
Modest Nature
- Protect
- Quiver Dance
- Heat Wave
- Giga Drain",https://play.limitlesstcg.com/tournament/6a32a5ae2d97f3b0c2618621/player/evilbeam/teamlist
2026-06-18,r/VGC Regulation M-B Kickoff Cup,215,Koumei,0-2-0,Mawile,Kingambit,Farigiraf,Gengar,Incineroar,Whimsicott,"Mawile @ Mawilite
Ability: Intimidate
Adamant Nature
- Protect
- Play Rough
- Iron Head
- Sucker Punch

Kingambit @ Chople Berry
Ability: Defiant
Adamant Nature
- Sucker Punch
- Iron Head
- Protect
- Kowtow Cleave

Farigiraf @ Sitrus Berry
Ability: Armor Tail
Relaxed Nature
- Trick Room
- Protect
- Helping Hand
- Hyper Voice

Gengar @ Gengarite
Ability: Cursed Body
Timid Nature
- Disable
- Perish Song
- Protect
- Shadow Ball

Incineroar @ Shuca Berry
Ability: Blaze
Brave Nature
- Parting Shot
- Flare Blitz
- Throat Chop
- Fake Out

Whimsicott @ Focus Sash
Ability: Prankster
Timid Nature
- Endeavor
- Protect
- Moonblast
- Encore",https://play.limitlesstcg.com/tournament/6a32a5ae2d97f3b0c2618621/player/koumei/teamlist
2026-06-18,r/VGC Regulation M-B Kickoff Cup,216,Zulet,0-1-0,Blastoise,Grimmsnarl,Maushold,Scrafty,Sinistcha,Incineroar,"Blastoise @ Blastoisinite
Ability: Rain Dish
Modest Nature
- Dark Pulse
- Water Spout
- Fake Out
- Protect

Grimmsnarl @ Light Clay
Ability: Prankster
Impish Nature
- Light Screen
- Reflect
- Spirit Break
- Parting Shot

Maushold @ Chople Berry
Ability: Friend Guard
Jolly Nature
- Follow Me
- Protect
- Super Fang
- Feint

Scrafty @ Scraftinite
Ability: Intimidate
Impish Nature
- Knock Off
- Drain Punch
- Detect
- Dragon Dance

Sinistcha @ Kasib Berry
Ability: Hospitality
Bold Nature
- Matcha Gotcha
- Rage Powder
- Trick Room
- Life Dew

Incineroar @ Sitrus Berry
Ability: Intimidate
Impish Nature
- Fake Out
- Flare Blitz
- Parting Shot
- Darkest Lariat",https://play.limitlesstcg.com/tournament/6a32a5ae2d97f3b0c2618621/player/zulet/teamlist
2026-06-18,r/VGC Regulation M-B Kickoff Cup,217,Polpolpolpolpolpo,0-3-0,Barbaracle,Incineroar,Sinistcha,Grimmsnarl,Glimmora,Delphox,"Barbaracle @ Barbaracite
Ability: Tough Claws
Jolly Nature
- Close Combat
- Rock Slide
- Shell Smash
- Protect

Incineroar @ Chople Berry
Ability: Intimidate
Sassy Nature
- Fake Out
- Flare Blitz
- Assurance
- Parting Shot

Sinistcha @ Sitrus Berry
Ability: Hospitality
Calm Nature
- Matcha Gotcha
- Rage Powder
- Life Dew
- Protect

Grimmsnarl @ Light Clay
Ability: Prankster
Careful Nature
- Spirit Break
- Parting Shot
- Light Screen
- Reflect

Glimmora @ Focus Sash
Ability: Toxic Debris
Timid Nature
- Sludge Bomb
- Power Gem
- Earth Power
- Spiky Shield

Delphox @ Delphoxite
Ability: Levitate
Modest Nature
- Heat Wave
- Psyshock
- Calm Mind
- Protect",https://play.limitlesstcg.com/tournament/6a32a5ae2d97f3b0c2618621/player/polpolpolpolpolpo/teamlist
2026-06-18,r/VGC Regulation M-B Kickoff Cup,218,acatoro,0-2-0,Tyranitar,Garchomp,Talonflame,Annihilape,Mawile,Farigiraf,"Tyranitar @ Tyranitarite
Ability: Sand Stream
Adamant Nature
- Rock Slide
- Knock Off
- Low Kick
- Protect

Garchomp @ Life Orb
Ability: Rough Skin
Adamant Nature
- Dragon Claw
- Earthquake
- Stomping Tantrum
- Protect

Talonflame @ Sharp Beak
Ability: Gale Wings
Jolly Nature
- Brave Bird
- Will-O-Wisp
- Tailwind
- Protect

Annihilape @ Black Belt
Ability: Defiant
Adamant Nature
- Close Combat
- Rage Fist
- Taunt
- Protect

Mawile @ Mawilite
Ability: Intimidate
Adamant Nature
- Iron Head
- Play Rough
- Sucker Punch
- Protect

Farigiraf @ Sitrus Berry
Ability: Armor Tail
Bold Nature
- Psychic Noise
- Beat Up
- Helping Hand
- Trick Room",https://play.limitlesstcg.com/tournament/6a32a5ae2d97f3b0c2618621/player/acatoro/teamlist
2026-06-18,r/VGC Regulation M-B Kickoff Cup,219,nkolin,0-3-0,Staraptor,Basculegion,Delphox,Whimsicott,Garchomp,Maushold,"Staraptor @ Staraptite
Ability: Intimidate
Jolly Nature
- Close Combat
- Protect
- Brave Bird
- Roost

Basculegion @ Life Orb
Ability: Adaptability
Adamant Nature
- Wave Crash
- Aqua Jet
- Last Respects
- Protect

Delphox @ Delphoxite
Ability: Blaze
Modest Nature
- Psychic
- Calm Mind
- Protect
- Heat wave

Whimsicott @ Coba Berry
Ability: Prankster
Timid Nature
- Tailwind
- Charm
- Moonblast
- Encore

Garchomp @ Roseli Berry
Ability: Rough Skin
Jolly Nature
- Poison Jab
- Rock Slide
- Earthquake
- Dragon Claw

Maushold @ Focus Sash
Ability: Friend Guard
Jolly Nature
- Charm
- Fake Tears
- Population Bomb
- Follow Me",https://play.limitlesstcg.com/tournament/6a32a5ae2d97f3b0c2618621/player/nkolin/teamlist
2026-06-18,r/VGC Regulation M-B Kickoff Cup,220,Bibouchi,0-7-0,Drampa,Chimecho,Primarina,Trevenant,Sneasler,Farigiraf,"Drampa @ Drampanite
Ability: Berserk
Quiet Nature
- Protect
- Earth Power
- Hyper Voice
- Draco Meteor

Chimecho @ Chimechite
Ability: Levitate
Quiet Nature
- Calm Mind
- Trick Room
- Flash Cannon
- Psychic

Primarina @ Mystic Water
Ability: Liquid Voice
Modest Nature
- Hyper Voice
- Life Dew
- Moonblast

Trevenant @ Sitrus Berry
Ability: Harvest
Brave Nature
- Earthquake
- Horn Leech
- Poltergeist
- Protect

Sneasler @ White Herb
Ability: Unburden
Adamant Nature
- Close Combat
- Dire Claw
- Fake Out
- Protect

Farigiraf @ Leftovers
Ability: Armor Tail
Relaxed Nature
- Trick Room
- Protect
- Helping Hand
- Twin Beam",https://play.limitlesstcg.com/tournament/6a32a5ae2d97f3b0c2618621/player/bibouchi/teamlist
2026-06-18,r/VGC Regulation M-B Kickoff Cup,221,Force_India,0-3-0,Pelipper,Basculegion,Grimmsnarl,Archaludon,Metagross,Floette-Eternal,"Pelipper @ Focus Sash
Ability: Drizzle
Modest Nature
- Weather Ball
- Hurricane
- Tailwind
- Protect

Basculegion @ Life Orb
Ability: Swift Swim
Adamant Nature
- Wave Crash
- Last Respects
- Aqua Jet
- Protect

Grimmsnarl @ Light Clay
Ability: Prankster
Calm Nature
- Spirit Break
- Reflect
- Light Screen
- Parting Shot

Archaludon @ Leftovers
Ability: Stamina
Modest Nature
- Dragon Pulse
- Electro Shot
- Aura Sphere
- Protect

Metagross @ Metagrossite
Ability: Clear Body
Adamant Nature
- Meteor Mash
- Stomping Tantrum
- Bullet Punch
- Protect

Floette-Eternal @ Floettite
Ability: Flower Veil
Modest Nature
- Moonblast
- Light of Ruin
- Dazzling Gleam
- Protect",https://play.limitlesstcg.com/tournament/6a32a5ae2d97f3b0c2618621/player/force_india/teamlist
2026-06-18,r/VGC Regulation M-B Kickoff Cup,222,JSlacky,0-7-0,Gholdengo,Grimmsnarl,Tsareena,Raichu,Kangaskhan,Kleavor,"Gholdengo @ Choice Scarf
Ability: Good as Gold
Modest Nature
- Make It Rain
- Shadow Ball
- Power Gem
- Trick

Grimmsnarl @ Light Clay
Ability: Prankster
Careful Nature
- Spirit Break
- Swagger
- Reflect
- Light Screen

Tsareena @ Sitrus Berry
Ability: Queenly Majesty
Adamant Nature
- Trop Kick
- Low Kick
- Triple Axel
- Protect

Raichu @ Raichunite X
Ability: Lightning Rod
Hasty Nature
- Rising Voltage
- Volt Tackle
- Play Rough
- Fake Out

Kangaskhan @ Kangaskhanite
Ability: Scrappy
Adamant Nature
- Fake Out
- Drain Punch
- Double-Edge
- Ice Punch

Kleavor @ Focus Sash
Ability: Sharpness
Jolly Nature
- Stone Axe
- Close Combat
- Tailwind
- Protect",https://play.limitlesstcg.com/tournament/6a32a5ae2d97f3b0c2618621/player/jslacky/teamlist
2026-06-18,r/VGC Regulation M-B Kickoff Cup,223,Sayd,0-7-0,Floette-Eternal,Whimsicott,Sinistcha,Incineroar,Staraptor,Kingambit,"Floette-Eternal @ Floettite
Ability: Flower Veil
Modest Nature
- Light of Ruin
- Moonblast
- Dazzling Gleam
- Protect

Whimsicott @ Focus Sash
Ability: Prankster
Timid Nature
- Moonblast
- Tailwind
- Encore
- Protect

Sinistcha @ Leftovers
Ability: Hospitality
Bold Nature
- Matcha Gotcha
- Rage Powder
- Life Dew
- Trick Room

Incineroar @ Sitrus Berry
Ability: Intimidate
Impish Nature
- Flare Blitz
- Throat Chop
- Parting Shot
- Fake Out

Staraptor @ Staraptite
Ability: Intimidate
Adamant Nature
- Close Combat
- Brave Bird
- Roost
- Protect

Kingambit @ Chople Berry
Ability: Defiant
Adamant Nature
- Kowtow Cleave
- Iron Head
- Sucker Punch
- Protect",https://play.limitlesstcg.com/tournament/6a32a5ae2d97f3b0c2618621/player/sayd/teamlist
2026-06-18,r/VGC Regulation M-B Kickoff Cup,224,yucca,0-7-0,Incineroar,Zoroark-Hisui,Venusaur,Garchomp,Gholdengo,Dragonite,"Incineroar @ Sitrus Berry
Ability: Intimidate
Careful Nature
- Fake Out
- Parting Shot
- Flare Blitz
- Protect

Zoroark-Hisui @ Focus Sash
Ability: Illusion
Modest Nature
- Bitter Malice
- Hyper Voice
- Sludge Bomb
- Protect

Venusaur @ Leftovers
Ability: Chlorophyll
Calm Nature
- Sunny Day
- Synthesis
- Toxic
- Sleep Powder

Garchomp @ Soft Sand
Ability: Rough Skin
Jolly Nature
- Earthquake
- Dragon Claw
- Swords Dance
- Protect

Gholdengo @ Life Orb
Ability: Good as Gold
Timid Nature
- Make It Rain
- Shadow Ball
- Power Gem
- Protect

Dragonite @ Dragonitite
Ability: Multiscale
Jolly Nature
- Extreme Speed
- Protect
- Fire Punch
- Scale Shot",https://play.limitlesstcg.com/tournament/6a32a5ae2d97f3b0c2618621/player/yucca/teamlist
2026-06-18,r/VGC Regulation M-B Kickoff Cup,226,Ilan Petit-Khacem,0-4-0,Raichu,Mawile,Talonflame,Gholdengo,Sinistcha,Garchomp,"Raichu @ Raichunite Y
Ability: No Guard
Timid Nature
- Zap Cannon
- Grass Knot
- Focus Blast
- Protect

Mawile @ Mawilite
Ability: Intimidate
Brave Nature
- Play Rough
- Iron Head
- Sucker Punch
- Protect

Talonflame @ Sharp Beak
Ability: Gale Wings
Jolly Nature
- Tailwind
- Will-O-Wisp
- Taunt
- Dual Wingbeat

Gholdengo @ Life Orb
Ability: Good as Gold
Modest Nature
- Make It Rain
- Shadow Ball
- Nasty Plot
- Protect

Sinistcha @ Sitrus Berry
Ability: Hospitality
Calm Nature
- Matcha Gotcha
- Life Dew
- Rage Powder
- Trick Room

Garchomp @ Haban Berry
Ability: Rough Skin
Jolly Nature
- Earthquake
- Stomping Tantrum
- Dragon Claw
- Rock Slide",https://play.limitlesstcg.com/tournament/6a32a5ae2d97f3b0c2618621/player/nenellp/teamlist
2026-06-18,r/VGC Regulation M-B Kickoff Cup,227,CakeLieLie,0-7-0,Charizard,Venusaur,Incineroar,Archaludon,Sneasler,Skarmory,"Charizard @ Charizardite Y
Ability: Blaze
Timid Nature
- Weather Ball
- Solar Beam
- Scorching Sands
- Air Slash

Venusaur @ Miracle Seed
Ability: Chlorophyll
Timid Nature
- Sleep Powder
- Weather Ball
- Sludge Bomb
- Solar Beam

Incineroar @ Sitrus Berry
Ability: Intimidate
Careful Nature
- Fake Out
- Flare Blitz
- Parting Shot
- Taunt

Archaludon @ Shuca Berry
Ability: Stamina
Modest Nature
- Electro Shot
- Draco Meteor
- Flash Cannon
- Protect

Sneasler @ Focus Sash
Ability: Unburden
Jolly Nature
- Dire Claw
- Close Combat
- Fake Out
- Protect

Skarmory @ Skarmorite
Ability: Stalwart
Jolly Nature
- Brave Bird
- Iron Head
- Tailwind
- Protect",https://play.limitlesstcg.com/tournament/6a32a5ae2d97f3b0c2618621/player/cakelielie/teamlist
2026-06-18,r/VGC Regulation M-B Kickoff Cup,228,RadiatingShark,0-1-0,Staraptor,Maushold,Glimmora,Incineroar,Gholdengo,Whimsicott,"Staraptor @ Staraptite
Ability: Intimidate
Jolly Nature
- Protect
- Dual Wingbeat
- Close Combat
- Roost

Maushold @ Wide Lens
Ability: Technician
Jolly Nature
- Protect
- Population Bomb
- Follow Me
- Taunt

Glimmora @ Glimmoranite
Ability: Toxic Debris
Timid Nature
- Spiky Shield
- Power Gem
- Sludge Bomb
- Earth Power

Incineroar @ Sitrus Berry
Ability: Intimidate
Impish Nature
- Fake Out
- Parting Shot
- Throat Chop
- Flare Blitz

Gholdengo @ Life Orb
Ability: Good as Gold
Modest Nature
- Protect
- Nasty Plot
- Make It Rain
- Shadow Ball

Whimsicott @ Focus Sash
Ability: Prankster
Timid Nature
- Protect
- Tailwind
- Moonblast
- Encore",https://play.limitlesstcg.com/tournament/6a32a5ae2d97f3b0c2618621/player/radiatingshark/teamlist
2026-06-18,r/VGC Regulation M-B Kickoff Cup,229,Jackon17,0-1-0,Staraptor,Sinistcha,Excadrill,Tyranitar,Milotic,Raichu,"Staraptor @ Staraptite
Ability: Intimidate
Jolly Nature
- Close Combat
- Brave Bird
- Tailwind
- Protect

Sinistcha @ Sitrus Berry
Ability: Hospitality
Careful Nature
- Matcha Gotcha
- Rage Powder
- Strength Sap
- Protect

Excadrill @ Focus Sash
Ability: Sand Rush
Adamant Nature
- Iron Head
- High Horsepower
- Rock Slide
- Protect

Tyranitar @ Tyranitarite
Ability: Sand Stream
Jolly Nature
- Rock Slide
- Crunch
- Dragon Dance
- Protect

Milotic @ Leftovers
Ability: Competitive
Calm Nature
- Scald
- Icy Wind
- Life Dew
- Protect

Raichu @ Shuca Berry
Ability: Static
Timid Nature
- Fake Out
- Charm
- Nuzzle
- Volt Switch",https://play.limitlesstcg.com/tournament/6a32a5ae2d97f3b0c2618621/player/jackon17/teamlist
2026-06-18,r/VGC Regulation M-B Kickoff Cup,230,avioneta,0-3-0,Ninetales-Alola,Greninja,Talonflame,Glimmora,Aegislash,Kommo-O,"Ninetales-Alola @ Focus Sash
Ability: Snow Warning
Timid Nature
- Blizzard
- Aurora Veil
- Helping Hand
- Protect

Greninja @ Greninjite
Ability: Protean
Modest Nature
- Blizzard
- Dark Pulse
- Protect
- Hydro Pump

Talonflame @ Sharp Beak
Ability: Gale Wings
Modest Nature
- Protect
- Overheat
- Air Slash
- Tailwind

Glimmora @ Glimmoranite
Ability: Toxic Debris
Modest Nature
- Sludge Bomb
- Power Gem
- Earth Power
- Spiky Shield

Aegislash @ Leftovers
Ability: Stance Change
Brave Nature
- King's Shield
- Swords Dance
- Poltergeist
- Sacred Sword

Kommo-O @ Sitrus Berry
Ability: Soundproof
Modest Nature
- Protect
- Aura Sphere
- Roar
- Clanging Scales",https://play.limitlesstcg.com/tournament/6a32a5ae2d97f3b0c2618621/player/avioneta/teamlist
2026-06-18,r/VGC Regulation M-B Kickoff Cup,231,NewAdi6,0-2-0,Gholdengo,Staraptor,Charizard,Sneasler,Whimsicott,Grimmsnarl,"Gholdengo @ Life Orb
Ability: Good as Gold
Timid Nature
- Make It Rain
- Shadow Ball
- Nasty Plot
- Protect

Staraptor @ Staraptite
Ability: Intimidate
Jolly Nature
- Close Combat
- Dual Wingbeat
- Roost
- Protect

Charizard @ Charizardite Y
Ability: Blaze
Modest Nature
- Heat Wave
- Weather Ball
- Solar Beam
- Protect

Sneasler @ White Herb
Ability: Unburden
Adamant Nature
- Fake Out
- Dire Claw
- Close Combat
- Protect

Whimsicott @ Focus Sash
Ability: Prankster
Timid Nature
- Moonblast
- Tailwind
- Charm
- Protect

Grimmsnarl @ Light Clay
Ability: Prankster
Impish Nature
- Light Screen
- Reflect
- Spirit Break
- Sucker Punch",https://play.limitlesstcg.com/tournament/6a32a5ae2d97f3b0c2618621/player/newadi6/teamlist
2026-06-18,Tenki's x MMHM - Champions M-B,2,Yuuki_vgc,7-3-0,Raichu,Staraptor,Farigiraf,Sylveon,Kingambit,Basculegion,"Raichu @ Raichunite Y
Ability: Lightning Rod
Timid Nature
- Fake Out
- Zap Cannon
- Focus Blast
- Volt Switch

Staraptor @ Staraptite
Ability: Intimidate
Jolly Nature
- Brave Bird
- Close Combat
- Roost
- Protect

Farigiraf @ Sitrus Berry
Ability: Armor Tail
Bold Nature
- Psychic
- Grass Knot
- Trick Room
- Helping Hand

Sylveon @ Leftovers
Ability: Cute Charm
Modest Nature
- Hyper Voice
- Baby-Doll Eyes
- Yawn
- Protect

Kingambit @ Life Orb
Ability: Defiant
Adamant Nature
- Kowtow Cleave
- Iron Head
- Sucker Punch
- Protect

Basculegion @ Choice Scarf
Ability: Swift Swim
Jolly Nature
- Wave Crash
- Last Respects
- Scary Face
- Flip Turn",https://play.limitlesstcg.com/tournament/6a04baa9dfbdf089cbbd9917/player/yuuki_vgc/teamlist
2026-06-18,Tenki's x MMHM - Champions M-B,3,Soosendosen,6-3-0,Charizard,Incineroar,Sneasler,Kingambit,Floette-Eternal,Sinistcha,"Charizard @ Charizardite X
Ability: Blaze
Adamant Nature
- Protect
- Temper Flare
- Dragon Claw
- Dragon Dance

Incineroar @ Leftovers
Ability: Intimidate
Sassy Nature
- Fake Out
- Parting Shot
- Flare Blitz
- Helping Hand

Sneasler @ Focus Sash
Ability: Unburden
Naive Nature
- Fake Out
- Coaching
- Close Combat
- Dire Claw

Kingambit @ Chople Berry
Ability: Defiant
Adamant Nature
- Protect
- Kowtow Cleave
- Sucker Punch
- Iron Head

Floette-Eternal @ Floettite
Ability: Flower Veil
Modest Nature
- Protect
- Dazzling Gleam
- Draining Kiss
- Calm Mind

Sinistcha @ Sitrus Berry
Ability: Hospitality
Bold Nature
- Matcha Gotcha
- Rage Powder
- Protect
- Trick Room",https://play.limitlesstcg.com/tournament/6a04baa9dfbdf089cbbd9917/player/soosendosen/teamlist
2026-06-18,Tenki's x MMHM - Champions M-B,4,perkliu,6-3-0,Charizard,Floette-Eternal,Garchomp,Basculegion,Kingambit,Whimsicott,"Charizard @ Charizardite Y
Ability: Blaze
Modest Nature
- Heat Wave
- Weather Ball
- Solar Beam
- Protect

Floette-Eternal @ Floettite
Ability: Flower Veil
Timid Nature
- Moonblast
- Dazzling Gleam
- Light of Ruin
- Protect

Garchomp @ Life Orb
Ability: Rough Skin
Jolly Nature
- Earthquake
- Dragon Claw
- Rock Slide
- Protect

Basculegion @ Sitrus Berry
Ability: Adaptability
Adamant Nature
- Wave Crash
- Aqua Jet
- Last Respects
- Protect

Kingambit @ Black Glasses
Ability: Defiant
Adamant Nature
- Kowtow Cleave
- Sucker Punch
- Iron Head
- Protect

Whimsicott @ Focus Sash
Ability: Prankster
Timid Nature
- Moonblast
- Encore
- Tailwind
- Protect",https://play.limitlesstcg.com/tournament/6a04baa9dfbdf089cbbd9917/player/perkliu/teamlist
2026-06-18,Tenki's x MMHM - Champions M-B,5,Yoshi1267,6-2-0,Delphox,Primarina,Sneasler,Kingambit,Sinistcha,Incineroar,"Delphox @ Delphoxite
Ability: Blaze
Timid Nature
- Heat Wave
- Psyshock
- Nasty Plot
- Protect

Primarina @ Life Orb
Ability: Liquid Voice
Modest Nature
- Hyper Voice
- Draining Kiss
- Moonblast
- Protect

Sneasler @ Focus Sash
Ability: Poison Touch
Jolly Nature
- Dire Claw
- Close Combat
- Quick Guard
- Fake Out

Kingambit @ Black Glasses
Ability: Defiant
Adamant Nature
- Sucker Punch
- Kowtow Cleave
- Swords Dance
- Protect

Sinistcha @ Kasib Berry
Ability: Hospitality
Bold Nature
- Matcha Gotcha
- Rage Powder
- Trick Room
- Protect

Incineroar @ Sitrus Berry
Ability: Intimidate
Careful Nature
- Fake Out
- Flare Blitz
- Parting Shot
- Throat Chop",https://play.limitlesstcg.com/tournament/6a04baa9dfbdf089cbbd9917/player/yoshi1267/teamlist
2026-06-18,Tenki's x MMHM - Champions M-B,6,Ntavi,6-2-0,Swampert,Pelipper,Archaludon,Sinistcha,Maushold,Gholdengo,"Swampert @ Swampertite
Ability: Torrent
Adamant Nature
- Wave Crash
- High Horsepower
- Ice Punch
- Protect

Pelipper @ Sitrus Berry
Ability: Drizzle
Modest Nature
- Weather Ball
- Hurricane
- Tailwind
- Wide Guard

Archaludon @ Leftovers
Ability: Stamina
Calm Nature
- Electro Shot
- Dragon Pulse
- Flash Cannon
- Protect

Sinistcha @ Kasib Berry
Ability: Hospitality
Bold Nature
- Rage Powder
- Matcha Gotcha
- Trick Room
- Protect

Maushold @ Focus Sash
Ability: Friend Guard
Timid Nature
- Follow Me
- Super Fang
- Rain Dance
- Protect

Gholdengo @ Life Orb
Ability: Good as Gold
Modest Nature
- Make It Rain
- Shadow Ball
- Nasty Plot
- Protect",https://play.limitlesstcg.com/tournament/6a04baa9dfbdf089cbbd9917/player/ntavi/teamlist
2026-06-18,Tenki's x MMHM - Champions M-B,7,Lya_3,6-2-0,Pelipper,Archaludon,Sinistcha,Sableye,Metagross,Swampert,"Pelipper @ Life Orb
Ability: Drizzle
Timid Nature
- Hurricane
- Weather Ball
- Tailwind
- Wide Guard

Archaludon @ Leftovers
Ability: Stamina
Modest Nature
- Flash Cannon
- Protect
- Electro Shot
- Dragon Pulse

Sinistcha @ Kasib Berry
Ability: Hospitality
Bold Nature
- Matcha Gotcha
- Rage Powder
- Trick Room
- Imprison

Sableye @ Roseli Berry
Ability: Prankster
Calm Nature
- Light Screen
- Rain Dance
- Encore
- Reflect

Metagross @ Metagrossite
Ability: Clear Body
Jolly Nature
- Protect
- Psychic Fangs
- Iron Head
- Stomping Tantrum

Swampert @ Swampertite
Ability: Torrent
Adamant Nature
- Wave Crash
- Protect
- Ice Punch
- High Horsepower",https://play.limitlesstcg.com/tournament/6a04baa9dfbdf089cbbd9917/player/lya_3/teamlist
2026-06-18,Tenki's x MMHM - Champions M-B,8,shaikhvgc786,6-2-0,Farigiraf,Clawitzer,Vivillon,Raichu,Ninetales-Alola,Staraptor,"Farigiraf @ Sitrus Berry
Ability: Armor Tail
Quiet Nature
- Psychic
- Hyper Voice
- Trick Room
- Protect

Clawitzer @ Life Orb
Ability: Mega Launcher
Quiet Nature
- Dark Pulse
- Aura Sphere
- Dragon Pulse
- Muddy Water

Vivillon @ Focus Sash
Ability: Compound Eyes
Timid Nature
- Sleep Powder
- Hurricane
- Rage Powder
- Protect

Raichu @ Raichunite Y
Ability: Lightning Rod
Timid Nature
- Zap Cannon
- Focus Blast
- Charm
- Protect

Ninetales-Alola @ Never-Melt Ice
Ability: Snow Warning
Timid Nature
- Charm
- Blizzard
- Freeze-Dry
- Protect

Staraptor @ Staraptite
Ability: Intimate
Jolly Nature
- Close Combat
- Brave Bird
- Roost
- Protect",https://play.limitlesstcg.com/tournament/6a04baa9dfbdf089cbbd9917/player/shaikhvgc786/teamlist
2026-06-18,Tenki's x MMHM - Champions M-B,9,Everett98,4-3-0,Swampert,Sableye,Archaludon,Pelipper,Venusaur,Annihilape,"Swampert @ Swampertite
Ability: Torrent
Adamant Nature
- Wave Crash
- Earthquake
- Ice Punch
- Protect

Sableye @ Light Clay
Ability: Prankster
Calm Nature
- Will-O-Wisp
- Light Screen
- Reflect
- Rain Dance

Archaludon @ Leftovers
Ability: Stamina
Modest Nature
- Electro Shot
- Flash Cannon
- Dragon Pulse
- Protect

Pelipper @ Sitrus Berry
Ability: Drizzle
Calm Nature
- Weather Ball
- Tailwind
- Wide Guard
- Hurricane

Venusaur @ Venusaurite
Ability: Chlorophyll
Modest Nature
- Giga Drain
- Sludge Bomb
- Earth Power
- Protect

Annihilape @ Focus Sash
Ability: Defiant
Jolly Nature
- Close Combat
- Rage Fist
- Coaching
- Protect",https://play.limitlesstcg.com/tournament/6a04baa9dfbdf089cbbd9917/player/everett98/teamlist
2026-06-18,Tenki's x MMHM - Champions M-B,10,Katiclus,4-3-0,Torkoal,Farigiraf,Sylveon,Kingambit,Drampa,Vileplume,"Torkoal @ Charcoal
Ability: Drought
Quiet Nature
- Eruption
- Heat Wave
- Weather Ball
- Protect

Farigiraf @ Sitrus Berry
Ability: Armor Tail
Relaxed Nature
- Hyper Voice
- Psychic
- Trick Room
- Protect

Sylveon @ Life Orb
Ability: Pixilate
Quiet Nature
- Hyper Voice
- Quick Attack
- Hyper Beam
- Protect

Kingambit @ Occa Berry
Ability: Defiant
Brave Nature
- Kowtow Cleave
- Sucker Punch
- Low Kick
- Iron Head

Drampa @ Drampanite
Ability: Berserk
Quiet Nature
- Ice Beam
- Hyper Voice
- Energy Ball
- Earth Power

Vileplume @ Focus Sash
Ability: Chlorophyll
Timid Nature
- Sludge Bomb
- After You
- Sleep Powder
- Protect",https://play.limitlesstcg.com/tournament/6a04baa9dfbdf089cbbd9917/player/katiclus/teamlist
2026-06-18,Tenki's x MMHM - Champions M-B,11,TheAceMamba,4-3-0,Raichu,Sceptile,Arcanine-Hisui,Grimmsnarl,Gholdengo,Basculegion,"Raichu @ Raichunite Y
Ability: Lightning Rod
Timid Nature
- Zap Cannon
- Focus Blast
- Protect
- Fake Out

Sceptile @ Sceptilite
Ability: Unburden
Timid Nature
- Earth Power
- Protect
- Dragon Pulse
- Energy Ball

Arcanine-Hisui @ Sitrus Berry
Ability: Rock Head
Jolly Nature
- Head Smash
- Flare Blitz
- Protect
- Extreme Speed

Grimmsnarl @ Light Clay
Ability: Prankster
Careful Nature
- Light Screen
- Reflect
- Parting Shot
- Spirit Break

Gholdengo @ Metal Coat
Ability: Good as Gold
Modest Nature
- Make It Rain
- Shadow Ball
- Protect
- Nasty Plot

Basculegion @ Focus Sash
Ability: Adaptability
Adamant Nature
- Last Respects
- Aqua Jet
- Flip Turn
- Wave Crash",https://play.limitlesstcg.com/tournament/6a04baa9dfbdf089cbbd9917/player/theacemamba/teamlist
2026-06-18,Tenki's x MMHM - Champions M-B,12,Notskillz,4-3-0,Staraptor,Kingambit,Sinistcha,Grimmsnarl,Talonflame,Gholdengo,"Staraptor @ Staraptite
Ability: Intimidate
Jolly Nature
- Close Combat
- Brave Bird
- Protect
- Roost

Kingambit @ Black Belt
Ability: Defiant
Adamant Nature
- Kowtow Cleave
- Sucker Punch
- Protect
- Iron Head

Sinistcha @ Leftovers
Ability: Hospitality
Bold Nature
- Matcha Gotcha
- Life Dew
- Rage Powder
- Trick Room

Grimmsnarl @ Light Clay
Ability: Prankster
Careful Nature
- Parting Shot
- Fake Out
- Light Screen
- Reflect

Talonflame @ Sharp Beak
Ability: Gale Wings
Jolly Nature
- Dual Wingbeat
- Feather Dance
- Protect
- Tailwind

Gholdengo @ White Herb
Ability: Good as Gold
Timid Nature
- Make It Rain
- Thunderbolt
- Protect
- Shadow Ball",https://play.limitlesstcg.com/tournament/6a04baa9dfbdf089cbbd9917/player/notskillz/teamlist
2026-06-18,Tenki's x MMHM - Champions M-B,13,dmac55,3-3-0,Vivillon,Eelektross,Sinistcha,Kingambit,Basculegion,Kangaskhan,"Vivillon @ Focus Sash
Ability: Compound Eyes
Timid Nature
- Hurricane
- Sleep Powder
- Tailwind
- Protect

Eelektross @ Eelektrossite
Ability: Levitate
Modest Nature
- Thunderbolt
- Flamethrower
- Dragon Pulse
- Protect

Sinistcha @ Sitrus Berry
Ability: Hospitality
Calm Nature
- Rage Powder
- Matcha Gotcha
- Trick Room
- Protect

Kingambit @ Black Glasses
Ability: Defiant
Adamant Nature
- Sucker Punch
- Kowtow Cleave
- Iron Head
- Protect

Basculegion @ Mystic Water
Ability: Adaptability
Jolly Nature
- Last Respects
- Wave Crash
- Aqua Jet
- Protect

Kangaskhan @ Kangaskhanite
Ability: Scrappy
Adamant Nature
- Fake Out
- Double-Edge
- Low Kick
- Ice Punch",https://play.limitlesstcg.com/tournament/6a04baa9dfbdf089cbbd9917/player/dmac55/teamlist
2026-06-18,Tenki's x MMHM - Champions M-B,14,Tomhassing,3-3-0,Floette-Eternal,Garchomp,Kingambit,Charizard,Basculegion,Whimsicott,"Floette-Eternal @ Floettite
Ability: Flower Veil
Modest Nature
- Moonblast
- Light of Ruin
- Dazzling Gleam
- Protect

Garchomp @ Life Orb
Ability: Rough Skin
Jolly Nature
- Dragon Claw
- Stomping Tantrum
- Poison Jab
- Rock Slide

Kingambit @ Occa Berry
Ability: Defiant
Adamant Nature
- Kowtow Cleave
- Iron Head
- Sucker Punch
- Protect

Charizard @ Charizardite Y
Ability: Blaze
Modest Nature
- Heat Wave
- Weather Ball
- Solar Beam
- Protect

Basculegion @ Mystic Water
Ability: Adaptability
Adamant Nature
- Wave Crash
- Last Respects
- Aqua Jet
- Protect

Whimsicott @ Focus Sash
Ability: Prankster
Bold Nature
- Protect
- Encore
- Tailwind
- Moonblast",https://play.limitlesstcg.com/tournament/6a04baa9dfbdf089cbbd9917/player/tomhassing/teamlist
2026-06-18,Tenki's x MMHM - Champions M-B,15,othunder21,3-3-0,Gholdengo,Floette-Eternal,Sinistcha,Incineroar,Aerodactyl,Sneasler,"Gholdengo @ Life Orb
Ability: Good as Gold
Modest Nature
- Make It Rain
- Shadow Ball
- Nasty Plot
- Protect

Floette-Eternal @ Floettite
Ability: Flower Veil
Modest Nature
- Moonblast
- Dazzling Gleam
- Calm Mind
- Protect

Sinistcha @ Kasib Berry
Ability: Hospitality
Bold Nature
- Matcha Gotcha
- Rage Powder
- Life Dew
- Trick Room

Incineroar @ Sitrus Berry
Ability: Intimidate
Impish Nature
- Fake Out
- Flare Blitz
- Darkest Lariat
- Parting Shot

Aerodactyl @ Aerodactylite
Ability: Unnerve
Jolly Nature
- Rock Slide
- Dual Wingbeat
- Ice Fang
- Tailwind

Sneasler @ White Herb
Ability: Unburden
Adamant Nature
- Fake Out
- Close Combat
- Dire Claw
- Protect",https://play.limitlesstcg.com/tournament/6a04baa9dfbdf089cbbd9917/player/othunder21/teamlist
2026-06-18,Tenki's x MMHM - Champions M-B,16,Fireboule,3-0-0,Swampert,Floette-Eternal,Pelipper,Grimmsnarl,Sinistcha,Archaludon,"Swampert @ Swampertite
Ability: Torrent
Adamant Nature
- Wave Crash
- Earthquake
- Ice Punch
- Protect

Floette-Eternal @ Floettite
Ability: Flower Veil
Modest Nature
- Moonblast
- Dazzling Gleam
- Calm Mind
- Protect

Pelipper @ Sitrus Berry
Ability: Drizzle
Modest Nature
- Hurricane
- Weather Ball
- Tailwind
- Wide Guard

Grimmsnarl @ Light Clay
Ability: Prankster
Careful Nature
- Reflect
- Light Screen
- Parting Shot
- Foul Play

Sinistcha @ Coba Berry
Ability: Hospitality
Relaxed Nature
- Matcha Gotcha
- Life Dew
- Trick Room
- Rage Powder

Archaludon @ Leftovers
Ability: Stamina
Modest Nature
- Electro Shot
- Dragon Pulse
- Flash Cannon
- Protect",https://play.limitlesstcg.com/tournament/6a04baa9dfbdf089cbbd9917/player/fireboule/teamlist
2026-06-18,Tenki's x MMHM - Champions M-B,17,cornwallace15,3-3-0,Basculegion,Swampert,Pelipper,Gholdengo,Annihilape,Scovillain,"Basculegion @ Choice Scarf
Ability: Adaptability
Adamant Nature
- Last Respects
- Wave Crash
- Aqua Jet
- Flip Turn

Swampert @ Swampertite
Ability: Swift Swim
Adamant Nature
- Wave Crash
- High Horsepower
- Smack Down
- Protect

Pelipper @ Damp Rock
Ability: Drizzle
Calm Nature
- Hurricane
- Weather Ball
- Wide Guard
- Tailwind

Gholdengo @ Metal Coat
Ability: Good as Gold
Timid Nature
- Make It Rain
- Shadow Ball
- Nasty Plot
- Protect

Annihilape @ Leftovers
Ability: Defiant
Adamant Nature
- Rage Fist
- Drain Punch
- Bulk Up
- Protect

Scovillain @ Scovillainite
Ability: Spicy Spray
Bold Nature
- Overheat
- Leech Seed
- Rage Powder
- Protect",https://play.limitlesstcg.com/tournament/6a04baa9dfbdf089cbbd9917/player/cornwallace15/teamlist
2026-06-18,Tenki's x MMHM - Champions M-B,18,Mattpode3,3-3-0,Staraptor,Whimsicott,Gholdengo,Incineroar,Maushold,Swampert,"Staraptor @ Staraptite
Ability: Intimidate
Adamant Nature
- Close Combat
- Brave Bird
- Dual Wingbeat
- Protect

Whimsicott @ Fairy Feather
Ability: Prankster
Timid Nature
- Moonblast
- Tickle
- Tailwind
- Protect

Gholdengo @ Leftovers
Ability: Good as Gold
Modest Nature
- Make It Rain
- Shadow Ball
- Nasty Plot
- Protect

Incineroar @ Passho Berry
Ability: Intimidate
Impish Nature
- Flare Blitz
- Throat Chop
- Parting Shot
- Fake Out

Maushold @ Focus Sash
Ability: Friend Guard
Jolly Nature
- Super Fang
- Follow Me
- Rain Dance
- Protect

Swampert @ Swampertite
Ability: Damp
Adamant Nature
- Wave Crash
- Rock Slide
- Stomping Tantrum
- Protect",https://play.limitlesstcg.com/tournament/6a04baa9dfbdf089cbbd9917/player/mattpode3/teamlist
2026-06-18,Tenki's x MMHM - Champions M-B,19,chamalayama,3-3-0,Dragonite,Whimsicott,Pelipper,Gholdengo,Sneasler,Archaludon,"Dragonite @ Dragoninite
Ability: Inner Focus
Modest Nature
- Dragon Pulse
- Ice Beam
- Hurricane
- Protect

Whimsicott @ Focus Sash
Ability: Prankster
Timid Nature
- Moonblast
- Light Screen
- Encore
- Tailwind

Pelipper @ Damp Rock
Ability: Drizzle
Calm Nature
- Hurricane
- Tailwind
- Wide Guard
- Weather Ball

Gholdengo @ Life Orb
Ability: Good as Gold
Modest Nature
- Protect
- Make It Rain
- Shadow Ball
- Psychic

Sneasler @ White Herb
Ability: Unburden
Adamant Nature
- Close Combat
- Protect
- Dire Claw
- Fake Out

Archaludon @ Leftovers
Ability: Stamina
Modest Nature
- Electro Shot
- Dragon Pulse
- Protect
- Flash Cannon",https://play.limitlesstcg.com/tournament/6a04baa9dfbdf089cbbd9917/player/chamalayama/teamlist
2026-06-18,Tenki's x MMHM - Champions M-B,20,CocoNootNoot,3-3-0,Sceptile,Mawile,Milotic,Garchomp,Talonflame,Heliolisk,"Sceptile @ Sceptilite
Ability: Overgrow
Modest Nature
- Earth Power
- Detect
- Energy Ball
- Dragon Pulse

Mawile @ Mawilite
Ability: Intimidate
Adamant Nature
- Iron Head
- Play Rough
- Protect
- Sucker Punch

Milotic @ Leftovers
Ability: Competitive
Modest Nature
- Icy Wind
- Protect
- Scald
- Muddy Water

Garchomp @ Life Orb
Ability: Rough Skin
Jolly Nature
- Earthquake
- Rock Tomb
- Protect
- Dragon Claw

Talonflame @ Sharp Beak
Ability: Gale Wings
Jolly Nature
- Tailwind
- Brave Bird
- Flare Blitz
- Quick Guard

Heliolisk @ Choice Scarf
Ability: Dry Skin
Modest Nature
- Discharge
- Shed Tail
- Thunderbolt
- Electrify",https://play.limitlesstcg.com/tournament/6a04baa9dfbdf089cbbd9917/player/coconootnoot/teamlist
2026-06-18,Tenki's x MMHM - Champions M-B,21,acatoro,3-2-0,Tyranitar,Garchomp,Talonflame,Basculegion,Mawile,Farigiraf,"Tyranitar @ Tyranitarite
Ability: Sand Stream
Adamant Nature
- Rock Slide
- Knock Off
- Low Kick
- Protect

Garchomp @ Life Orb
Ability: Rough Skin
Adamant Nature
- Dragon Claw
- Earthquake
- Stomping Tantrum
- Protect

Talonflame @ Sharp Beak
Ability: Gale Wings
Jolly Nature
- Brave Bird
- Will-O-Wisp
- Tailwind
- Protect

Basculegion @ Choice Scarf
Ability: Adaptability
Jolly Nature
- Aqua Jet
- Wave Crash
- Last Respects
- Flip Turn

Mawile @ Mawilite
Ability: Intimidate
Adamant Nature
- Iron Head
- Play Rough
- Sucker Punch
- Protect

Farigiraf @ Sitrus Berry
Ability: Armor Tail
Relaxed Nature
- Psychic Noise
- Helping Hand
- Trick Room
- Protect",https://play.limitlesstcg.com/tournament/6a04baa9dfbdf089cbbd9917/player/acatoro/teamlist
2026-06-18,Tenki's x MMHM - Champions M-B,22,PokeReplay,2-2-0,Kingambit,Whimsicott,Basculegion,Garchomp,Charizard,Floette-Eternal,"Kingambit @ Chople Berry
Ability: Defiant
Adamant Nature
- Kowtow Cleave
- Sucker Punch
- Iron Head
- Protect

Whimsicott @ Focus Sash
Ability: Prankster
Timid Nature
- Moonblast
- Tailwind
- Encore
- Protect

Basculegion @ Life Orb
Ability: Adaptability
Adamant Nature
- Wave Crash
- Last Respects
- Aqua Jet
- Protect

Garchomp @ Sitrus Berry
Ability: Rough Skin
Adamant Nature
- Dragon Claw
- Rock Slide
- Earthquake
- Protect

Charizard @ Charizardite Y
Ability: Blaze
Modest Nature
- Weather Ball
- Heat Wave
- Solar Beam
- Protect

Floette-Eternal @ Floettite
Ability: Flower Veil
Modest Nature
- Moonblast
- Dazzling Gleam
- Light of Ruin
- Protect",https://play.limitlesstcg.com/tournament/6a04baa9dfbdf089cbbd9917/player/pokereplay/teamlist
2026-06-18,Tenki's x MMHM - Champions M-B,23,Aminoblast,2-3-0,Raichu,Whimsicott,Staraptor,Incineroar,Jolteon,Basculegion,"Raichu @ Raichunite X
Ability: Lightning Rod
Jolly Nature
- Fake Out
- Protect
- Volt Tackle
- Play Rough

Whimsicott @ Fairy Feather
Ability: Prankster
Modest Nature
- Charm
- Tailwind
- Moonblast
- Protect

Staraptor @ Staraptite
Ability: Intimidate
Adamant Nature
- Brave Bird
- Close Combat
- Roost
- Protect

Incineroar @ Sitrus Berry
Ability: Intimidate
Careful Nature
- Fake Out
- Parting Shot
- Darkest Lariat
- Flare Blitz

Jolteon @ Life Orb
Ability: Volt Absorb
Timid Nature
- Rising Voltage
- Detect
- Electroweb
- Alluring Voice

Basculegion @ Focus Sash
Ability: Adaptability
Adamant Nature
- Liquidation
- Last Respects
- Aqua Jet
- Protect",https://play.limitlesstcg.com/tournament/6a04baa9dfbdf089cbbd9917/player/aminoblast/teamlist
2026-06-18,Tenki's x MMHM - Champions M-B,24,tunisandwich,2-2-0,Staraptor,Grimmsnarl,Sinistcha,Arcanine-Hisui,Milotic,Metagross,"Staraptor @ Staraptite
Ability: Intimidate
Jolly Nature
- Close Combat
- Brave Bird
- Substitute
- Protect

Grimmsnarl @ Light Clay
Ability: Prankster
Careful Nature
- Spirit Break
- Light Screen
- Scary Face
- Parting Shot

Sinistcha @ Coba Berry
Ability: Hospitality
Calm Nature
- Matcha Gotcha
- Rage Powder
- Strength Sap
- Life Dew

Arcanine-Hisui @ Choice Scarf
Ability: Intimidate
Adamant Nature
- Flare Blitz
- Head Smash
- Wild Charge
- Extreme Speed

Milotic @ Leftovers
Ability: Competitive
Bold Nature
- Scald
- Icy Wind
- Recover
- Protect

Metagross @ Metagrossite
Ability: Clear Body
Jolly Nature
- Meteor Mash
- Bullet Punch
- Psychic Fangs
- Protect",https://play.limitlesstcg.com/tournament/6a04baa9dfbdf089cbbd9917/player/tunisandwich/teamlist
2026-06-18,Tenki's x MMHM - Champions M-B,25,Exonarf,2-4-0,Scolipede,Hydreigon,Annihilape,Sinistcha,Incineroar,Sneasler,"Scolipede @ Scolipite
Ability: Speed Boost
Adamant Nature
- Rock Slide
- Poison Jab
- Swords Dance
- Protect

Hydreigon @ Choice Scarf
Ability: Levitate
Modest Nature
- Dark Pulse
- Draco Meteor
- Earth Power
- Snarl

Annihilape @ Leftovers
Ability: Defiant
Careful Nature
- Rage Fist
- Drain Punch
- Bulk Up
- Protect

Sinistcha @ Colbur Berry
Ability: Hospitality
Modest Nature
- Matcha Gotcha
- Life Dew
- Rage Powder
- Protect

Incineroar @ Sitrus Berry
Ability: Intimidate
Impish Nature
- Fake Out
- Parting Shot
- Flare Blitz
- Throat Chop

Sneasler @ Focus Sash
Ability: Unburden
Jolly Nature
- Close Combat
- Dire Claw
- Coaching
- Fake Out",https://play.limitlesstcg.com/tournament/6a04baa9dfbdf089cbbd9917/player/exonarf/teamlist
2026-06-18,Tenki's x MMHM - Champions M-B,26,JuanPabla,2-2-0,Swampert,Sableye,Pelipper,Archaludon,Venusaur,Annihilape,"Swampert @ Swampertite
Ability: Torrent
Adamant Nature
- Wave Crash
- Earthquake
- Ice Punch
- Protect

Sableye @ Light Clay
Ability: Prankster
Calm Nature
- Light Screen
- Reflect
- Rain Dance
- Encore

Pelipper @ Sitrus Berry
Ability: Drizzle
Modest Nature
- Weather Ball
- Hurricane
- Tailwind
- Protect

Archaludon @ Leftovers
Ability: Stamina
Modest Nature
- Electro Shot
- Dragon Pulse
- Flash Cannon
- Protect

Venusaur @ Venusaurite
Ability: Chlorophyll
Modest Nature
- Protect
- Earth Power
- Sludge Bomb
- Giga Drain

Annihilape @ Focus Sash
Ability: Defiant
Jolly Nature
- Coaching
- Close Combat
- Rage Fist
- Protect",https://play.limitlesstcg.com/tournament/6a04baa9dfbdf089cbbd9917/player/juanpabla/teamlist
2026-06-18,Tenki's x MMHM - Champions M-B,28,HarukoSakura,2-3-0,Staraptor,Maushold,Sinistcha,Grimmsnarl,Garchomp,Gholdengo,"Staraptor @ Staraptite
Ability: Intimidate
Jolly Nature
- Roost
- Close Combat
- Brave Bird
- Protect

Maushold @ Focus Sash
Ability: Friend Guard
Jolly Nature
- Super Fang
- Follow Me
- Charm
- Protect

Sinistcha @ Sitrus Berry
Ability: Hospitality
Bold Nature
- Trick Room
- Rage Powder
- Matcha Gotcha
- Strength Sap

Grimmsnarl @ Light Clay
Ability: Prankster
Adamant Nature
- Reflect
- Light Screen
- Spirit Break
- Parting Shot

Garchomp @ Life Orb
Ability: Rough Skin
Jolly Nature
- Dragon Claw
- Earthquake
- Rock Slide
- Protect

Gholdengo @ Metal Coat
Ability: Good as Gold
Modest Nature
- Make It Rain
- Protect
- Shadow Ball
- Nasty Plot",https://play.limitlesstcg.com/tournament/6a04baa9dfbdf089cbbd9917/player/harukosakura/teamlist
2026-06-18,Tenki's x MMHM - Champions M-B,29,Garg_Bhavik07,2-4-0,Charizard,Eelektross,Venusaur,Dragonite,Whimsicott,Gholdengo,"Charizard @ Charizardite Y
Ability: Blaze
Timid Nature
- Protect
- Heat Wave
- Weather Ball
- Solar Beam

Eelektross @ Eelektrossite
Ability: levitate
Adamant Nature
- Protect
- Rock Slide
- Wild Charge
- Close Combat

Venusaur @ Sitrus Berry
Ability: Chlorophyll
Modest Nature
- Sleep Powder
- Earth Power
- Sludge Bomb
- Energy Ball

Dragonite @ Choice Scarf
Ability: Inner Focus
Adamant Nature
- Earthquake
- Dragon Claw
- Ice Spinner
- Extreme Speed

Whimsicott @ Focus Sash
Ability: Prankster
Timid Nature
- Protect
- Encore
- Tailwind
- Moonblast

Gholdengo @ Life Orb
Ability: Good as Gold
Timid Nature
- Protect
- Make It Rain
- Shadow Ball
- Nasty Plot",https://play.limitlesstcg.com/tournament/6a04baa9dfbdf089cbbd9917/player/garg_bhavik07/teamlist
2026-06-18,Tenki's x MMHM - Champions M-B,30,JoMcCloud23,1-2-0,Staraptor,Rotom-Wash,Sinistcha,Incineroar,Gholdengo,Grimmsnarl,"Staraptor @ Staraptite
Ability: Reckless
Jolly Nature
- Close Combat
- Brave Bird
- Tailwind
- Protect

Rotom-Wash @ Leftovers
Ability: Levitate
Modest Nature
- Thunderbolt
- Hydro Pump
- Will-O-Wisp
- Protect

Sinistcha @ Miracle Seed
Ability: Hospitality
Modest Nature
- Matcha Gotcha
- Rage Powder
- Trick Room
- Protect

Incineroar @ Sitrus Berry
Ability: Intimidate
Adamant Nature
- Fake Out
- Flare Blitz
- Throat Chop
- Parting Shot

Gholdengo @ Choice Scarf
Ability: Good as Gold
Modest Nature
- Make It Rain
- Shadow Ball
- Power Gem
- Trick

Grimmsnarl @ Light Clay
Ability: Prankster
Adamant Nature
- Spirit Break
- Reflect
- Light Screen
- Parting Shot",https://play.limitlesstcg.com/tournament/6a04baa9dfbdf089cbbd9917/player/jomccloud23/teamlist
2026-06-18,Tenki's x MMHM - Champions M-B,31,XeolnorzVGC,1-0-0,Annihilape,Pelipper,Swampert,Archaludon,Incineroar,Sinistcha,"Annihilape @ Focus Sash
Ability: Defiant
Jolly Nature
- Drain Punch
- Rage Fist
- Taunt
- Protect

Pelipper @ Sitrus Berry
Ability: Drizzle
Modest Nature
- Weather Ball
- Hurricane
- Wide Guard
- Tailwind

Swampert @ Swampertite
Ability: Torrent
Adamant Nature
- Wave Crash
- High Horsepower
- Ice Punch
- Protect

Archaludon @ Leftovers
Ability: Stamina
Bold Nature
- Electro Shot
- Dragon Pulse
- Flash Cannon
- Protect

Incineroar @ Chople Berry
Ability: Intimidate
Careful Nature
- Flare Blitz
- Fake Out
- Parting Shot
- Throat Chop

Sinistcha @ Kasib Berry
Ability: Hospitality
Relaxed Nature
- Matcha Gotcha
- Rage Powder
- Trick Room
- Life Dew",https://play.limitlesstcg.com/tournament/6a04baa9dfbdf089cbbd9917/player/xeolnorzvgc/teamlist
2026-06-18,Tenki's x MMHM - Champions M-B,32,SilverMac,1-2-0,Swampert,Pelipper,Incineroar,Gholdengo,Hydrapple,Sableye,"Swampert @ Swampertite
Ability: Torrent
Adamant Nature
- Protect
- Wave Crash
- Earthquake
- Knock Off

Pelipper @ Focus Sash
Ability: Drizzle
Timid Nature
- Protect
- Helping Hand
- Tailwind
- Hurricane

Incineroar @ Sitrus Berry
Ability: Intimidate
Impish Nature
- Fake Out
- Flare Blitz
- Parting Shot
- Darkest Lariat

Gholdengo @ Choice Scarf
Ability: Good as Gold
Timid Nature
- Power Gem
- Make It Rain
- Shadow Ball
- Dazzling Gleam

Hydrapple @ Life Orb
Ability: Regenerator
Quiet Nature
- Protect
- Draco Meteor
- Energy Ball
- Earth Power

Sableye @ Roseli Berry
Ability: Prankster
Impish Nature
- Fake Out
- Detect
- Night Shade
- Rain Dance",https://play.limitlesstcg.com/tournament/6a04baa9dfbdf089cbbd9917/player/silvermac/teamlist
2026-06-18,Tenki's x MMHM - Champions M-B,35,Royal_Rebel_Prince21,1-2-0,Whimsicott,Pyroar,Eelektross,Metagross,Basculegion,Incineroar,"Whimsicott @ Focus Sash
Ability: Prankster
Timid Nature
- Moonblast
- Tailwind
- Protect
- Encore

Pyroar @ Pyroarite
Ability: Rivalry
Timid Nature
- Flamethrower
- Heat Wave
- Hyper Voice
- Protect

Eelektross @ Eelektrossite
Ability: Levitate
Tera Type: Electric
Modest Nature
- Flamethrower
- Thunderbolt
- Muddy Water
- Protect

Metagross @ Metagrossite
Ability: Clear Body
Adamant Nature
- Bullet Punch
- Psychic Fangs
- Earthquake
- Protect

Basculegion @ Life Orb
Ability: Adaptability
Jolly Nature
- Aqua Jet
- Last Respects
- Wave Crash
- Protect

Incineroar @ Sitrus Berry
Ability: Intimidate
Tera Type: Fire
Careful Nature
- Darkest Lariat
- Flare Blitz
- Fake Out
- Parting Shot",https://play.limitlesstcg.com/tournament/6a04baa9dfbdf089cbbd9917/player/royal_rebel_prince21/teamlist
2026-06-18,Tenki's x MMHM - Champions M-B,36,Sglez124,1-2-0,Malamar,Klefki,Corviknight,Garchomp,Basculegion,Sinistcha,"Malamar @ Malamarite
Ability: Contrary
Adamant Nature
- Night Slash
- Psycho Cut
- Superpower
- Protect

Klefki @ Light Clay
Ability: Prankster
Calm Nature
- Light Screen
- Reflect
- Thunder Wave
- Metal Sound

Corviknight @ Leftovers
Ability: Mirror Armor
Careful Nature
- Brave Bird
- Iron Head
- Bulk Up
- Roost

Garchomp @ Life Orb
Ability: Rough Skin
Jolly Nature
- Stomping Tantrum
- Earthquake
- Rock Slide
- Protect

Basculegion @ Choice Scarf
Ability: Swift Swim
Jolly Nature
- Wave Crash
- Last Respects
- Flip Turn
- Aqua Jet

Sinistcha @ Sitrus Berry
Ability: Hospitality
Bold Nature
- Matcha Gotcha
- Rage Powder
- Trick Room
- Life Dew",https://play.limitlesstcg.com/tournament/6a04baa9dfbdf089cbbd9917/player/sglez124/teamlist
2026-06-18,Tenki's x MMHM - Champions M-B,37,GloriWasHere,1-1-0,Eelektross,Tinkaton,Garchomp,Gholdengo,Whimsicott,Grimmsnarl,"Eelektross @ Eelektrossite
Ability: Levitate
Modest Nature
- Thunderbolt
- Flamethrower
- Grass Knot
- Protect

Tinkaton @ Occa Berry
Ability: Mold Breaker
Jolly Nature
- Fake Out
- Gigaton Hammer
- Fake Tears
- Protect

Garchomp @ Life Orb
Ability: Rough Skin
Jolly Nature
- Earthquake
- Dragon Claw
- Rock Slide
- Protect

Gholdengo @ Choice Scarf
Ability: Good as Gold
Timid Nature
- Make It Rain
- Shadow Ball
- Power Gem
- Trick

Whimsicott @ Focus Sash
Ability: Prankster
Timid Nature
- Tailwind
- Moonblast
- Encore
- Protect

Grimmsnarl @ Light Clay
Ability: Prankster
Careful Nature
- Spirit Break
- Swagger
- Light Screen
- Reflect",https://play.limitlesstcg.com/tournament/6a04baa9dfbdf089cbbd9917/player/gloriwashere/teamlist
2026-06-18,Tenki's x MMHM - Champions M-B,38,alfox,1-5-0,Raichu,Staraptor,Incineroar,Sinistcha,Basculegion,Whimsicott,"Raichu @ Light Clay
Ability: Lightning Rod
Jolly Nature
- Reflect
- Nuzzle
- Fake Out
- Charm

Staraptor @ Staraptite
Ability: Intimidate
Jolly Nature
- Roost
- Brave Bird
- Close Combat
- Protect

Incineroar @ Passho Berry
Ability: Intimidate
Careful Nature
- Fake Out
- Parting Shot
- Throat Chop
- Flare Blitz

Sinistcha @ Sitrus Berry
Ability: Hospitality
Bold Nature
- Rage Powder
- Life Dew
- Protect
- Matcha Gotcha

Basculegion @ Choice Scarf
Ability: Adaptability
Jolly Nature
- Last Respects
- Aqua Jet
- Wave Crash
- Flip Turn

Whimsicott @ Focus Sash
Ability: Prankster
Timid Nature
- Charm
- Encore
- Tailwind
- Moonblast",https://play.limitlesstcg.com/tournament/6a04baa9dfbdf089cbbd9917/player/alfox/teamlist
2026-06-18,Tenki's x MMHM - Champions M-B,39,moocowz,1-5-0,Staraptor,Sinistcha,Milotic,Garchomp,Gholdengo,Grimmsnarl,"Staraptor @ Staraptite
Ability: Intimidate
Jolly Nature
- Close Combat
- Roost
- Protect
- Brave Bird

Sinistcha @ Focus Sash
Ability: Hospitality
Calm Nature
- Strength Sap
- Trick Room
- Rage Powder
- Matcha Gotcha

Milotic @ Leftovers
Ability: Competitive
Bold Nature
- Icy Wind
- Scald
- Life Dew
- Protect

Garchomp @ Choice Scarf
Ability: Rough Skin
Adamant Nature
- Stomping Tantrum
- Dragon Claw
- Rock Slide
- Poison Jab

Gholdengo @ Life Orb
Ability: Good as Gold
Modest Nature
- Make It Rain
- Shadow Ball
- Nasty Plot
- Protect

Grimmsnarl @ Mental Herb
Ability: Prankster
Carefuo Nature
- Parting Shot
- Spirit Break
- Scary Face
- Fake Out",https://play.limitlesstcg.com/tournament/6a04baa9dfbdf089cbbd9917/player/moocowz/teamlist
2026-06-18,Tenki's x MMHM - Champions M-B,40,Santi Gonzalez,1-3-0,Metagross,Pelipper,Sinistcha,Archaludon,Swampert,Grimmsnarl,"Metagross @ Metagrossite
Ability: Clear Body
Jolly Nature
- Protect
- Iron Head
- Psychic Fangs
- Ice Punch

Pelipper @ Focus Sash
Ability: Drizzle
Timid Nature
- Protect
- Tailwind
- Weather Ball
- Hurricane

Sinistcha @ Sitrus Berry
Ability: Hospitality
Bold Nature
- Protect
- Life Dew
- Rage Powder
- Matcha Gotcha

Archaludon @ Leftovers
Ability: Stamina
Modest Nature
- Protect
- Electro Shot
- Dragon Pulse
- Flash Cannon

Swampert @ Swampertite
Ability: Damp
Adamant Nature
- Protect
- Wave Crash
- Earthquake
- Ice Punch

Grimmsnarl @ Light Clay
Ability: Prankster
Impish Nature
- Reflect
- Parting Shot
- Light Screen
- Spirit Break",https://play.limitlesstcg.com/tournament/6a04baa9dfbdf089cbbd9917/player/iluxmh/teamlist
2026-06-18,Tenki's x MMHM - Champions M-B,41,TitanoPigro3,0-3-0,Staraptor,Grimmsnarl,Glimmora,Sinistcha,Metagross,Incineroar,"Staraptor @ Staraptite
Ability: Intimidate
Jolly Nature
- Brave Bird
- Close Combat
- Roost
- Protect

Grimmsnarl @ Light Clay
Ability: Prankster
Impish Nature
- Spirit Break
- Reflect
- Light Screen
- Parting Shot

Glimmora @ Focus Sash
Ability: Toxic Debris
Timid Nature
- Sludge Bomb
- Power Gem
- Earth Power
- Spiky Shield

Sinistcha @ Colbur Berry
Ability: Hospitality
Bold Nature
- Protect
- Matcha Gotcha
- Life Dew
- Rage Powder

Metagross @ Metagrossite
Ability: Clear Body
Jolly Nature
- Psychic Fangs
- Meteor Mash
- Stomping Tantrum
- Protect

Incineroar @ Sitrus Berry
Ability: Intimidate
Jolly Nature
- Flare Blitz
- Throat Chop
- Fake Out
- Parting Shot",https://play.limitlesstcg.com/tournament/6a04baa9dfbdf089cbbd9917/player/titanopigro3/teamlist
2026-06-18,Tenki's x MMHM - Champions M-B,42,Mythra,0-2-0,Blaziken,Kingambit,Sinistcha,Aerodactyl,Incineroar,Floette,"Blaziken @ Blazikenite
Ability: Speed Boost
Jolly Nature
- Close Combat
- Flare Blitz
- Coaching
- Detect

Kingambit @ Black Glasses
Ability: Defiant
Adamant Nature
- Swords Dance
- Kowtow Cleave
- Sucker Punch
- Protect

Sinistcha @ Kasib Berry
Ability: Hospitality
Bold Nature
- Trick Room
- Rage Powder
- Matcha Gotcha
- Protect

Aerodactyl @ Aerodactylite
Ability: Unnerve
Jolly Nature
- Rock Slide
- Dual Wingbeat
- Ice Fang
- Protect

Incineroar @ Sitrus Berry
Ability: Intimidate
Careful Nature
- Fake Out
- Flare Blitz
- Taunt
- Parting Shot

Floette @ Floettite
Ability: Flower Veil
Modest Nature
- Dazzling Gleam
- Moonblast
- Calm Mind
- Protect",https://play.limitlesstcg.com/tournament/6a04baa9dfbdf089cbbd9917/player/mythra/teamlist
2026-06-18,Tenki's x MMHM - Champions M-B,44,NightX,0-3-0,Staraptor,Whimsicott,Incineroar,Sneasler,Metagross,Raichu,"Staraptor @ Staraptite
Ability: Intimidate
Jolly Nature
- Brave Bird
- Roost
- Close Combat
- Protect

Whimsicott @ Focus Sash
Ability: Prankster
Timid Nature
- Tailwind
- Charm
- Encore
- Moonblast

Incineroar @ Leftovers
Ability: Intimidate
Careful Nature
- Flare Blitz
- Darkest Lariat
- Fake Out
- Parting Shot

Sneasler @ White Herb
Ability: Unburden
Jolly Nature
- Fake Out
- Dire Claw
- Close Combat
- Throat Chop

Metagross @ Metagrossite
Ability: Clear Body
Adamant Nature
- Protect
- Psychic Fangs
- Rock Slide
- Bullet Punch

Raichu @ Sitrus Berry
Ability: Lightning Rod
Timid Nature
- Fake Out
- Volt Switch
- Rising Voltage
- Protect",https://play.limitlesstcg.com/tournament/6a04baa9dfbdf089cbbd9917/player/nightx/teamlist
2026-06-18,Tenki's x MMHM - Champions M-B,45,LutunG,0-6-0,Banette,Sneasler,Basculegion,Kingambit,Sylveon,Aerodactyl,"Banette @ Banettite
Ability: Frisk
Adamant Nature
- Destiny Bond
- Encore
- Protect
- Poltergeist

Sneasler @ Focus Sash
Ability: Unburden
Adamant Nature
- Dire Claw
- Fake Out
- Protect
- Close Combat

Basculegion @ Choice Scarf
Ability: Swift Swim
Modest Nature
- Last Respects
- Protect
- Aqua Jet
- Liquidation

Kingambit @ Black Glasses
Ability: Defiant
Adamant Nature
- Iron Head
- Sucker Punch
- Kowtow Cleave
- Protect

Sylveon @ Fairy Feather
Ability: Pixilate
Modest Nature
- Detect
- Hyper Voice
- Quick Attack
- Hyper Beam

Aerodactyl @ Aerodactylite
Ability: Unnerve
Jolly Nature
- Dual Wingbeat
- Protect
- Rock Slide
- Tailwind",https://play.limitlesstcg.com/tournament/6a04baa9dfbdf089cbbd9917/player/lutung/teamlist
2026-06-18,Tenki's x MMHM - Champions M-B,46,PokeyStick,0-2-0,Tyranitar,Sinistcha,Pelipper,Grimmsnarl,Swampert,Sneasler,"Tyranitar @ Tyranitarite
Ability: Sand Stream
Adamant Nature
- Protect
- Rock Slide
- Knock Off
- Dragon Dance

Sinistcha @ Sitrus Berry
Ability: Hospitality
Timid Nature
- Matcha Gotcha
- Rage Powder
- Protect
- Calm Mind

Pelipper @ Focus Sash
Ability: Drizzle
Timid Nature
- Hurricane
- Tailwind
- Protect
- Ice Beam

Grimmsnarl @ Leftovers
Ability: Prankster
Impish Nature
- Sucker Punch
- Fake Out
- Barrier
- Parting Shot

Swampert @ Swampertite
Ability: Torrent
Adamant Nature
- High Horsepower
- Protect
- Poison Jab
- Wave Crash

Sneasler @ White Herb
Ability: Unburden
Jolly Nature
- Close Combat
- Dire Claw
- Fake Out
- Protect",https://play.limitlesstcg.com/tournament/6a04baa9dfbdf089cbbd9917/player/pokeystick/teamlist
2026-06-18,Tenki's x MMHM - Champions M-B,48,Crocette,0-2-0,Chesnaught,Sneasler,Toxapex,Incineroar,Annihilape,Raichu,"Chesnaught @ Chesnaughtite
Ability: Bulletproof
Careful Nature
- Body Press
- Spiky Shield
- Wood Hammer
- Leech Seed

Sneasler @ White Herb
Ability: Unburden
Jolly Nature
- Dire Claw
- Close Combat
- Fake Out
- Protect

Toxapex @ Leftovers
Ability: Regenerator
Bold Nature
- Baneful Bunker
- Recover
- Infestation
- Wide Guard

Incineroar @ Sitrus Berry
Ability: Intimidate
Careful Nature
- Darkest Lariat
- Flare Blitz
- Fake Out
- Parting Shot

Annihilape @ Roseli Berry
Ability: Defiant
Adamant Nature
- Rage Fist
- Taunt
- Protect
- Drain Punch

Raichu @ Raichunite Y
Ability: Lightning Rod
Timid Nature
- Fake Out
- Zap Cannon
- Focus Blast
- Protect",https://play.limitlesstcg.com/tournament/6a04baa9dfbdf089cbbd9917/player/crocette/teamlist
2026-06-18,Tenki's x MMHM - Champions M-B,49,138mysx,0-1-0,Swampert,Mawile,Farigiraf,Kangaskhan,Pelipper,Incineroar,"Swampert @ Swampertite
Ability: Torrent
Adamant Nature
- Wave Crash
- Ice Punch
- High Horsepower
- Protect

Mawile @ Mawilite
Ability: Intimidate
Tera Type: Steel
Brave Nature
- Knock Off
- Play Rough
- Iron Head
- Protect

Farigiraf @ Sitrus Berry
Ability: Armor Tail
Relaxed Nature
- Psychic
- Helping Hand
- Trick Room
- Protect

Kangaskhan @ Life Orb
Ability: Scrappy
Adamant Nature
- Fake Out
- Last Resort

Pelipper @ Focus Sash
Ability: Drizzle
Bold Nature
- Weather Ball
- Hurricane
- Tailwind
- Protect

Incineroar @ Chople Berry
Ability: Intimidate
Adamant Nature
- Flare Blitz
- Throat Chop
- Fake Out
- Parting Shot",https://play.limitlesstcg.com/tournament/6a04baa9dfbdf089cbbd9917/player/138mysx/teamlist
2026-06-17,*Sitrus-Series*|Champions-MB|#63,1,BHelixB,9-2-0,Arcanine-Hisui,Whimsicott,Sneasler,Garchomp,Kingambit,Froslass,"Arcanine-Hisui @ Focus Sash
Ability: Rock Head
Jolly Nature
- Flare Blitz
- Rock Slide
- Extreme Speed
- Protect

Whimsicott @ Occa Berry
Ability: Prankster
Bold Nature
- Protect
- Encore
- Tailwind
- Moonblast

Sneasler @ White Herb
Ability: Unburden
Jolly Nature
- Fake Out
- Dire Claw
- Close Combat
- Protect

Garchomp @ Life Orb
Ability: Rough Skin
Adamant Nature
- Dragon Claw
- Earthquake
- Rock Slide
- Protect

Kingambit @ Black Glasses
Ability: Defiant
Adamant Nature
- Kowtow Cleave
- Iron Head
- Sucker Punch
- Protect

Froslass @ Froslassite
Ability: Snow Cloak
Modest Nature
- Blizzard
- Shadow Ball
- Aurora Veil
- Protect",https://play.limitlesstcg.com/tournament/6a2c0161e334c3c9befd473b/player/bhelixb/teamlist
2026-06-17,*Sitrus-Series*|Champions-MB|#63,4,SleepySilverVGC,7-3-0,Ninetales-Alola,Staraptor,Delphox,Basculegion,Maushold,Kingambit,"Ninetales-Alola @ Never-Melt Ice
Ability: Snow Warning
Timid Nature
- Blizzard
- Freeze-Dry
- Icy Wind
- Protect

Staraptor @ Staraptite
Ability: Intimidate
Adamant Nature
- Brave Bird
- Close Combat
- Protect
- Tailwind

Delphox @ Delphoxite
Ability: Blaze
Timid Nature
- Heat Wave
- Psyshock
- Protect
- Substitute

Basculegion @ Choice Scarf
Ability: Adaptability
Jolly Nature
- Wave Crash
- Last Respects
- Flip Turn
- Aqua Jet

Maushold @ Focus Sash
Ability: Friend Guard
Jolly Nature
- Super Fang
- Protect
- Follow Me
- Encore

Kingambit @ Black Glasses
Ability: Defiant
Adamant Nature
- Kowtow Cleave
- Sucker Punch
- Iron Head
- Protect",https://play.limitlesstcg.com/tournament/6a2c0161e334c3c9befd473b/player/sleepysilvervgc/teamlist
2026-06-17,*Sitrus-Series*|Champions-MB|#63,6,AlexShyness,7-2-0,Charizard,Venusaur,Torkoal,Mawile,Farigiraf,Incineroar,"Charizard @ Charizardite Y
Ability: Blaze
Modest Nature
- Protect
- Heat Wave
- Solar Beam
- Weather Ball

Venusaur @ Focus Sash
Ability: Chlorophyll
Modest Nature
- Protect
- Sleep Powder
- Sludge Bomb
- Energy Ball

Torkoal @ Charcoal
Ability: Drought
Quiet Nature
- Protect
- Eruption
- Heat Wave
- Weather Ball

Mawile @ Mawilite
Ability: Hyper Cutter
Brave Nature
- Protect
- Play Rough
- Sucker Punch
- Iron Head

Farigiraf @ Sitrus Berry
Ability: Armor Tail
Bold Nature
- Psychic
- Helping Hand
- Trick Room
- Hyper Voice

Incineroar @ Passho Berry
Ability: Intimidate
Brave Nature
- Fake Out
- Flare Blitz
- Throat Chop
- Parting Shot",https://play.limitlesstcg.com/tournament/6a2c0161e334c3c9befd473b/player/alexshyness/teamlist
2026-06-17,*Sitrus-Series*|Champions-MB|#63,7,Teach_12,7-2-0,Staraptor,Whimsicott,Incineroar,Sinistcha,Basculegion,Floette,"Staraptor @ Staraptite
Ability: Intimidate
Jolly Nature
- Close Combat
- Brave Bird
- Protect
- Roost

Whimsicott @ Focus Sash
Ability: Prankster
Bold Nature
- Charm
- Tailwind
- Moonblast
- Light Screen

Incineroar @ Passho Berry
Ability: Intimidate
Relaxed Nature
- Parting Shot
- Protect
- Flare Blitz
- Fake Out

Sinistcha @ Sitrus Berry
Ability: Hospitality
Bold Nature
- Life Dew
- Rage Powder
- Matcha Gotcha
- Protect

Basculegion @ Choice Scarf
Ability: Swift Swim
Adamant Nature
- Last Respects
- Flip Turn
- Wave Crash
- Aqua Jet

Floette @ Floettite
Ability: Flower veil
Modest Nature
- Calm Mind
- Protect
- Moonblast
- Dazzling Gleam",https://play.limitlesstcg.com/tournament/6a2c0161e334c3c9befd473b/player/teach_12/teamlist
2026-06-17,*Sitrus-Series*|Champions-MB|#63,8,NMR | FelipeT,7-2-0,Swampert,Pelipper,Archaludon,Kingambit,Sinistcha,Incineroar,"Swampert @ Swampertite
Ability: Damp
Adamant Nature
- Wave Crash
- Ice Punch
- Earthquake
- Protect

Pelipper @ Focus Sash
Ability: Drizzle
Modest Nature
- Weather Ball
- Hurricane
- Protect
- Tailwind

Archaludon @ Leftovers
Ability: Stamina
Modest Nature
- Electro Shot
- Flash Cannon
- Dragon Pulse
- Protect

Kingambit @ Chople Berry
Ability: Defiant
Adamant Nature
- Kowtow Cleave
- Sucker Punch
- Protect
- Iron Head

Sinistcha @ Colbur Berry
Ability: Hospitality
Bold Nature
- Matcha Gotcha
- Protect
- Rage Powder
- Trick Room

Incineroar @ Sitrus Berry
Ability: Intimidate
Impish Nature
- Fake Out
- Throat Chop
- Parting Shot
- Flare Blitz",https://play.limitlesstcg.com/tournament/6a2c0161e334c3c9befd473b/player/felipet/teamlist
2026-06-17,*Sitrus-Series*|Champions-MB|#63,10,Masuda77,5-3-0,Charizard,Raichu,Azumarill,Mamoswine,Sneasler,Sinistcha,"Charizard @ Charizardite Y
Ability: Drought
Tera Type: Fire
Timid Nature
- Heat Wave
- Protect
- Weather Ball
- Solar Beam

Raichu @ Raichunite Y
Ability: No Guard
Timid Nature
- Fake Out
- Zap Cannon
- Focus Blast
- Volt Switch

Azumarill @ Sitrus Berry
Ability: Huge Power
Tera Type: Water
Adamant Nature
- Belly Drum
- Aqua Jet
- Protect
- Play Rough

Mamoswine @ Choice Scarf
Ability: Oblivious
Tera Type: Ice
Jolly Nature
- Ice Shard
- Icicle Crash
- Earthquake
- Rock Slide

Sneasler @ White Herb
Ability: Pressure
Jolly Nature
- Fake Out
- U-turn
- Dire Claw
- Close Combat

Sinistcha @ Leftovers
Ability: Hospitality
Calm Nature
- Shadow Ball
- Matcha Gotcha
- Rage Powder
- Trick Room",https://play.limitlesstcg.com/tournament/6a2c0161e334c3c9befd473b/player/masuda77/teamlist
2026-06-17,*Sitrus-Series*|Champions-MB|#63,11,138mysx,5-3-0,Swampert,Pelipper,Mawile,Kingambit,Farigiraf,Kangaskhan,"Swampert @ Swampertite
Ability: Swift Swim
Adamant Nature
- Wave Crash
- Ice Punch
- High Horsepower
- Protect

Pelipper @ Focus Sash
Ability: Drizzle
Bold Nature
- Weather Ball
- Tailwind
- Hurricane
- Protect

Mawile @ Mawilite
Ability: Huge Power
Tera Type: Steel
Brave Nature
- Knock Off
- Play Rough
- Iron Head
- Protect

Kingambit @ Black Glasses
Ability: Defiant
Adamant Nature
- Kowtow Cleave
- Sucker Punch
- Iron Head
- Protect

Farigiraf @ Sitrus Berry
Ability: Armor Tail
Relaxed Nature
- Psychic
- Helping Hand
- Trick Room
- Protect

Kangaskhan @ Life Orb
Ability: Scrappy
Adamant Nature
- Fake Out
- Last Resort",https://play.limitlesstcg.com/tournament/6a2c0161e334c3c9befd473b/player/138mysx/teamlist
2026-06-17,*Sitrus-Series*|Champions-MB|#63,12,KST | KAMPFI ,5-3-0,Floette-Eternal,Sneasler,Sinistcha,Grimmsnarl,Annihilape,Incineroar,"Floette-Eternal @ Floettite
Ability: Flower Veil
Modest Nature
- Dazzling Gleam
- Draining Kiss
- Calm Mind
- Protect

Sneasler @ Focus Sash
Ability: Unburden
Jolly Nature
- Dire Claw
- Close Combat
- Coaching
- Fake Out

Sinistcha @ Kasib Berry
Ability: Hospitality
Calm Nature
- Matcha Gotcha
- Life Dew
- Rage Powder
- Trick Room

Grimmsnarl @ Light Clay
Ability: Prankster
Careful Nature
- Spirit Break
- Parting Shot
- Light Screen
- Reflect

Annihilape @ Leftovers
Ability: Defiant
Adamant Nature
- Rage Fist
- Drain Punch
- Bulk Up
- Protect

Incineroar @ Sitrus Berry
Ability: Intimidate
Careful Nature
- Flare Blitz
- Throat Chop
- Fake Out
- Parting Shot",https://play.limitlesstcg.com/tournament/6a2c0161e334c3c9befd473b/player/die_kampfstube/teamlist
2026-06-17,*Sitrus-Series*|Champions-MB|#63,13,Ambrosito,5-3-0,Delphox,Whimsicott,Incineroar,Maushold,Sinistcha,Floette-Eternal,"Delphox @ Delphoxite
Ability: Blaze
Modest Nature
- Heat Wave
- Nasty Plot
- Protect
- Psyshock

Whimsicott @ Focus Sash
Ability: Prankster
Modest Nature
- Encore
- Tailwind
- Moonblast
- Sunny Day

Incineroar @ Sitrus Berry
Ability: Intimidate
Careful Nature
- Flare Blitz
- Throat Chop
- Fake Out
- Parting Shot

Maushold @ Chople Berry
Ability: Friend Guard
Bold Nature
- Follow Me
- Super Fang
- Protect
- Feint

Sinistcha @ Kasib Berry
Ability: Hospitality
Bold Nature
- Matcha Gotcha
- Rage Powder
- Grassy Terrain
- Protect

Floette-Eternal @ Floettite
Ability: Flower Veil
Modest Nature
- Dazzling Gleam
- Moonblast
- Protect
- Calm Mind",https://play.limitlesstcg.com/tournament/6a2c0161e334c3c9befd473b/player/ambrosito/teamlist
2026-06-17,*Sitrus-Series*|Champions-MB|#63,14,xhooorxhi,5-3-0,Pelipper,Swampert,Sinistcha,Archaludon,Grimmsnarl,Dragalge,"Pelipper @ Sitrus Berry
Ability: Drizzle
Bold Nature
- Hurricane
- Weather Ball
- Wide Guard
- Protect

Swampert @ Swampertite
Ability: Damp
Adamant Nature
- Wave Crash
- High Horsepower
- Knock Off
- Protect

Sinistcha @ Leftovers
Ability: Hospitality
Bold Nature
- Matcha Gotcha
- Rage Powder
- Trick Room
- Life Dew

Archaludon @ Choice Scarf
Ability: Sturdy
Modest Nature
- Electro Shot
- Flash Cannon
- Draco Meteor
- Dragon Pulse

Grimmsnarl @ Light Clay
Ability: Prankster
Calm Nature
- Foul Play
- Reflect
- Light Screen
- Parting Shot

Dragalge @ Dragalgite
Ability: Adaptability
Bold Nature
- Sludge Bomb
- Draco Meteor
- Flip Turn
- Toxic Spikes",https://play.limitlesstcg.com/tournament/6a2c0161e334c3c9befd473b/player/xhooorxhi/teamlist
2026-06-17,*Sitrus-Series*|Champions-MB|#63,15,AquamarineVGC,5-3-0,Ninetales-Alola,Slowbro-Galar,Garchomp,Staraptor,Rotom-Frost,Annihilape,"Ninetales-Alola @ Never-Melt Ice
Ability: Snow Warning
Timid Nature
- Blizzard
- Weather Ball
- Aurora Veil
- Protect

Slowbro-Galar @ Quick Claw
Ability: Quick Draw
Quiet Nature
- Shell Side Arm
- Weather Ball
- Slack Off
- Trick Room

Garchomp @ Soft Sand
Ability: Rough Skin
Adamant Nature
- Earthquake
- Stomping Tantrum
- Rock Slide
- Protect

Staraptor @ Staraptite
Ability: Intimidate
Adamant Nature
- Brave Bird
- Close Combat
- Roost
- Protect

Rotom-Frost @ Choice Scarf
Ability: Levitate
Timid Nature
- Blizzard
- Thunderbolt
- Volt Switch
- Electroweb

Annihilape @ Scope Lens
Ability: Defiant
Adamant Nature
- Drain Punch
- Rage Fist
- Focus Energy
- Protect",https://play.limitlesstcg.com/tournament/6a2c0161e334c3c9befd473b/player/aquamarinevgc/teamlist
2026-06-17,*Sitrus-Series*|Champions-MB|#63,16,MuggyV2,4-2-0,Raichu,Ninetales-Alola,Maushold,Whimsicott,Sneasler,Basculegion,"Raichu @ Raichunite Y
Ability: Lightning Rod
Timid Nature
- Zap Cannon
- Volt Switch
- Focus Blast
- Protect

Ninetales-Alola @ Never-Melt Ice
Ability: Snow Warning
Timid Nature
- Blizzard
- Icy Wind
- Aurora Veil
- Protect

Maushold @ Chople Berry
Ability: Friend Guard
Jolly Nature
- Super Fang
- Follow Me
- Taunt
- Protect

Whimsicott @ Focus Sash
Ability: Prankster
Timid Nature
- Energy Ball
- Tailwind
- Encore
- Protect

Sneasler @ White Herb
Ability: Unburden
Jolly Nature
- Dire Claw
- Close Combat
- Fake Out
- Protect

Basculegion @ Choice Scarf
Ability: Adaptability
Jolly Nature
- Wave Crash
- Last Respects
- Aqua Jet
- Flip Turn",https://play.limitlesstcg.com/tournament/6a2c0161e334c3c9befd473b/player/muggyv2/teamlist
2026-06-17,*Sitrus-Series*|Champions-MB|#63,17,AlexIannoneVGC,4-3-0,Tyranitar,Metagross,Sinistcha,Basculegion,Sneasler,Rotom-Heat,"Tyranitar @ Tyranitarite
Ability: Sand Stream
Adamant Nature
- Rock Slide
- Dragon Dance
- Knock Off
- Protect

Metagross @ Metagrossite
Ability: Clear Body
Jolly Nature
- Protect
- Iron Head
- Psychic Fangs
- Ice Punch

Sinistcha @ Sitrus Berry
Ability: Hospitality
Calm Nature
- Protect
- Trick Room
- Matcha Gotcha
- Rage Powder

Basculegion @ Life Orb
Ability: Adaptability
Jolly Nature
- Protect
- Wave Crash
- Last Respects
- Aqua Jet

Sneasler @ White Herb
Ability: Unburden
Jolly Nature
- Fake Out
- Close Combat
- Dire Claw
- Protect

Rotom-Heat @ Choice Scarf
Ability: Levitate
Timid Nature
- Electroweb
- Thunderbolt
- Overheat
- Volt Switch",https://play.limitlesstcg.com/tournament/6a2c0161e334c3c9befd473b/player/alexiannonevgc/teamlist
2026-06-17,*Sitrus-Series*|Champions-MB|#63,18,Jakobtc505,4-3-0,Metagross,Basculegion,Pelipper,Garchomp,Sneasler,Heliolisk,"Metagross @ Metagrossite
Ability: Clear Body
Adamant Nature
- Meteor Mash
- Ice Punch
- Bullet Punch
- Protect

Basculegion @ Mystic Water
Ability: Swift Swim
Jolly Nature
- Wave Crash
- Last Respects
- Aqua Jet
- Protect

Pelipper @ Focus Sash
Ability: Drizzle
Timid Nature
- Hurricane
- Weather Ball
- Tailwind
- Wide Guard

Garchomp @ Life Orb
Ability: Rough Skin
Jolly Nature
- Dragon Claw
- Rock Slide
- Earthquake
- Protect

Sneasler @ White Herb
Ability: Unburden
Jolly Nature
- Fake Out
- Dire Claw
- Close Combat
- Protect

Heliolisk @ Choice Scarf
Ability: Dry Skin
Modest Nature
- Thunderbolt
- Volt Switch
- Dragon Pulse
- Shed Tail",https://play.limitlesstcg.com/tournament/6a2c0161e334c3c9befd473b/player/jakobtc505/teamlist
2026-06-17,*Sitrus-Series*|Champions-MB|#63,19,IcyMomentum,4-3-0,Whimsicott,Maushold,Delphox,Kommo-O,Tsareena,Staraptor,"Whimsicott @ Focus Sash
Ability: Prankster
Bold Nature
- Moonblast
- Tailwind
- Sunny Day
- Protect

Maushold @ Sitrus Berry
Ability: Friend Guard
Bold Nature
- Follow Me
- Protect
- Baby-Doll Eyes
- Taunt

Delphox @ Delphoxite
Ability: Blaze
Timid Nature
- Heat Wave
- Psyshock
- Nasty Plot
- Protect

Kommo-O @ Leftovers
Ability: Soundproof
Modest Nature
- Clangorous Soul
- Protect
- Aura Sphere
- Clanging Scales

Tsareena @ Choice Scarf
Ability: Queenly Majesty
Jolly Nature
- Power Whip
- Triple Axel
- Low Kick
- U-turn

Staraptor @ Staraptite
Ability: Intimidate
Jolly Nature
- Close Combat
- Brave Bird
- Roost
- Protect",https://play.limitlesstcg.com/tournament/6a2c0161e334c3c9befd473b/player/icymomentum/teamlist
2026-06-17,*Sitrus-Series*|Champions-MB|#63,20,Jeremiah Colustrio,4-3-0,Floette-Eternal,Aerodactyl,Sinistcha,Kingambit,Garchomp,Grimmsnarl,"Floette-Eternal @ Floettite
Ability: Flower Veil
Modest Nature
- Moonblast
- Calm Mind
- Protect
- Dazzling Gleam

Aerodactyl @ Aerodactylite
Ability: Unnerve
Jolly Nature
- Rock Slide
- Protect
- Tailwind
- Dual Wingbeat

Sinistcha @ Leftovers
Ability: Hospitality
Calm Nature
- Rage Powder
- Protect
- Trick Room
- Matcha Gotcha

Kingambit @ Black Glasses
Ability: Defiant
Brave Nature
- Kowtow Cleave
- Swords Dance
- Sucker Punch
- Protect

Garchomp @ Life Orb
Ability: Rough Skin
Adamant Nature
- Dragon Claw
- Earthquake
- Protect
- Rock Slide

Grimmsnarl @ Light Clay
Ability: Prankster
Impish Nature
- Spirit Break
- Light Screen
- Parting Shot
- Reflect",https://play.limitlesstcg.com/tournament/6a2c0161e334c3c9befd473b/player/ketzuvgc/teamlist
2026-06-17,*Sitrus-Series*|Champions-MB|#63,21,xabro,4-3-0,Charizard,Sylveon,Venusaur,Garchomp,Kingambit,Whimsicott,"Charizard @ Charizardite Y
Ability: Solar Power
Timid Nature
- Weather Ball
- Solar Beam
- Heat Wave
- Protect

Sylveon @ Fairy Feather
Ability: Pixilate
Modest Nature
- Protect
- Quick Attack
- Hyper Beam
- Hyper Voice

Venusaur @ Venusaurite
Ability: Chlorophyll
Modest Nature
- Protect
- Earth Power
- Sludge Bomb
- Giga Drain

Garchomp @ Life Orb
Ability: Rough Skin
Adamant Nature
- Protect
- Rock Slide
- Dragon Claw
- Earthquake

Kingambit @ Chople Berry
Ability: Defiant
Adamant Nature
- Sucker Punch
- Kowtow Cleave
- Iron Head
- Protect

Whimsicott @ Focus Sash
Ability: Prankster
Timid Nature
- Tailwind
- Moonblast
- Encore
- Protect",https://play.limitlesstcg.com/tournament/6a2c0161e334c3c9befd473b/player/xabro/teamlist
2026-06-17,*Sitrus-Series*|Champions-MB|#63,22,TristanBubba,4-3-0,Raichu,Grimmsnarl,Milotic,Staraptor,Sinistcha,Metagross,"Raichu @ Raichunite Y
Ability: Lightning Rod
Timid Nature
- Zap Cannon
- Focus Blast
- Nasty Plot
- Protect

Grimmsnarl @ Light Clay
Ability: Prankster
Impish Nature
- Light Screen
- Reflect
- Parting Shot
- Spirit Break

Milotic @ Sitrus Berry
Ability: Competitive
Bold Nature
- Scald
- Icy Wind
- Life Dew
- Protect

Staraptor @ Starminite
Ability: Intimidate
Jolly Nature
- Brave Bird
- Close Combat
- U-turn
- Protect

Sinistcha @ Leftovers
Ability: Hospitality
Calm Nature
- Matcha Gotcha
- Rage Powder
- Strength Sap
- Trick Room

Metagross @ Life Orb
Ability: Clear Body
Adamant Nature
- Meteor Mash
- Bullet Punch
- Psychic Fangs
- Protect",https://play.limitlesstcg.com/tournament/6a2c0161e334c3c9befd473b/player/tristanbubba/teamlist
2026-06-17,*Sitrus-Series*|Champions-MB|#63,23,Hectorin,4-3-0,Eelektross,Aerodactyl,Gholdengo,Sylveon,Farigiraf,Garchomp,"Eelektross @ Eelektrossite
Ability: Levitate
Modest Nature
- Protect
- Dragon Pulse
- Flamethrower
- Thunderbolt

Aerodactyl @ Aerodactylite
Ability: Unnerve
Jolly Nature
- Protect
- Dual Wingbeat
- Rock Slide
- Tailwind

Gholdengo @ Focus Sash
Ability: Good as Gold
Modest Nature
- Protect
- Nasty Plot
- Shadow Ball
- Make It Rain

Sylveon @ Fairy Feather
Ability: Cute Charm
Modest Nature
- Protect
- Quick Attack
- Hyper Beam
- Hyper Voice

Farigiraf @ Sitrus Berry
Ability: Armor Tail
Bold Nature
- Hyper Voice
- Trick Room
- Roar
- Twin Beam

Garchomp @ Soft Sand
Ability: Rough Skin
Jolly Nature
- Protect
- Earthquake
- Dragon Claw
- Stomping Tantrum",https://play.limitlesstcg.com/tournament/6a2c0161e334c3c9befd473b/player/hectorin/teamlist
2026-06-17,*Sitrus-Series*|Champions-MB|#63,24,ISOperimetrico,4-3-0,Metagross,Aerodactyl,Kommo-O,Sylveon,Incineroar,Milotic,"Metagross @ Metagrossite
Ability: Clear Body
Adamant Nature
- Iron Head
- Psychic Fangs
- Stomping Tantrum
- Protect

Aerodactyl @ Aerodactylite
Ability: Unnerve
Jolly Nature
- Rock Slide
- Dual Wingbeat
- Tailwind
- Protect

Kommo-O @ Leftovers
Ability: Soundproof
Modest Nature
- Aura Sphere
- Clanging Scales
- Clangorous Soul
- Protect

Sylveon @ Fairy Feather
Ability: Pixilate
Modest Nature
- Hyper Voice
- Quick Attack
- Hyper Beam
- Protect

Incineroar @ Passho Berry
Ability: Intimidate
Impish Nature
- Flare Blitz
- Throat Chop
- Parting Shot
- Fake Out

Milotic @ Sitrus Berry
Ability: Competitive
Modest Nature
- Icy Wind
- Scald
- Life Dew
- Protect",https://play.limitlesstcg.com/tournament/6a2c0161e334c3c9befd473b/player/isoperimetrico/teamlist
2026-06-17,*Sitrus-Series*|Champions-MB|#63,25,JogadorZero,4-3-0,Arcanine-Hisui,Floette-Eternal,Whimsicott,Sneasler,Milotic,Hawlucha,"Arcanine-Hisui @ Focus Sash
Ability: Intimidate
Jolly Nature
- Rock Slide
- Extreme Speed
- Flare Blitz
- Protect

Floette-Eternal @ Floettite
Ability: Flower Veil
Timid Nature
- Moonblast
- Dazzling Gleam
- Light of Ruin
- Protect

Whimsicott @ Fairy Feather
Ability: Prankster
Bold Nature
- Moonblast
- Tailwind
- Protect
- Encore

Sneasler @ White Herb
Ability: Unburden
Adamant Nature
- Protect
- Dire Claw
- Close Combat
- Fake Out

Milotic @ Sitrus Berry
Ability: Competitive
Modest Nature
- Protect
- Scald
- Icy Wind
- Ice Beam

Hawlucha @ Hawluchanite
Ability: Limber
Jolly Nature
- Detect
- Entrainment
- Close Combat
- Brave Bird",https://play.limitlesstcg.com/tournament/6a2c0161e334c3c9befd473b/player/jogadorzero/teamlist
2026-06-17,*Sitrus-Series*|Champions-MB|#63,26,anivgc,4-3-0,Staraptor,Grimmsnarl,Sinistcha,Metagross,Raichu,Glimmora,"Staraptor @ Staraptite
Ability: Intimidate
Adamant Nature
- Close Combat
- Brave Bird
- Roost
- Protect

Grimmsnarl @ Roseli Berry
Ability: Prankster
Impish Nature
- Fake Out
- Parting Shot
- Scary Face
- Spirit Break

Sinistcha @ Kasib Berry
Ability: Hospitality
Calm Nature
- Matcha Gotcha
- Rage Powder
- Strength Sap
- Protect

Metagross @ Metagrossite
Ability: Clear Body
Adamant Nature
- Bullet Punch
- Psychic Fangs
- Stone Edge
- Protect

Raichu @ Focus Sash
Ability: Lightning Rod
Timid Nature
- Volt Switch
- Encore
- Fake Out
- Charm

Glimmora @ Life Orb
Ability: Toxic Debris
Modest Nature
- Power Gem
- Sludge Bomb
- Earth Power
- Spiky Shield",https://play.limitlesstcg.com/tournament/6a2c0161e334c3c9befd473b/player/anivgc/teamlist
2026-06-17,*Sitrus-Series*|Champions-MB|#63,27,Yeety32050YT,4-3-0,Swampert,Basculegion,Archaludon,Pelipper,Sableye,Sneasler,"Swampert @ swampertite
Ability: Torrent
Adamant Nature
- Wave Crash
- Stomping Tantrum
- Earthquake
- Protect

Basculegion @ Choice Scarf
Ability: Adaptability
Jolly Nature
- Wave Crash
- Last Respects
- Aqua Jet
- Flip Turn

Archaludon @ Leftovers
Ability: Stamina
Modest Nature
- Electro Shot
- Dragon Pulse
- Flash Cannon
- Protect

Pelipper @ Sitrus Berry
Ability: Drizzle
Bold Nature
- Hurricane
- Tailwind
- Weather Ball
- Wide Guard

Sableye @ Roseli Berry
Ability: Prankster
Calm Nature
- Encore
- Rain Dance
- Light Screen
- Will-O-Wisp

Sneasler @ Focus Sash
Ability: Poison Touch
Jolly Nature
- Close Combat
- Dire Claw
- Fake Out
- Protect",https://play.limitlesstcg.com/tournament/6a2c0161e334c3c9befd473b/player/yeety32050yt/teamlist
2026-06-17,*Sitrus-Series*|Champions-MB|#63,29,James McCullough,4-3-0,Raichu,Kingambit,Sylveon,Garchomp,Aerodactyl,Basculegion,"Raichu @ Raichunite Y
Ability: Static
Modest Nature
- Surf
- Draining Kiss
- Zap Cannon
- Grass Knot

Kingambit @ Chople Berry
Ability: Defiant
Adamant Nature
- Iron Head
- Kowtow Cleave
- Protect
- Sucker Punch

Sylveon @ Fairy Feather
Ability: Pixilate
Modest Nature
- Detect
- Hyper Beam
- Hyper Voice
- Quick Attack

Garchomp @ Sitrus Berry
Ability: Rough Skin
Adamant Nature
- Earthquake
- Poison Jab
- Rock Slide
- Dragon Claw

Aerodactyl @ Quick Claw
Ability: Unnerve
Jolly Nature
- Dual Wingbeat
- Wide Guard
- Tailwind
- Rock Slide

Basculegion @ Focus Sash
Ability: Adaptability
Jolly Nature
- Last Respects
- Liquidation
- Aqua Jet
- Protect",https://play.limitlesstcg.com/tournament/6a2c0161e334c3c9befd473b/player/trey9523/teamlist
2026-06-17,*Sitrus-Series*|Champions-MB|#63,30,Efebos,3-4-0,Swampert,Kingambit,Basculegion,Pelipper,Archaludon,Sableye,"Swampert @ Swampertite
Ability: Damp
Adamant Nature
- Wave Crash
- High Horsepower
- Ice Punch
- Protect

Kingambit @ Chople Berry
Ability: Defiant
Adamant Nature
- Kowtow Cleave
- Protect
- Sucker Punch
- Iron Head

Basculegion @ Life Orb
Ability: Swift Swim
Adamant Nature
- Wave Crash
- Last Respects
- Aqua Jet
- Protect

Pelipper @ Focus Sash
Ability: Drizzle
Modest Nature
- Hurricane
- Weather Ball
- Tailwind
- Wide Guard

Archaludon @ Choice Scarf
Ability: Sturdy
Timid Nature
- Electro Shot
- Draco Meteor
- Flash Cannon
- Aura Sphere

Sableye @ Roseli Berry
Ability: Prankster
Careful Nature
- Fake Out
- Encore
- Disable
- Rain Dance",https://play.limitlesstcg.com/tournament/6a2c0161e334c3c9befd473b/player/efebos/teamlist
2026-06-17,*Sitrus-Series*|Champions-MB|#63,31,Noah Banderas,3-4-0,Sableye,Swampert,Archaludon,Sinistcha,Sylveon,Sneasler,"Sableye @ Roseli Berry
Ability: Prankster
Careful Nature
- Will-O-Wisp
- Reflect
- Light Screen
- Rain Dance

Swampert @ Swampertite
Ability: Torrent
Adamant Nature
- Protect
- Wave Crash
- Stomping Tantrum
- Ice Punch

Archaludon @ Leftovers
Ability: Stamina
Calm Nature
- Electro Shot
- Dragon Pulse
- Flash Cannon
- Protect

Sinistcha @ Sitrus Berry
Ability: Hospitality
Sassy Nature
- Matcha Gotcha
- Trick Room
- Protect
- Rage Powder

Sylveon @ Life Orb
Ability: Pixilate
Bold Nature
- Protect
- Calm Mind
- Shadow Ball
- Hyper Voice

Sneasler @ White Herb
Ability: Unburden
Jolly Nature
- Protect
- Fake Out
- Dire Claw
- Close Combat",https://play.limitlesstcg.com/tournament/6a2c0161e334c3c9befd473b/player/hawkieisgod/teamlist
2026-06-17,*Sitrus-Series*|Champions-MB|#63,32,MrAwesome,3-4-0,Staraptor,Garchomp,Rotom-Wash,Whimsicott,Incineroar,Gholdengo,"Staraptor @ Staraptite
Ability: Intimidate
Adamant Nature
- Brave Bird
- Close Combat
- Protect
- Roost

Garchomp @ Life Orb
Ability: Rough Skin
Jolly Nature
- Dragon Claw
- Earthquake
- Rock Slide
- Protect

Rotom-Wash @ Sitrus Berry
Ability: Levitate
Modest Nature
- Hydro Pump
- Thunderbolt
- Protect
- Will-O-Wisp

Whimsicott @ Focus Sash
Ability: Prankster
Timid Nature
- Moonblast
- Protect
- Encore
- Tailwind

Incineroar @ Passho Berry
Ability: Intimidate
Impish Nature
- Flare Blitz
- Darkest Lariat
- Fake Out
- Parting Shot

Gholdengo @ Metal Coat
Ability: Good as Gold
Modest Nature
- Make It Rain
- Shadow Ball
- Protect
- Nasty Plot",https://play.limitlesstcg.com/tournament/6a2c0161e334c3c9befd473b/player/mrawesome/teamlist
2026-06-17,*Sitrus-Series*|Champions-MB|#63,33,tpgamer007,3-1-0,Kingambit,Farigiraf,Vivillon,Sylveon,Tyranitar,Raichu,"Kingambit @ focus sash
Ability: Defiant
Adamant Nature
- Iron Head
- Low Kick
- Kowtow Cleave
- Sucker Punch

Farigiraf @ Sitrus Berry
Ability: Armor Tail
Bold Nature
- Roar
- Trick Room
- Twin Beam
- Thunderbolt

Vivillon @ Choice Scarf
Ability: Compound Eyes
Timid Nature
- Hurricane
- Energy Ball
- Rage Powder
- Sleep Powder

Sylveon @ Life Orb
Ability: Pixilate
Modest Nature
- Hyper Beam
- Hyper Voice
- Quick Attack
- Detect

Tyranitar @ Chople Berry
Ability: Sand stream
Adamant Nature
- High horsepower
- knock off
- protect
- Rock Slide

Raichu @ Raichunite Y
Ability: Lightning Rod
Modest Nature
- Zap Cannon
- Volt Switch
- Focus Blast
- Fake out",https://play.limitlesstcg.com/tournament/6a2c0161e334c3c9befd473b/player/tpgamer007/teamlist
2026-06-17,*Sitrus-Series*|Champions-MB|#63,34,jay49,3-2-0,Tyranitar,Excadrill,Rotom-Wash,Staraptor,Grimmsnarl,Sinistcha,"Tyranitar @ Tyranitarite
Ability: Sand Stream
Adamant Nature
- Protect
- Knock Off
- Rock Slide
- Low Kick

Excadrill @ Focus Sash
Ability: Sand Rush
Jolly Nature
- Iron Head
- High Horsepower
- Earthquake
- Protect

Rotom-Wash @ Leftovers
Ability: Levitate
Bold Nature
- Thunderbolt
- Hydro Pump
- Will-O-Wisp
- Protect

Staraptor @ Staraptite
Ability: Intimidate
Adamant Nature
- Close Combat
- Tailwind
- Brave Bird
- Roost

Grimmsnarl @ Light Clay
Ability: Prankster
Careful Nature
- Light Screen
- Reflect
- Spirit Break
- Parting Shot

Sinistcha @ Sitrus Berry
Ability: Hospitality
Calm Nature
- Matcha Gotcha
- Strength Sap
- Rage Powder
- Protect",https://play.limitlesstcg.com/tournament/6a2c0161e334c3c9befd473b/player/jay49/teamlist
2026-06-17,*Sitrus-Series*|Champions-MB|#63,35,Puxcci,3-3-0,Raichu,Grimmsnarl,Garchomp,Sylveon,Basculegion,Delphox,"Raichu @ Raichunite Y
Ability: Lightning Rod
Timid Nature
- Zap Cannon
- Alluring Voice
- Focus Blast
- Fake Out

Grimmsnarl @ Light Clay
Ability: Prankster
Tera Type: Dark
Careful Nature
- Spirit Break
- Light Screen
- Reflect
- Taunt

Garchomp @ Life Orb
Ability: Rough Skin
Jolly Nature
- Earthquake
- Rock Slide
- Dragon Claw
- Protect

Sylveon @ Fairy Feather
Ability: Pixilate
Modest Nature
- Hyper Voice
- Quick Attack
- Yawn
- Detect

Basculegion @ Focus Sash
Ability: Adaptability
Adamant Nature
- Liquidation
- Last Respects
- Aqua Jet
- Protect

Delphox @ Delphoxite
Ability: Blaze
Timid Nature
- Heat Wave
- Psychic
- Encore
- Protect",https://play.limitlesstcg.com/tournament/6a2c0161e334c3c9befd473b/player/puxcci/teamlist
2026-06-17,*Sitrus-Series*|Champions-MB|#63,36,ismaaelh,3-4-0,Whimsicott,Kingambit,Milotic,Aerodactyl,Pyroar,Torkoal,"Whimsicott @ Fairy Feather
Ability: Prankster
Timid Nature
- Moonblast
- Tailwind
- Sunny Day
- Fake Tears

Kingambit @ Black Glasses
Ability: Defiant
Adamant Nature
- Kowtow Cleave
- Sucker Punch
- Iron Head
- Protect

Milotic @ Leftovers
Ability: Competitive
Modest Nature
- Scald
- Ice Beam
- Recover
- Protect

Aerodactyl @ Focus Sash
Ability: Unnerve
Jolly Nature
- Rock Slide
- Wide Guard
- Dual Wingbeat
- Protect

Pyroar @ Pyroarite
Ability: Unnerve
Timid Nature
- Overheat
- Heat Wave
- Hyper Voice
- Protect

Torkoal @ Charcoal
Ability: Drought
Modest Nature
- Eruption
- Overheat
- Helping Hand
- Protect",https://play.limitlesstcg.com/tournament/6a2c0161e334c3c9befd473b/player/ismaaelh/teamlist
2026-06-17,*Sitrus-Series*|Champions-MB|#63,37,PapaRott,3-3-0,Staraptor,Froslass,Empoleon,Garchomp,Sinistcha,Grimmsnarl,"Staraptor @ Staraptite
Ability: Intimidate
Jolly Nature
- Brave Bird
- Close Combat
- Roost
- Protect

Froslass @ Froslassite
Ability: Cursed Body
Modest Nature
- Blizzard
- Shadow Ball
- Protect
- Substitute

Empoleon @ Chople Berry
Ability: Competitive
Modest Nature
- Icy Wind
- Helping Hand
- Surf
- Protect

Garchomp @ Choice Scarf
Ability: Rough Skin
Adamant Nature
- Rock Slide
- Dragon Claw
- Stomping Tantrum
- Earthquake

Sinistcha @ Leftovers
Ability: Hospitality
Calm Nature
- Rage Powder
- Scald
- Hex
- Strength Sap

Grimmsnarl @ Light Clay
Ability: Prankster
Impish Nature
- Light Screen
- Reflect
- Drain Punch
- Spirit Break",https://play.limitlesstcg.com/tournament/6a2c0161e334c3c9befd473b/player/paparott/teamlist
2026-06-17,*Sitrus-Series*|Champions-MB|#63,38,UmarVGC,3-1-0,Charizard,Floette-Eternal,Sinistcha,Garchomp,Incineroar,Venusaur,"Charizard @ Charizardite Y
Ability: Solar Power
Modest Nature
- Heat Wave
- Solar Beam
- Protect
- Weather Ball

Floette-Eternal @ Floettite
Ability: Flower Veil
Modest Nature
- Dazzling Gleam
- Moonblast
- Protect
- Light of Ruin

Sinistcha @ Kasib Berry
Ability: Hospitality
Relaxed Nature
- Matcha Gotcha
- Rage Powder
- Trick Room
- Protect

Garchomp @ Life Orb
Ability: Rough Skin
Jolly Nature
- Dragon Claw
- Earthquake
- Rock Slide
- Protect

Incineroar @ Leftovers
Ability: Intimidate
Impish Nature
- Flare Blitz
- Throat Chop
- Parting Shot
- Fake Out

Venusaur @ Focus Sash
Ability: Chlorophyll
Timid Nature
- Earth Power
- Sludge Bomb
- Protect
- Sleep Powder",https://play.limitlesstcg.com/tournament/6a2c0161e334c3c9befd473b/player/umarvgc/teamlist
2026-06-17,*Sitrus-Series*|Champions-MB|#63,39,Eduardo_Leite,3-2-0,Annihilape,Staraptor,Maushold,Delphox,Whimsicott,Sinistcha,"Annihilape @ Leftovers
Ability: Defiant
Jolly Nature
- Rage Fist
- Protect
- Drain Punch
- Bulk Up

Staraptor @ Staraptite
Ability: Intimidate
Jolly Nature
- Protect
- U-turn
- Brave Bird
- Close Combat

Maushold @ Chople Berry
Ability: Friend Guard
Timid Nature
- Super Fang
- Beat Up
- Protect
- Follow Me

Delphox @ Delphoxite
Ability: Blaze
Timid Nature
- Nasty Plot
- Heat Wave
- Psyshock
- Protect

Whimsicott @ Focus Sash
Ability: Prankster
Modest Nature
- Moonblast
- Tailwind
- Encore
- Light Screen

Sinistcha @ Sitrus Berry
Ability: Hospitality
Relaxed Nature
- Rage Powder
- Trick Room
- Matcha Gotcha
- Life Dew",https://play.limitlesstcg.com/tournament/6a2c0161e334c3c9befd473b/player/eduardo_leite/teamlist
2026-06-17,*Sitrus-Series*|Champions-MB|#63,40,Ignoze,3-4-0,Hydreigon,Arcanine-Hisui,Garchomp,Corviknight,Froslass,Tyranitar,"Hydreigon @ Choice Scarf
Ability: Levitate
Timid Nature
- Snarl
- Dark Pulse
- Earth Power
- Draco Meteor

Arcanine-Hisui @ Focus Sash
Ability: Rock Head
Jolly Nature
- Flare Blitz
- Head Smash
- Extreme Speed
- Protect

Garchomp @ Sitrus Berry
Ability: Rough Skin
Adamant Nature
- Dragon Claw
- Earthquake
- Rock Slide
- Protect

Corviknight @ Occa Berry
Ability: Mirror Armor
Adamant Nature
- Iron Head
- Brave Bird
- Tailwind
- Protect

Froslass @ Froslassite
Ability: Cursed Body
Timid Nature
- Blizzard
- Protect
- Shadow Ball
- Weather Ball

Tyranitar @ Tyranitarite
Ability: Sand Stream
Adamant Nature
- Rock Slide
- Knock Off
- Low Kick
- Protect",https://play.limitlesstcg.com/tournament/6a2c0161e334c3c9befd473b/player/ignoze/teamlist
2026-06-17,*Sitrus-Series*|Champions-MB|#63,41,ElSamy10,3-4-0,Scrafty,Gholdengo,Whimsicott,Garchomp,Farigiraf,Rotom-Wash,"Scrafty @ Scraftinite
Ability: Intimidate
Adamant Nature
- Knock Off
- Fake Out
- Close Combat
- Ice Punch

Gholdengo @ Life Orb
Ability: Good as Gold
Timid Nature
- Make It Rain
- Nasty Plot
- Shadow Ball
- Protect

Whimsicott @ Focus Sash
Ability: Prankster
Timid Nature
- Moonblast
- Encore
- Protect
- Tailwind

Garchomp @ Soft Sand
Ability: Rough Skin
Adamant Nature
- Earthquake
- Dragon Claw
- Rock Slide
- Protect

Farigiraf @ Colbur Berry
Ability: Armor Tail
Modest Nature
- Psychic
- Protect
- Trick Room
- Imprison

Rotom-Wash @ Sitrus Berry
Ability: Levitate
Modest Nature
- Hydro Pump
- Protect
- Thunderbolt
- Will-O-Wisp",https://play.limitlesstcg.com/tournament/6a2c0161e334c3c9befd473b/player/elsamy10/teamlist
2026-06-17,*Sitrus-Series*|Champions-MB|#63,42,NMR | Wilson Gorski,3-4-0,Gholdengo,Excadrill,Tyranitar,Houndstone,Hydreigon,Milotic,"Gholdengo @ Life Orb
Ability: Good as Gold
Modest Nature
- Shadow Ball
- Make It Rain
- Protect
- Nasty Plot

Excadrill @ Focus Sash
Ability: Sand Rush
Adamant Nature
- Swords Dance
- Earthquake
- Iron Head
- Protect

Tyranitar @ Tyranitarite
Ability: Sand Stream
Adamant Nature
- Knock Off
- Rock Slide
- Ice Punch
- Protect

Houndstone @ Colbur Berry
Ability: Sand Rush
Adamant Nature
- Will-O-Wisp
- Last Respects
- Psychic Fangs
- Howl

Hydreigon @ Choice Scarf
Ability: Levitate
Timid Nature
- Dark Pulse
- Snarl
- Breaking Swipe
- Draco Meteor

Milotic @ Leftovers
Ability: Marvel Scale
Calm Nature
- Scald
- Life Dew
- Ice Beam
- Protect",https://play.limitlesstcg.com/tournament/6a2c0161e334c3c9befd473b/player/wilsongorski/teamlist
2026-06-17,*Sitrus-Series*|Champions-MB|#63,43,DoubleAA,3-4-0,Whimsicott,Glimmora,Clawitzer,Meowstic,Alakazam,Kingambit,"Whimsicott @ Focus Sash
Ability: Prankster
Modest Nature
- Moonblast
- Tailwind
- Encore
- Protect

Glimmora @ Glimmoranite
Ability: Toxic Debris
Timid Nature
- Power Gem
- Mortal Spin
- Venoshock
- Spiky Shield

Clawitzer @ Dragon Fang
Ability: Mega Launcher
Modest Nature
- Water Pulse
- Dragon Pulse
- Dark Pulse
- Aura Sphere

Meowstic @ Mental Herb
Ability: Prankster
Modest Nature
- Expanding Force
- Psychic Terrain
- Protect
- Dark Pulse

Alakazam @ Alakazite
Ability: Inner Focus
Timid Nature
- Expanding Force
- Tri Attack
- Protect
- Disable

Kingambit @ Black Glasses
Ability: Defiant
Jolly Nature
- Kowtow Cleave
- Protect
- Stealth Rock
- Low Kick",https://play.limitlesstcg.com/tournament/6a2c0161e334c3c9befd473b/player/doubleaa/teamlist
2026-06-17,*Sitrus-Series*|Champions-MB|#63,44,Navizz0,2-2-0,Kingambit,Sneasler,Froslass,Gyarados,Whimsicott,Eelektross,"Kingambit @ Focus Sash
Ability: Defiant
Adamant Nature
- Kowtow Cleave
- Sucker Punch
- Low Kick
- Iron Head

Sneasler @ White Herb
Ability: Unburden
Jolly Nature
- Fake Out
- Protect
- Close Combat
- Dire Claw

Froslass @ Froslassite
Ability: Cursed Body
Modest Nature
- Blizzard
- Psychic
- Shadow Ball
- Protect

Gyarados @ Sitrus Berry
Ability: Intimidate
Careful Nature
- Waterfall
- Protect
- Taunt
- Helping Hand

Whimsicott @ Fairy Feather
Ability: Prankster
Bold Nature
- Encore
- Moonblast
- Protect
- Tailwind

Eelektross @ Eelektrossite
Ability: Levitate
Modest Nature
- Dragon Pulse
- Thunderbolt
- Giga Drain
- Protect",https://play.limitlesstcg.com/tournament/6a2c0161e334c3c9befd473b/player/navizz0/teamlist
2026-06-17,*Sitrus-Series*|Champions-MB|#63,45,TotalCiruzzo,2-1-0,Charizard,Garchomp,Aerodactyl,Sinistcha,Azumarill,Kangaskhan,"Charizard @ Charizardite Y
Ability: Blaze
Modest Nature
- Heat Wave
- Weather Ball
- Protect
- Solar Beam

Garchomp @ Choice Scarf
Ability: Rough Skin
Tera Type: Dragon
Adamant Nature
- Earthquake
- Rock Slide
- Dragon Claw
- Poison Jab

Aerodactyl @ Focus Sash
Ability: Unnerve
Jolly Nature
- Tailwind
- Rock Slide
- Protect
- Taunt

Sinistcha @ Leftovers
Ability: Hospitality
Bold Nature
- Trick Room
- Rage Powder
- Matcha Gotcha
- Shadow Ball

Azumarill @ Sitrus Berry
Ability: Huge Power
Tera Type: Water
Adamant Nature
- Aqua Jet
- Belly Drum
- Protect
- Play Rough

Kangaskhan @ Kangaskhanite
Ability: Scrappy
Adamant Nature
- Fake Out
- Double-Edge
- Sucker Punch
- Low Kick",https://play.limitlesstcg.com/tournament/6a2c0161e334c3c9befd473b/player/totalciruzzo/teamlist
2026-06-17,*Sitrus-Series*|Champions-MB|#63,46,Chance Hinds,2-1-0,Metagross,Annihilape,Maushold,Greninja,Sinistcha,Aerodactyl,"Metagross @ Metagrossite
Ability: Clear Body
Jolly Nature
- Psychic Fangs
- Iron Head
- Stomping Tantrum
- Protect

Annihilape @ Choice Scarf
Ability: Defiant
Jolly Nature
- Close Combat
- Rage Fist
- Taunt
- Coaching

Maushold @ Wide Lens
Ability: Technician
Jolly Nature
- Population Bomb
- Follow Me
- Super Fang
- Protect

Greninja @ Focus Sash
Ability: Protean
Timid Nature
- Water Shuriken
- Protect
- Taunt
- Dark Pulse

Sinistcha @ Sitrus Berry
Ability: Hospitality
Calm Nature
- Matcha Gotcha
- Life Dew
- Protect
- Rage Powder

Aerodactyl @ Aerodactylite
Ability: Unnerve
Jolly Nature
- Tailwind
- Protect
- Dual Wingbeat
- Rock Slide",https://play.limitlesstcg.com/tournament/6a2c0161e334c3c9befd473b/player/chinds/teamlist
2026-06-17,*Sitrus-Series*|Champions-MB|#63,47,DhonwolfVGC,2-3-0,Gardevoir,Garchomp,Whimsicott,Orthworm,Basculegion,Charizard,"Gardevoir @ Gardevoirite
Ability: Telepathy
Modest Nature
- Hyper Voice
- Psychic
- Protect
- Helping Hand

Garchomp @ Life Orb
Ability: Rough Skin
Timid Nature
- Earthquake
- Rock Slide
- Protect
- Poison Jab

Whimsicott @ Focus Sash
Ability: Prankster
Timid Nature
- Moonblast
- Encore
- Protect
- Tailwind

Orthworm @ Sitrus Berry
Ability: Earth Eater
Impish Nature
- Body Press
- Heavy Slam
- Shed Tail
- Helping Hand

Basculegion @ Choice Scarf
Ability: Adaptability
Jolly Nature
- Flip Turn
- Wave Crash
- Last Respects
- Aqua Jet

Charizard @ Charizardite Y
Ability: Solar Power
Timid Nature
- Heat Wave
- Solar Beam
- Weather Ball
- Protect",https://play.limitlesstcg.com/tournament/6a2c0161e334c3c9befd473b/player/dhonwolfvgc/teamlist
2026-06-17,*Sitrus-Series*|Champions-MB|#63,48,LanceVGC14,2-3-0,Talonflame,Kingambit,Palafin,Sneasler,Lycanroc-Dusk,Floette-Eternal,"Talonflame @ Sharp Beak
Ability: Gale Wings
Jolly Nature
- Dual Wingbeat
- Will-O-Wisp
- Tailwind
- Protect

Kingambit @ Black Glasses
Ability: Defiant
Adamant Nature
- Kowtow Cleave
- Sucker Punch
- Rock Tomb
- Protect

Palafin @ Mystic Water
Ability: Zero to Hero
Adamant Nature
- Wave Crash
- Jet Punch
- Ice Punch
- Protect

Sneasler @ White Herb
Ability: Unburden
Adamant Nature
- Close Combat
- Dire Claw
- Fake Out
- Protect

Lycanroc-Dusk @ Focus Sash
Ability: Tough Claws
Adamant Nature
- Accelerock
- Rock Slide
- Close Combat
- Protect

Floette-Eternal @ Floettite
Ability: Flower Veil
Modest Nature
- Moonblast
- Dazzling Gleam
- Calm Mind
- Protect",https://play.limitlesstcg.com/tournament/6a2c0161e334c3c9befd473b/player/lancevgc14/teamlist
2026-06-17,*Sitrus-Series*|Champions-MB|#63,49,Mcampbell10,2-0-0,Kingambit,Froslass,Garchomp,Toxapex,Staraptor,Sceptile,"Kingambit @ Focus Sash
Ability: Defiant
Adamant Nature
- Kowtow Cleave
- Sucker Punch
- Iron Head
- Protect

Froslass @ Froslassite
Ability: Cursed Body
Modest Nature
- Blizzard
- Shadow Ball
- Aurora Veil
- Protect

Garchomp @ Choice Scarf
Ability: Rough Skin
Adamant Nature
- Dragon Claw
- Earthquake
- Poison Jab
- Rock Slide

Toxapex @ Leftovers
Ability: Regenerator
Bold Nature
- Toxic
- Infestation
- Wide Guard
- Baneful Bunker

Staraptor @ Staraptite
Ability: Intimidate
Jolly Nature
- Close Combat
- Quick Attack
- Brave Bird
- Protect

Sceptile @ Sceptilite
Ability: Overgrow
Timid Nature
- Dragon Pulse
- Vacuum Wave
- Leaf Storm
- Detect",https://play.limitlesstcg.com/tournament/6a2c0161e334c3c9befd473b/player/mcampbell10/teamlist
2026-06-17,*Sitrus-Series*|Champions-MB|#63,50,ReshyramVGC,2-5-0,Sceptile,Sableye,Empoleon,Manectric,Talonflame,Wyrdeer,"Sceptile @ Sceptilite
Ability: Unburden
Modest Nature
- Protect
- Leaf Storm
- Focus Blast
- Dragon Pulse

Sableye @ Roseli Berry
Ability: Prankster
Sassy Nature
- Encore
- Will-O-Wisp
- Thunder Wave
- Gravity

Empoleon @ Choice Scarf
Ability: Competitive
Serious Nature
- Icy Wind
- Flash Cannon
- Ice Beam
- Hydro Pump

Manectric @ Manectite
Ability: Lightning Rod
Timid Nature
- Protect
- Thunderbolt
- Overheat
- Snarl

Talonflame @ Focus Sash
Ability: Gale Wings
Jolly Nature
- Protect
- Tailwind
- Dual Wingbeat
- Flare Blitz

Wyrdeer @ Colbur Berry
Ability: Intimidate
Careful Nature
- Imprison
- Trick Room
- Psyshield Bash
- High Horsepower",https://play.limitlesstcg.com/tournament/6a2c0161e334c3c9befd473b/player/reshyramvgc/teamlist
2026-06-17,*Sitrus-Series*|Champions-MB|#63,51,naibot2814,2-3-0,Swampert,Incineroar,Pelipper,Archaludon,Raichu,Sinistcha,"Swampert @ Swampertite
Ability: Torrent
Adamant Nature
- Wave Crash
- Earthquake
- Ice Punch
- Protect

Incineroar @ Sitrus Berry
Ability: Intimidate
Adamant Nature
- Fake Out
- Flare Blitz
- Darkest Lariat
- Parting Shot

Pelipper @ Focus Sash
Ability: Drizzle
Timid Nature
- Weather Ball
- Hurricane
- Tailwind
- Wide Guard

Archaludon @ Leftovers
Ability: Stamina
Modest Nature
- Electro Shot
- Flash Cannon
- Dragon Pulse
- Protect

Raichu @ Raichunite X
Ability: Static
Jolly Nature
- Fake Out
- Volt Tackle
- Volt Switch
- Protect

Sinistcha @ Kasib Berry
Ability: Hospitality
Calm Nature
- Matcha Gotcha
- Rage Powder
- Trick Room
- Life Dew",https://play.limitlesstcg.com/tournament/6a2c0161e334c3c9befd473b/player/naibot2814/teamlist
2026-06-17,*Sitrus-Series*|Champions-MB|#63,52,NMR | Gostzin Igor Salino,2-5-0,Incineroar,Raichu,Basculegion,Whimsicott,Staraptor,Sinistcha,"Incineroar @ Sitrus Berry
Ability: Intimidate
Impish Nature
- Parting Shot
- Fake Out
- Darkest Lariat
- Flare Blitz

Raichu @ Raichunite Y
Ability: Lightning Rod
Timid Nature
- Fake Out
- Protect
- Focus Blast
- Zap Cannon

Basculegion @ Choice Scarf
Ability: Adaptability
Jolly Nature
- Aqua Jet
- Flip Turn
- Wave Crash
- Last Respects

Whimsicott @ Focus Sash
Ability: Prankster
Timid Nature
- Moonblast
- Protect
- Encore
- Tailwind

Staraptor @ Staraptite
Ability: Intimidate
Jolly Nature
- Close Combat
- Brave Bird
- Protect
- Roost

Sinistcha @ Kasib Berry
Ability: Hospitality
Bold Nature
- Matcha Gotcha
- Rage Powder
- Protect
- Strength Sap",https://play.limitlesstcg.com/tournament/6a2c0161e334c3c9befd473b/player/gostzin/teamlist
2026-06-17,*Sitrus-Series*|Champions-MB|#63,53,GrassFR,2-2-0,Staraptor,Gholdengo,Sinistcha,Incineroar,Grimmsnarl,Garchomp,"Staraptor @ Staraptite
Ability: Intimidate
Adamant Nature
- Close Combat
- Dual Wingbeat
- Roost
- Protect

Gholdengo @ Choice Scarf
Ability: Good as Gold
Modest Nature
- Make It Rain
- Shadow Ball
- Power Gem
- Flash Cannon

Sinistcha @ Sitrus Berry
Ability: Hospitality
Sassy Nature
- Matcha Gotcha
- Strength Sap
- Rage Powder
- Trick Room

Incineroar @ Chople Berry
Ability: Intimidate
Adamant Nature
- Flare Blitz
- Throat Chop
- Parting Shot
- Fake Out

Grimmsnarl @ Light Clay
Ability: Prankster
Careful Nature
- Light Screen
- Circle Throw
- Fake Tears
- Spirit Break

Garchomp @ Garchompite
Ability: Sand Veil
Adamant Nature
- Dragon Claw
- Earthquake
- Stomping Tantrum
- Protect",https://play.limitlesstcg.com/tournament/6a2c0161e334c3c9befd473b/player/grassfr/teamlist
2026-06-17,*Sitrus-Series*|Champions-MB|#63,54,Sizzle,2-5-0,Swampert,Pelipper,Kingambit,Farigiraf,Raichu,Archaludon,"Swampert @ Swampertite
Ability: Damp
Adamant Nature
- Wave Crash
- Flip Turn
- Protect
- Earthquake

Pelipper @ Damp Rock
Ability: Drizzle
Modest Nature
- Weather Ball
- Hurricane
- Wide Guard
- Tailwind

Kingambit @ Black Glasses
Ability: Defiant
Adamant Nature
- Swords Dance
- Assurance
- Sucker Punch
- Protect

Farigiraf @ Sitrus Berry
Ability: Armor Tail
Modest Nature
- Hyper Voice
- Psychic
- Trick Room
- Imprison

Raichu @ Raichunite X
Ability: Lightning Rod
Timid Nature
- Fake Out
- Volt Switch
- Rising Voltage
- Protect

Archaludon @ Life Orb
Ability: Stalwart
Timid Nature
- Electro Shot
- Dragon Pulse
- Flash Cannon
- Protect",https://play.limitlesstcg.com/tournament/6a2c0161e334c3c9befd473b/player/sizzle/teamlist
2026-06-17,*Sitrus-Series*|Champions-MB|#63,55,Risten Labba,2-3-0,Swampert,Pelipper,Archaludon,Sinistcha,Eelektross,Basculegion,"Swampert @ Swampertite
Ability: Torrent
Adamant Nature
- Protect
- Wave Crash
- Earthquake
- Ice Punch

Pelipper @ Focus Sash
Ability: Drizzle
Modest Nature
- Wide Guard
- Tailwind
- Hurricane
- Weather Ball

Archaludon @ Leftovers
Ability: Stamina
Calm Nature
- Protect
- Electro Shot
- Flash Cannon
- Dragon Pulse

Sinistcha @ Sitrus Berry
Ability: Hospitality
Bold Nature
- Protect
- Trick Room
- Rage Powder
- Matcha Gotcha

Eelektross @ Eelektrossite
Ability: Levitate
Careful Nature
- Protect
- Coil
- Supercell Slam
- Close Combat

Basculegion @ Choice Scarf
Ability: Adaptability
Jolly Nature
- Wave Crash
- Flip Turn
- Aqua Jet
- Last Respects",https://play.limitlesstcg.com/tournament/6a2c0161e334c3c9befd473b/player/risten/teamlist
2026-06-17,*Sitrus-Series*|Champions-MB|#63,56,TomatoSaiyan,2-3-0,Araquanid,Golurk,Farigiraf,Kangaskhan,Sylveon,Torkoal,"Araquanid @ Mystic Water
Ability: Water Bubble
Brave Nature
- Leech Life
- Wide Guard
- Liquidation
- Protect

Golurk @ Golurkite
Ability: No Guard
Brave Nature
- Protect
- Headlong Rush
- Rock Slide
- Poltergeist

Farigiraf @ Colbur Berry
Ability: Armor Tail
Bold Nature
- Imprison
- Trick Room
- Protect
- Psychic

Kangaskhan @ Life Orb
Ability: Scrappy
Brave Nature
- Double-Edge
- Fake Out
- Brick Break
- Sucker Punch

Sylveon @ Fairy Feather
Ability: Pixilate
Quiet Nature
- Hyper Voice
- Yawn
- Detect
- Calm Mind

Torkoal @ Charcoal
Ability: Drought
Modest Nature
- Eruption
- Earth Power
- Weather Ball
- Protect",https://play.limitlesstcg.com/tournament/6a2c0161e334c3c9befd473b/player/tomatosaiyan/teamlist
2026-06-17,*Sitrus-Series*|Champions-MB|#63,57,Marcko123,2-3-0,Sableye,Sceptile,Mawile,Volcarona,Empoleon,Politoed,"Sableye @ Light Clay
Ability: Prankster
Calm Nature
- Light Screen
- Reflect
- Encore
- Thunder Wave

Sceptile @ Sceptilite
Ability: Unburden
Timid Nature
- Dragon Pulse
- Detect
- Shed Tail
- Leaf Storm

Mawile @ Mawilite
Ability: Intimidate
Adamant Nature
- Play Rough
- Iron Head
- Protect
- Brick Break

Volcarona @ Leftovers
Ability: Flame Body
Calm Nature
- Heat Wave
- Tailwind
- Protect
- Rage Powder

Empoleon @ Chople Berry
Ability: Competitive
Calm Nature
- Ice Beam
- Surf
- Haze
- Protect

Politoed @ Choice Scarf
Ability: Drizzle
Timid Nature
- Icy Wind
- Hypnosis
- Earth Power
- Weather Ball",https://play.limitlesstcg.com/tournament/6a2c0161e334c3c9befd473b/player/marcko123/teamlist
2026-06-17,*Sitrus-Series*|Champions-MB|#63,58,ViniFil34,2-5-0,Charizard,Venusaur,Aerodactyl,Garchomp,Kingambit,Sneasler,"Charizard @ Charizardite Y
Ability: Drought
Modest Nature
- Solar Beam
- Heat Wave
- Protect
- Weather Ball

Venusaur @ Focus Sash
Ability: Chlorophyll
Timid Nature
- Sleep Powder
- Protect
- Earth Power
- Sludge Bomb

Aerodactyl @ Aerodactylite
Ability: Unnerve
Jolly Nature
- Tailwind
- Protect
- Rock Slide
- Dual Wingbeat

Garchomp @ Choice Scarf
Ability: Sand Veil
Adamant Nature
- Rock Slide
- Dragon Claw
- Earthquake
- Stomping Tantrum

Kingambit @ Black Glasses
Ability: Defiant
Adamant Nature
- Iron Head
- Sucker Punch
- Protect
- Kowtow Cleave

Sneasler @ White Herb
Ability: Unburden
Jolly Nature
- Fake Out
- Close Combat
- Dire Claw
- Protect",https://play.limitlesstcg.com/tournament/6a2c0161e334c3c9befd473b/player/vinifil34/teamlist
2026-06-17,*Sitrus-Series*|Champions-MB|#63,59,TimidTailwind,2-2-0,Staraptor,Maushold,Sinistcha,Glimmora,Garchomp,Raichu,"Staraptor @ Staraptite
Ability: Intimidate
Tera Type: Normal
Jolly Nature
- Brave Bird
- Close Combat
- Brick Break
- Protect

Maushold @ Chople Berry
Ability: Friend Guard
Timid Nature
- Charm
- Follow Me
- Super Fang
- Protect

Sinistcha @ Coba Berry
Ability: Hospitality
Bold Nature
- Matcha Gotcha
- Rage Powder
- Trick Room
- Life Dew

Glimmora @ Focus Sash
Ability: Toxic Debris
Timid Nature
- Sludge Bomb
- Power Gem
- Earth Power
- Spiky Shield

Garchomp @ Life Orb
Ability: Rough Skin
Jolly Nature
- Dragon Claw
- Stomping Tantrum
- Earthquake
- Protect

Raichu @ Raichunite X
Ability: Lightning Rod
Jolly Nature
- Volt Tackle
- Fake Out
- Encore
- Protect",https://play.limitlesstcg.com/tournament/6a2c0161e334c3c9befd473b/player/timidtailwind/teamlist
2026-06-17,*Sitrus-Series*|Champions-MB|#63,61,Endy_2006,1-2-0,Staraptor,Grimmsnarl,Whimsicott,Floette-Eternal,Garchomp,Kingambit,"Staraptor @ Staraptite
Ability: Intimidate
Jolly Nature
- Close Combat
- Protect
- Brave Bird
- Roost

Grimmsnarl @ Light Clay
Ability: Prankster
Careful Nature
- Spirit Break
- Reflect
- Light Screen
- Parting Shot

Whimsicott @ Focus Sash
Ability: Prankster
Timid Nature
- Moonblast
- Tailwind
- Encore
- Taunt

Floette-Eternal @ Floettite
Ability: Flower Veil
Modest Nature
- Moonblast
- Dazzling Gleam
- Protect
- Calm Mind

Garchomp @ Life Orb
Ability: Rough Skin
Jolly Nature
- Dragon Claw
- Earthquake
- Rock Slide
- Protect

Kingambit @ Chople Berry
Ability: Defiant
Adamant Nature
- Sucker Punch
- Iron Head
- Low Kick
- Protect",https://play.limitlesstcg.com/tournament/6a2c0161e334c3c9befd473b/player/endy_2006/teamlist
2026-06-17,*Sitrus-Series*|Champions-MB|#63,62,averagememer57,1-2-0,Sceptile,Gholdengo,Talonflame,Sneasler,Basculegion,Maushold,"Sceptile @ Sceptilite
Ability: Overgrow
Timid Nature
- Leaf Storm
- Dragon Pulse
- Earth Power
- Protect

Gholdengo @ Focus Sash
Ability: Good as Gold
Modest Nature
- Make It Rain
- Shadow Ball
- Power Gem
- Protect

Talonflame @ Sharp Beak
Ability: Gale Wings
Adamant Nature
- Flare Blitz
- Dual Wingbeat
- Tailwind
- Protect

Sneasler @ White Herb
Ability: Unburden
Adamant Nature
- Dire Claw
- Close Combat
- Fake Out
- Protect

Basculegion @ Life Orb
Ability: Adaptability
Adamant Nature
- Wave Crash
- Last Respects
- Aqua Jet
- Protect

Maushold @ Chople Berry
Ability: Friend Guard
Timid Nature
- Super Fang
- Follow Me
- Helping Hand
- Protect",https://play.limitlesstcg.com/tournament/6a2c0161e334c3c9befd473b/player/averagememer57/teamlist
2026-06-17,*Sitrus-Series*|Champions-MB|#63,63,Sorman,1-4-0,Charizard,Aerodactyl,Farigiraf,Kingambit,Garchomp,Sylveon,"Charizard @ Charizardite Y
Ability: Blaze
Modest Nature
- Weather Ball
- Heat Wave
- Solar Beam
- Protect

Aerodactyl @ Aerodactylite
Ability: Unnerve
Jolly Nature
- Rock Slide
- Dual Wingbeat
- Ice Fang
- Tailwind

Farigiraf @ Sitrus Berry
Ability: Armor Tail
Bold Nature
- Twin Beam
- Protect
- Trick Room
- Roar

Kingambit @ Focus Sash
Ability: Defiant
Adamant Nature
- Kowtow Cleave
- Low Kick
- Sucker Punch
- Iron Head

Garchomp @ Soft Sand
Ability: Rough Skin
Jolly Nature
- Earthquake
- Protect
- Dragon Claw
- Stomping Tantrum

Sylveon @ Fairy Feather
Ability: Pixilate
Modest Nature
- Quick Attack
- Hyper Voice
- Hyper Beam
- Detect",https://play.limitlesstcg.com/tournament/6a2c0161e334c3c9befd473b/player/sorman/teamlist
2026-06-17,*Sitrus-Series*|Champions-MB|#63,64,Smogolem,1-3-0,Golurk,Farigiraf,Torkoal,Kingambit,Oranguru,Venusaur,"Golurk @ Golurkite
Ability: No Guard
Adamant Nature
- Poltergeist
- Headlong Rush
- Ice Punch
- Protect

Farigiraf @ Sitrus Berry
Ability: Armor Tail
Bold Nature
- Trick Room
- Twin Beam
- Thunderbolt
- Helping Hand

Torkoal @ Charcoal
Ability: Drought
Modest Nature
- Eruption
- Heat Wave
- Protect
- Body Press

Kingambit @ Focus Sash
Ability: Defiant
Adamant Nature
- Kowtow Cleave
- Sucker Punch
- Iron Head
- Low Kick

Oranguru @ Colbur Berry
Ability: Inner Focus
Bold Nature
- Trick Room
- Skill Swap
- Instruct
- Protect

Venusaur @ Venusaurite
Ability: Chlorophyll
Modest Nature
- Earth Power
- Sleep Powder
- Sludge Bomb
- Giga Drain",https://play.limitlesstcg.com/tournament/6a2c0161e334c3c9befd473b/player/smogolem/teamlist
2026-06-17,*Sitrus-Series*|Champions-MB|#63,65,Cromo,1-1-0,Crabominable,Farigiraf,Maushold,Kingambit,Camerupt,Torkoal,"Crabominable @ Crabominite
Ability: Hyper Cutter
Brave Nature
- Ice Punch
- Drain Punch
- Thunder Punch
- Protect

Farigiraf @ Mental Herb
Ability: Armor Tail
Relaxed Nature
- Trick Room
- Psychic
- Hyper Voice
- Helping Hand

Maushold @ Focus Sash
Ability: Friend Guard
Jolly Nature
- Follow Me
- Population Bomb
- Super Fang
- Taunt

Kingambit @ Life Orb
Ability: Defiant
Brave Nature
- Sucker Punch
- Kowtow Cleave
- Brick Break
- Iron Head

Camerupt @ Cameruptite
Ability: Solid Rock
Quiet Nature
- Heat Wave
- Earth Power
- Protect
- Ancient Power

Torkoal @ Charcoal
Ability: Drought
Quiet Nature
- Eruption
- Solar Beam
- Weather Ball
- Protect",https://play.limitlesstcg.com/tournament/6a2c0161e334c3c9befd473b/player/cromo/teamlist
2026-06-17,*Sitrus-Series*|Champions-MB|#63,66,Billy_boi,1-2-0,Grimmsnarl,Sneasler,Charizard,Sinistcha,Aegislash,Milotic,"Grimmsnarl @ Light Clay
Ability: Prankster
Careful Nature
- Spirit Break
- Light Screen
- Reflect
- Parting Shot

Sneasler @ White Herb
Ability: Unburden
Jolly Nature
- Close Combat
- Dire Claw
- Fake Out
- Protect

Charizard @ Charizardite X
Ability: Blaze
Adamant Nature
- Dragon Claw
- Flare Blitz
- Dragon Dance
- Protect

Sinistcha @ Sitrus Berry
Ability: Hospitality
Bold Nature
- Matcha Gotcha
- Rage Powder
- Life Dew
- Trick Room

Aegislash @ Occa Berry
Ability: Stance Change
Adamant Nature
- Shadow Sneak
- Iron Head
- King's Shield
- Poltergeist

Milotic @ Leftovers
Ability: Competitive
Bold Nature
- Muddy Water
- Coil
- Hypnosis
- Recover",https://play.limitlesstcg.com/tournament/6a2c0161e334c3c9befd473b/player/billy_boi/teamlist
2026-06-17,*Sitrus-Series*|Champions-MB|#63,67,VortexTheGreat,1-3-0,Farigiraf,Torkoal,Kangaskhan,Sylveon,Basculegion,Blastoise,"Farigiraf @ Sitrus Berry
Ability: Armor Tail
Sassy Nature
- Psychic
- Trick Room
- Rain Dance
- Thunderbolt

Torkoal @ Charcoal
Ability: Drought
Quiet Nature
- Eruption
- Solar Beam
- Weather Ball
- Protect

Kangaskhan @ Silk Scarf
Ability: Scrappy
Brave Nature
- Fake Out
- Last Resort

Sylveon @ Fairy Feather
Ability: Pixilate
Quiet Nature
- Hyper Voice
- Hyper Beam
- Calm Mind
- Detect

Basculegion @ Choice Scarf
Ability: Adaptability
Adamant Nature
- Last Respects
- Wave Crash
- Aqua Jet
- Flip Turn

Blastoise @ Blastoisinite
Ability: Rain Dish
Quiet Nature
- Water Spout
- Dark Pulse
- Aura Sphere
- Fake Out",https://play.limitlesstcg.com/tournament/6a2c0161e334c3c9befd473b/player/vortexthegreat/teamlist
2026-06-17,*Sitrus-Series*|Champions-MB|#63,68,Kingcoldwave,1-2-0,Staraptor,Dragapult,Armarouge,Primarina,Grimmsnarl,Raichu,"Staraptor @ Staraptite
Ability: Intimidate
Jolly Nature
- Blaze Kick
- Close Combat
- Brave Bird
- Protect

Dragapult @ Choice Scarf
Ability: Clear Body
Adamant Nature
- Dragon Darts
- Psychic Fangs
- Phantom Force
- U-turn

Armarouge @ Life Orb
Ability: Flash Fire
Calm Nature
- Psychic
- Armor Cannon
- Aura Sphere
- Wide Guard

Primarina @ Leftovers
Ability: Liquid Voice
Bold Nature
- Moonblast
- Hyper Voice
- Life Dew
- Protect

Grimmsnarl @ Light Clay
Ability: Prankster
Careful Nature
- Spirit Break
- Parting Shot
- Reflect
- Light Screen

Raichu @ Raichunite Y
Ability: Lightning Rod
Timid Nature
- Dazzling Gleam
- Zap Cannon
- Focus Blast
- Protect",https://play.limitlesstcg.com/tournament/6a2c0161e334c3c9befd473b/player/kingcoldwave/teamlist
2026-06-17,*Sitrus-Series*|Champions-MB|#63,69,Mal,1-2-0,Staraptor,Whimsicott,Garchomp,Grimmsnarl,Kingambit,Incineroar,"Staraptor @ Staraptite
Ability: Intimidate
Jolly Nature
- Brave Bird
- Close Combat
- Roost
- Protect

Whimsicott @ Focus Sash
Ability: Prankster
Modest Nature
- Moonblast
- Charm
- Tailwind
- Protect

Garchomp @ Life Orb
Ability: Rough Skin
Naive Nature
- Earthquake
- Dragon Claw
- Rock Slide
- Protect

Grimmsnarl @ Light Clay
Ability: Prankster
Impish Nature
- Spirit Break
- Light Screen
- Reflect
- Parting Shot

Kingambit @ Chople Berry
Ability: Defiant
Brave Nature
- Kowtow Cleave
- Iron Defense
- Sucker Punch
- Protect

Incineroar @ Sitrus Berry
Ability: Intimidate
Relaxed Nature
- Darkest Lariat
- Flare Blitz
- Parting Shot
- Fake Out",https://play.limitlesstcg.com/tournament/6a2c0161e334c3c9befd473b/player/mal/teamlist
2026-06-17,*Sitrus-Series*|Champions-MB|#63,70,Piedrer,1-1-0,Swampert,Pelipper,Archaludon,Sinistcha,Sableye,Sneasler,"Swampert @ Swampertite
Ability: Damp
Adamant Nature
- Wave Crash
- High Horsepower
- Ice Punch
- Protect

Pelipper @ Sitrus Berry
Ability: Drizzle
Bold Nature
- Hurricane
- Weather Ball
- Helping Hand
- Tailwind

Archaludon @ Leftovers
Ability: Stamina
Modest Nature
- Dragon Pulse
- Flash Cannon
- Electro Shot
- Protect

Sinistcha @ Kasib Berry
Ability: Hospitality
Bold Nature
- Matcha Gotcha
- Life Dew
- Rage Powder
- Protect

Sableye @ Light Clay
Ability: Prankster
Relaxed Nature
- Will-O-Wisp
- Reflect
- Light Screen
- Rain Dance

Sneasler @ Focus Sash
Ability: Unburden
Jolly Nature
- Close Combat
- Dire Claw
- Fake Out
- Protect",https://play.limitlesstcg.com/tournament/6a2c0161e334c3c9befd473b/player/piedrer/teamlist
2026-06-17,*Sitrus-Series*|Champions-MB|#63,72,AllBrauChoco,1-1-0,Staraptor,Garchomp,Metagross,Rotom-Wash,Incineroar,Whimsicott,"Staraptor @ Staraptite
Ability: Intimidate
Adamant Nature
- Brave Bird
- Close Combat
- Roost
- Protect

Garchomp @ Muscle Band
Ability: Rough Skin
Jolly Nature
- Earthquake
- Rock Slide
- Dragon Claw
- Protect

Metagross @ Life Orb
Ability: Clear Body
Jolly Nature
- Iron Head
- Bullet Punch
- Psychic Fangs
- Protect

Rotom-Wash @ Sitrus Berry
Ability: Levitate
Modest Nature
- Thunderbolt
- Hydro Pump
- Volt Switch
- Protect

Incineroar @ Chople Berry
Ability: Blaze
Impish Nature
- Fake Out
- Throat Chop
- Parting Shot
- Flare Blitz

Whimsicott @ Focus Sash
Ability: Prankster
Modest Nature
- Tailwind
- Tickle
- Moonblast
- Protect",https://play.limitlesstcg.com/tournament/6a2c0161e334c3c9befd473b/player/allbrauchoco/teamlist
2026-06-17,*Sitrus-Series*|Champions-MB|#63,73,KarimEdiel21,1-6-0,Staraptor,Grimmsnarl,Sinistcha,Incineroar,Rotom-Heat,Garchomp,"Staraptor @ Staraptite
Ability: Intimidate
Adamant Nature
- Protect
- Close Combat
- Brave Bird
- Roost

Grimmsnarl @ Light Clay
Ability: Prankster
Calm Nature
- Reflect
- Light Screen
- Scary Face
- Parting Shot

Sinistcha @ Kasib Berry
Ability: Hospitality
Bold Nature
- Strength Sap
- Life Dew
- Rage Powder
- Matcha Gotcha

Incineroar @ Sitrus Berry
Ability: Intimidate
Adamant Nature
- Parting Shot
- Fake Out
- Throat Chop
- Flare Blitz

Rotom-Heat @ Bright Powder
Ability: Levitate
Timid Nature
- Electroweb
- Overheat
- Will-O-Wisp
- Thunder Wave

Garchomp @ Life Orb
Ability: Rough Skin
Jolly Nature
- Earthquake
- Dragon Claw
- Rock Slide
- Protect",https://play.limitlesstcg.com/tournament/6a2c0161e334c3c9befd473b/player/karimediel21/teamlist
2026-06-17,*Sitrus-Series*|Champions-MB|#63,74,Blesttt,1-4-0,Maushold,Swampert,Mawile,Sinistcha,Pelipper,Archaludon,"Maushold @ Focus Sash
Ability: Friend Guard
Timid Nature
- Follow Me
- Protect
- Rain Dance
- Super Fang

Swampert @ Swampertite
Ability: Swift Swim
Adamant Nature
- Earthquake
- Wave Crash
- Rock Slide
- Protect

Mawile @ Mawilite
Ability: Huge Power
Brave Nature
- Protect
- Sucker Punch
- Play Rough
- Iron Head

Sinistcha @ Kasib Berry
Ability: Hospitality
Modest Nature
- Matcha Gotcha
- Trick Room
- Protect
- Shadow Ball

Pelipper @ Sitrus Berry
Ability: Drizzle
Bold Nature
- Tailwind
- Hurricane
- Wide Guard
- Weather Ball

Archaludon @ Leftovers
Ability: Stamina
Bold Nature
- Dragon Pulse
- Flash Cannon
- Electro Shot
- Protect",https://play.limitlesstcg.com/tournament/6a2c0161e334c3c9befd473b/player/blesttt/teamlist
2026-06-17,*Sitrus-Series*|Champions-MB|#63,75,Sglez124,1-0-0,Snorlax,Annihilape,Gengar,Metagross,Ninetales-Alola,Tauros-Paldea-Aqua,"Snorlax @ Leftovers
Ability: Thick Fat
Adamant Nature
- Double-Edge
- High Horsepower
- Yawn
- Protect

Annihilape @ Focus Sash
Ability: Defiant
Jolly Nature
- Rage Fist
- Close Combat
- Coaching
- Stealth Rock

Gengar @ Gengarite
Ability: Cursed Body
Modest Nature
- Shadow Ball
- Sludge Bomb
- Haze
- Protect

Metagross @ Metagrossite
Ability: Clear Body
Adamant Nature
- Iron Head
- Psychic Fangs
- Stomping Tantrum
- Thunder Punch

Ninetales-Alola @ Choice Scarf
Ability: Snow Warning
Timid Nature
- Blizzard
- Icy Wind
- Aurora Veil
- Howl

Tauros-Paldea-Aqua @ Mystic Water
Ability: Intimidate
Jolly Nature
- Raging Bull
- Close Combat
- Aqua Jet
- Protect",https://play.limitlesstcg.com/tournament/6a2c0161e334c3c9befd473b/player/sglez124/teamlist
2026-06-17,*Sitrus-Series*|Champions-MB|#63,76,joniaco,1-3-0,Staraptor,Sinistcha,Whimsicott,Glimmora,Metagross,Hydreigon,"Staraptor @ Staraptite
Ability: Intimidate
Jolly Nature
- Close Combat
- Brave Bird
- Roost
- Protect

Sinistcha @ Sitrus Berry
Ability: Hospitality
Calm Nature
- Matcha Gotcha
- Strength Sap
- Rage Powder
- Trick Room

Whimsicott @ Coba Berry
Ability: Prankster
Calm Nature
- Tailwind
- Fake Tears
- Protect
- Moonblast

Glimmora @ Focus Sash
Ability: Toxic Debris
Modest Nature
- Spiky Shield
- Earth Power
- Power Gem
- Sludge Bomb

Metagross @ Metagrossite
Ability: Clear Body
Jolly Nature
- Iron Head
- Psychic Fangs
- Ice Punch
- Protect

Hydreigon @ Choice Scarf
Ability: Levitate
Modest Nature
- Dark Pulse
- Draco Meteor
- Heat Wave
- Snarl",https://play.limitlesstcg.com/tournament/6a2c0161e334c3c9befd473b/player/joniaco/teamlist
2026-06-17,*Sitrus-Series*|Champions-MB|#63,77,Anti07,1-6-0,Raichu,Gholdengo,Archaludon,Pelipper,Sneasler,Garchomp,"Raichu @ Raichunite X
Ability: Lightning Rod
Timid Nature
- Rising Voltage
- Electroweb
- Fake Out
- Protect

Gholdengo @ Wise Glasses
Ability: Good as Gold
Timid Nature
- Make It Rain
- Shadow Ball
- Power Gem
- Protect

Archaludon @ Sitrus Berry
Ability: Stamina
Modest Nature
- Flash Cannon
- Electro Shot
- Dragon Pulse
- Protect

Pelipper @ Focus Sash
Ability: Drizzle
Timid Nature
- Hurricane
- Weather Ball
- Tailwind
- Wide Guard

Sneasler @ White Herb
Ability: Unburden
Jolly Nature
- Dire Claw
- Close Combat
- Fake Out
- Throat Chop

Garchomp @ Life Orb
Ability: Rough Skin
Adamant Nature
- Earth Power
- Stomping Tantrum
- Dragon Claw
- Protect",https://play.limitlesstcg.com/tournament/6a2c0161e334c3c9befd473b/player/anti07/teamlist
2026-06-17,*Sitrus-Series*|Champions-MB|#63,78,NightX,1-6-0,Annihilape,Swampert,Scolipede,Staraptor,Raichu,Sinistcha,"Annihilape @ Leftovers
Ability: Defiant
Jolly Nature
- U-turn
- Rage Fist
- Drain Punch
- Protect

Swampert @ Swampertite
Ability: Torrent
Adamant Nature
- Wave Crash
- Earthquake
- Ice Punch
- Protect

Scolipede @ Silver Powder
Ability: Speed Boost
Impish Nature
- Poison Jab
- Protect
- Earthquake
- Leech Life

Staraptor @ Staraptite
Ability: Intimidate
Jolly Nature
- Brave Bird
- U-turn
- Close Combat
- Protect

Raichu @ Raichunite X
Ability: Lightning Rod
Timid Nature
- Fake Out
- Volt Switch
- Rising Voltage
- Protect

Sinistcha @ Sitrus Berry
Ability: Hospitality
Bold Nature
- Matcha Gotcha
- Strength Sap
- Rage Powder
- Protect",https://play.limitlesstcg.com/tournament/6a2c0161e334c3c9befd473b/player/nightx/teamlist
2026-06-17,*Sitrus-Series*|Champions-MB|#63,79,Kharn,1-2-0,Metagross,Grimmsnarl,Garchomp,Farigiraf,Sylveon,Venusaur,"Metagross @ Metagrossite
Ability: Clear Body
Adamant Nature
- Protect
- Psychic Fangs
- Ice Punch
- Bullet Punch

Grimmsnarl @ Light Clay
Ability: Prankster
Adamant Nature
- Fake Out
- Light Screen
- Reflect
- Spirit Break

Garchomp @ Life Orb
Ability: Rough Skin
Jolly Nature
- Protect
- Rock Slide
- Stomping Tantrum
- Dragon Claw

Farigiraf @ Sitrus Berry
Ability: Armor Tail
Modest Nature
- Protect
- Psychic
- Trick Room
- Helping Hand

Sylveon @ Fairy Feather
Ability: Pixilate
Modest Nature
- Protect
- Psychic
- Hyper Voice
- Hyper Beam

Venusaur @ Venusaurite
Ability: Overgrow
Bold Nature
- Protect
- Earth Power
- Sludge Bomb
- Energy Ball",https://play.limitlesstcg.com/tournament/6a2c0161e334c3c9befd473b/player/kharn/teamlist
2026-06-17,*Sitrus-Series*|Champions-MB|#63,80,bootlegflanderz,1-3-0,Beedrill,Raichu,Charizard,Maushold,Whimsicott,Tauros-Paldea-Aqua,"Beedrill @ Beedrillite
Ability: Sniper
Jolly Nature
- X-Scissor
- Drill Run
- Poison Jab
- Protect

Raichu @ Quick Claw
Ability: Lightning Rod
Timid Nature
- Eerie Impulse
- Fake Out
- Thunderbolt
- Charm

Charizard @ Charizardite Y
Ability: Solar Power
Modest Nature
- Blast Burn
- Air Slash
- Heat Wave
- Protect

Maushold @ Chople Berry
Ability: Friend Guard
Jolly Nature
- Population Bomb
- Follow Me
- Protect
- Super Fang

Whimsicott @ Focus Sash
Ability: Prankster
Timid Nature
- Moonblast
- Encore
- Tailwind
- Protect

Tauros-Paldea-Aqua @ White Herb
Ability: Intimidate
Jolly Nature
- Raging Bull
- Protect
- Close Combat
- Aqua Jet",https://play.limitlesstcg.com/tournament/6a2c0161e334c3c9befd473b/player/bootlegflanderz/teamlist
2026-06-17,*Sitrus-Series*|Champions-MB|#63,81,fishyguy8514,1-0-0,Archaludon,Pelipper,Basculegion,Floette-Eternal,Raichu,Incineroar,"Archaludon @ Leftovers
Ability: Stamina
Modest Nature
- Electro Shot
- Dragon Pulse
- Flash Cannon
- Protect

Pelipper @ Life Orb
Ability: Drizzle
Timid Nature
- Weather Ball
- Tailwind
- Hurricane
- Wide Guard

Basculegion @ Choice Scarf
Ability: Adaptability
Jolly Nature
- Wave Crash
- Aqua Jet
- Last Respects
- Flip Turn

Floette-Eternal @ Floettite
Ability: Flower Veil
Modest Nature
- Moonblast
- Light of Ruin
- Dazzling Gleam
- Protect

Raichu @ Raichunite X
Ability: Static
Jolly Nature
- Fake Out
- Volt Tackle
- Play Rough
- Thunder Wave

Incineroar @ Sitrus Berry
Ability: Intimidate
Impish Nature
- Fake Out
- Flare Blitz
- Parting Shot
- Throat Chop",https://play.limitlesstcg.com/tournament/6a2c0161e334c3c9befd473b/player/fishyguy8514/teamlist
2026-06-17,*Sitrus-Series*|Champions-MB|#63,82,IUltimateMage,0-1-0,Eelektross,Excadrill,Tyranitar,Annihilape,Aerodactyl,Sinistcha,"Eelektross @ Eelektrossite
Ability: Levitate
Adamant Nature
- Supercell Slam
- Coil
- Drain Punch
- Knock Off

Excadrill @ Life Orb
Ability: Sand Rush
Jolly Nature
- Earthquake
- Iron Head
- Rock Tomb
- Protect

Tyranitar @ Chople Berry
Ability: Sand Stream
Adamant Nature
- Knock Off
- Rock Slide
- Dragon Dance
- Protect

Annihilape @ Choice Scarf
Ability: Defiant
Jolly Nature
- Rage Fist
- Close Combat
- Drain Punch
- U-turn

Aerodactyl @ Focus Sash
Ability: Unnerve
Jolly Nature
- Tailwind
- Rock Slide
- Dual Wingbeat
- Protect

Sinistcha @ Sitrus Berry
Ability: Hospitality
Calm Nature
- Matcha Gotcha
- Life Dew
- Rage Powder
- Trick Room",https://play.limitlesstcg.com/tournament/6a2c0161e334c3c9befd473b/player/iultimatemage/teamlist
2026-06-17,*Sitrus-Series*|Champions-MB|#63,83,UItraVegito,0-2-0,Gengar,Sinistcha,Archaludon,Politoed,Incineroar,Froslass,"Gengar @ Gengarite
Ability: Cursed Body
Modest Nature
- Shadow Ball
- Sludge Bomb
- Perish Song
- Protect

Sinistcha @ Colbur Berry
Ability: Hospitality
Calm Nature
- Matcha Gotcha
- Trick Room
- Rage Powder
- Protect

Archaludon @ Leftovers
Ability: Stamina
Modest Nature
- Electro Shot
- Dragon Pulse
- Flash Cannon
- Protect

Politoed @ Sitrus Berry
Ability: Drizzle
Calm Nature
- Weather Ball
- Hypnosis
- Perish Song
- Protect

Incineroar @ Chople Berry
Ability: Intimidate
Sassy Nature
- Flare Blitz
- Fake Out
- Parting Shot
- Protect

Froslass @ Froslassite
Ability: Cursed Body
Timid Nature
- Blizzard
- Aurora Veil
- Rain Dance
- Protect",https://play.limitlesstcg.com/tournament/6a2c0161e334c3c9befd473b/player/uitravegito/teamlist
2026-06-17,*Sitrus-Series*|Champions-MB|#63,84,PunkZard,0-1-0,Froslass,Garchomp,Kingambit,Sneasler,Raichu,Arcanine-Hisui,"Froslass @ Froslassite
Ability: Cursed Body
Timid Nature
- Blizzard
- Shadow Ball
- Protect
- Aurora Veil

Garchomp @ Life Orb
Ability: Rough Skin
Jolly Nature
- Dragon Claw
- Rock Slide
- Protect
- Stomping Tantrum

Kingambit @ Black Glasses
Ability: Defiant
Adamant Nature
- Sucker Punch
- Iron Head
- Kowtow Cleave
- Low Kick

Sneasler @ White Herb
Ability: Unburden
Adamant Nature
- Dire Claw
- Close Combat
- Acrobatics
- Protect

Raichu @ Raichunite Y
Ability: Lightning Rod
Timid Nature
- Surf
- Focus Blast
- Dazzling Gleam
- Zap Cannon

Arcanine-Hisui @ Focus Sash
Ability: Rock Head
Jolly Nature
- Flare Blitz
- Head Smash
- Extreme Speed
- Protect",https://play.limitlesstcg.com/tournament/6a2c0161e334c3c9befd473b/player/punkzard/teamlist
2026-06-17,*Sitrus-Series*|Champions-MB|#63,85,ShinyMacaroni1,0-1-0,Falinks,Kangaskhan,Sinistcha,Incineroar,Raichu,Aerodactyl,"Falinks @ Falinksite
Ability: Defiant
Adamant Nature
- Close Combat
- Iron Head
- No Retreat
- Protect

Kangaskhan @ Silk Scarf
Ability: Scrappy
Adamant Nature
- Fake Out
- Last Resort

Sinistcha @ Sitrus Berry
Ability: Hospitality
Relaxed Nature
- Matcha Gotcha
- Life Dew
- Trick Room
- Rage Powder

Incineroar @ Passho Berry
Ability: Intimidate
Adamant Nature
- Flare Blitz
- Throat Chop
- Fake Out
- Parting Shot

Raichu @ Raichunite X
Ability: Lightning Rod
Jolly Nature
- Wild Charge
- Drain Punch
- Play Rough
- Fake Out

Aerodactyl @ Focus Sash
Ability: Rock Head
Jolly Nature
- Rock Slide
- Dual Wingbeat
- Tailwind
- Protect",https://play.limitlesstcg.com/tournament/6a2c0161e334c3c9befd473b/player/shinymacaroni1/teamlist
2026-06-17,*Sitrus-Series*|Champions-MB|#63,86,Savid400,0-2-0,Incineroar,Charizard,Raichu,Sneasler,Whimsicott,Gengar,"Incineroar @ Sitrus Berry
Ability: Intimidate
Careful Nature
- Flare Blitz
- Helping Hand
- Fake Out
- Parting Shot

Charizard @ Charizardite Y
Ability: Drought
Timid Nature
- Solar Beam
- Weather Ball
- Protect
- Heat Wave

Raichu @ Raichunite Y
Ability: No Guard
Timid Nature
- Focus Blast
- Zap Cannon
- Volt Switch
- Fake Out

Sneasler @ White Herb
Ability: Unburden
Jolly Nature
- Dire Claw
- Close Combat
- Fake Out
- Protect

Whimsicott @ Leftovers
Ability: Prankster
Bold Nature
- Tailwind
- Dazzling Gleam
- Leech Seed
- Protect

Gengar @ Focus Sash
Ability: Cursed Body
Timid Nature
- Shadow Ball
- Sludge Bomb
- Will-O-Wisp
- Protect",https://play.limitlesstcg.com/tournament/6a2c0161e334c3c9befd473b/player/savid400/teamlist
2026-06-17,*Sitrus-Series*|Champions-MB|#63,87,Smope,0-3-0,Dragonite,Raichu,Meganium,Audino,Sneasler,Zoroark,"Dragonite @ Life Orb
Ability: Multiscale
Adamant Nature
- Dragon Claw
- Extreme Speed
- Tailwind
- Ice Spinner

Raichu @ Raichunite X
Ability: Static
Adamant Nature
- Fake Out
- Play Rough
- Volt Tackle
- Protect

Meganium @ Meganiumite
Ability: Overgrow
Modest Nature
- Dazzling Gleam
- Weather Ball
- Giga Drain
- Protect

Audino @ Leftovers
Ability: Healer
Bold Nature
- Helping Hand
- Hyper Voice
- Light Screen
- Protect

Sneasler @ White Herb
Ability: Unburden
Adamant Nature
- Protect
- Close Combat
- Dire Claw
- Fake Out

Zoroark @ Focus Sash
Ability: Illusion
Modest Nature
- Dark Pulse
- Psychic
- Sludge Bomb
- Protect",https://play.limitlesstcg.com/tournament/6a2c0161e334c3c9befd473b/player/smope/teamlist
2026-06-17,*Sitrus-Series*|Champions-MB|#63,88,Maximus956,0-1-0,Raichu,Sneasler,Pelipper,Archaludon,Basculegion,Milotic,"Raichu @ Raichunite X
Ability: Static
Jolly Nature
- Volt Tackle
- Fake Out
- Drain Punch
- Protect

Sneasler @ Focus Sash
Ability: Poison Touch
Adamant Nature
- Dire Claw
- Fake Out
- Protect
- Close Combat

Pelipper @ Leftovers
Ability: Drizzle
Bold Nature
- Tailwind
- Protect
- Icy Wind
- Hurricane

Archaludon @ Metronome
Ability: Stamina
Relaxed Nature
- Draco Meteor
- Hard Press
- Steel Beam
- Electro Shot

Basculegion @ Life Orb
Ability: Swift Swim
Naughty Nature
- Muddy Water
- Protect
- Wave Crash
- Last Respects

Milotic @ Sitrus Berry
Ability: Competitive
Modest Nature
- Scald
- Rain Dance
- Ice Beam
- Hydro Pump",https://play.limitlesstcg.com/tournament/6a2c0161e334c3c9befd473b/player/maximus956/teamlist
2026-06-17,*Sitrus-Series*|Champions-MB|#63,89,KanyeweMYC,0-2-0,Archaludon,Pelipper,Volcarona,Grimmsnarl,Venusaur,Dragonite,"Archaludon @ White Herb
Ability: Sturdy
Modest Nature
- Electro Shot
- Draco Meteor
- Protect
- Flash Cannon

Pelipper @ Focus Sash
Ability: Rain Dish
Timid Nature
- Weather Ball
- Hurricane
- Protect
- Tailwind

Volcarona @ Leftovers
Ability: Flame Body
Timid Nature
- Quiver Dance
- Heat Wave
- Bug Buzz
- Giga Drain

Grimmsnarl @ Light Clay
Ability: Prankster
Adamant Nature
- Light Screen
- Reflect
- Fake Out
- Spirit Break

Venusaur @ Occa Berry
Ability: Chlorophyll
Timid Nature
- Energy Ball
- Sludge Bomb
- Protect
- Earth Power

Dragonite @ Dragoninite
Ability: Inner Focus
Timid Nature
- Hurricane
- Protect
- Extreme Speed
- Dragon Pulse",https://play.limitlesstcg.com/tournament/6a2c0161e334c3c9befd473b/player/kanyewemyc/teamlist
2026-06-17,*Sitrus-Series*|Champions-MB|#63,90,Ace1536vgc,0-2-0,Swampert,Staraptor,Sableye,Archaludon,Sinistcha,Politoed,"Swampert @ Swampertite
Ability: Torrent
Adamant Nature
- Wave Crash
- Earthquake
- Ice Punch
- Wide Guard

Staraptor @ Staraptite
Ability: Intimidate
Adamant Nature
- Brave Bird
- Tailwind
- Close Combat
- Protect

Sableye @ Roseli Berry
Ability: Prankster
Careful Nature
- Light Screen
- Fake Out
- Rain Dance
- Will-O-Wisp

Archaludon @ Leftovers
Ability: Stamina
Modest Nature
- Dragon Pulse
- Flash Cannon
- Electro Shot
- Protect

Sinistcha @ Sitrus Berry
Ability: Hospitality
Quiet Nature
- Matcha Gotcha
- Life Dew
- Rage Powder
- Protect

Politoed @ Mystic Water
Ability: Drizzle
Modest Nature
- Weather Ball
- Muddy Water
- Icy Wind
- Protect",https://play.limitlesstcg.com/tournament/6a2c0161e334c3c9befd473b/player/ace1536vgc/teamlist
2026-06-17,*Sitrus-Series*|Champions-MB|#63,91,Ghost222,0-7-0,Maushold,Incineroar,Raichu,Swampert,Gholdengo,Annihilape,"Maushold @ Leftovers
Ability: Friend Guard
Bold Nature
- Helping Hand
- Encore
- Follow Me
- Beat Up

Incineroar @ Sitrus Berry
Ability: Intimidate
Adamant Nature
- Fake Out
- Parting Shot
- Flare Blitz
- Protect

Raichu @ Raichunite Y
Ability: Lightning Rod
Modest Nature
- Zap Cannon
- Fake Out
- Volt Switch
- Protect

Swampert @ Swampertite
Ability: Damp
Adamant Nature
- Liquidation
- High Horsepower
- Flip Turn
- Protect

Gholdengo @ Wide Lens
Ability: Good as Gold
Modest Nature
- Make It Rain
- Nasty Plot
- Shadow Ball
- Protect

Annihilape @ Life Orb
Ability: Inner Focus
Jolly Nature
- Rage Fist
- Drain Punch
- Final Gambit
- Protect",https://play.limitlesstcg.com/tournament/6a2c0161e334c3c9befd473b/player/ghost222/teamlist
2026-06-17,*Sitrus-Series*|Champions-MB|#63,92,YungGentman,0-3-0,Scovillain,Gholdengo,Palafin,Pelipper,Sneasler,Grimmsnarl,"Scovillain @ Scovillainite
Ability: Chlorophyll
Calm Nature
- Overheat
- Leech Seed
- Rage Powder
- Protect

Gholdengo @ Metal Coat
Ability: Good as Gold
Modest Nature
- Make It Rain
- Shadow Ball
- Nasty Plot
- Protect

Palafin @ Life Orb
Ability: Zero to Hero
Adamant Nature
- Drain Punch
- Jet Punch
- Ice Punch
- Protect

Pelipper @ Damp Rock
Ability: Drizzle
Timid Nature
- Hurricane
- Weather Ball
- Wide Guard
- Tailwind

Sneasler @ Focus Sash
Ability: Unburden
Jolly Nature
- Close Combat
- Dire Claw
- Fake Out
- Protect

Grimmsnarl @ Sitrus Berry
Ability: Prankster
Adamant Nature
- Sucker Punch
- Fake Out
- Light Screen
- Parting Shot",https://play.limitlesstcg.com/tournament/6a2c0161e334c3c9befd473b/player/yunggentman/teamlist
2026-06-17,*Sitrus-Series*|Champions-MB|#63,93,GloriWasHere,0-1-0,Sceptile,Rotom-Wash,Incineroar,Garchomp,Talonflame,Maushold,"Sceptile @ Sceptilite
Ability: Unburden
Timid Nature
- Giga Drain
- Dragon Pulse
- Earth Power
- Protect

Rotom-Wash @ Choice Scarf
Ability: Levitate
Timid Nature
- Discharge
- Hydro Pump
- Electroweb
- Volt Switch

Incineroar @ Sitrus Berry
Ability: Intimidate
Adamant Nature
- Fake Out
- Parting Shot
- Flare Blitz
- Throat Chop

Garchomp @ Life Orb
Ability: Rough Skin
Jolly Nature
- Earthquake
- Dragon Claw
- Rock Slide
- Protect

Talonflame @ No Item
Ability: Gale Wings
Jolly Nature
- Acrobatics
- Flare Blitz
- Tailwind
- Quick Guard

Maushold @ Focus Sash
Ability: Friend Guard
Timid Nature
- Follow Me
- Encore
- Super Fang
- Protect",https://play.limitlesstcg.com/tournament/6a2c0161e334c3c9befd473b/player/gloriwashere/teamlist
2026-06-17,*Sitrus-Series*|Champions-MB|#63,94,Ilan Petit-Khacem,0-2-0,Raichu,Toxapex,Incineroar,Gholdengo,Sinistcha,Liepard,"Raichu @ Raichunite Y
Ability: No Guard
Timid Nature
- Zap Cannon
- Alluring Voice
- Focus Blast
- Protect

Toxapex @ Shuca Berry
Ability: Regenerator
Bold Nature
- Infestation
- Toxic
- Baneful Bunker
- Wide Guard

Incineroar @ Passho Berry
Ability: Intimidate
Careful Nature
- Fake Out
- Flare Blitz
- Parting Shot
- Will-O-Wisp

Gholdengo @ Life Orb
Ability: Good as Gold
Timid Nature
- Make It Rain
- Shadow Ball
- Nasty Plot
- Protect

Sinistcha @ Miracle Seed
Ability: Hospitality
Calm Nature
- Matcha Gotcha
- Life Dew
- Rage Powder
- Trick Room

Liepard @ Focus Sash
Ability: Prankster
Careful Nature
- Fake Out
- Taunt
- Fake Tears
- Encore",https://play.limitlesstcg.com/tournament/6a2c0161e334c3c9befd473b/player/nenellp/teamlist
2026-06-17,*Sitrus-Series*|Champions-MB|#63,95,Juan R,0-2-0,Sceptile,Rotom-Heat,Garchomp,Metagross,Gyarados,Sneasler,"Sceptile @ Sceptilite
Ability: Overgrow
Timid Nature
- Leaf Storm
- Dragon Pulse
- Earth Power
- Detect

Rotom-Heat @ Choice Scarf
Ability: Levitate
Timid Nature
- Discharge
- Volt Switch
- Overheat
- Electroweb

Garchomp @ Life Orb
Ability: Rough Skin
Jolly Nature
- Earthquake
- Stomping Tantrum
- Scale Shot
- Protect

Metagross @ Metagrossite
Ability: Clear Body
Adamant Nature
- Psychic Fangs
- Iron Head
- Stomping Tantrum
- Protect

Gyarados @ Sitrus Berry
Ability: Intimidate
Careful Nature
- Waterfall
- Thunder Wave
- Dragon Cheer
- Icy Wind

Sneasler @ Focus Sash
Ability: Unburden
Jolly Nature
- Fake Out
- Close Combat
- Gunk Shot
- Coaching",https://play.limitlesstcg.com/tournament/6a2c0161e334c3c9befd473b/player/gundojuan/teamlist
2026-06-17,*Sitrus-Series*|Champions-MB|#63,96,Pesantos120,0-2-0,Charizard,Toxapex,Hydreigon,Mamoswine,Sneasler,Incineroar,"Charizard @ Charizardite Y
Ability: Blaze
Timid Nature
- Protect
- Weather Ball
- Heat Wave
- Solar Beam

Toxapex @ Leftovers
Ability: Regenerator
Bold Nature
- Baneful Bunker
- Wide Guard
- Toxic
- Infestation

Hydreigon @ Choice Scarf
Ability: Levitate
Modest Nature
- Heat Wave
- Snarl
- Draco Meteor
- Dark Pulse

Mamoswine @ Focus Sash
Ability: Oblivious
Adamant Nature
- Protect
- Icicle Crash
- Ice Shard
- Earthquake

Sneasler @ White Herb
Ability: Unburden
Jolly Nature
- Protect
- Fake Out
- Dire Claw
- Close Combat

Incineroar @ Sitrus Berry
Ability: Intimidate
Impish Nature
- Parting Shot
- Fake Out
- Flare Blitz
- Throat Chop",https://play.limitlesstcg.com/tournament/6a2c0161e334c3c9befd473b/player/pesantos120/teamlist
2026-06-17,*Sitrus-Series*|Champions-MB|#63,98,risanj,0-1-0,Whimsicott,Charizard,Incineroar,Zoroark-Hisui,Rotom-Wash,Raichu,"Whimsicott @ Focus Sash
Ability: Prankster
Timid Nature
- Tailwind
- Moonblast
- Encore
- Protect

Charizard @ Charizardite Y
Ability: Blaze
Modest Nature
- Protect
- Heat Wave
- Solar Beam
- Weather Ball

Incineroar @ Sitrus Berry
Ability: Intimidate
Careful Nature
- Fake Out
- Parting Shot
- Flare Blitz
- Darkest Lariat

Zoroark-Hisui @ Life Orb
Ability: Illusion
Modest Nature
- Icy Wind
- Protect
- Bitter Malice
- Sludge Bomb

Rotom-Wash @ Leftovers
Ability: Levitate
Modest Nature
- Hydro Pump
- Thunderbolt
- Protect
- Electroweb

Raichu @ Raichunite Y
Ability: Lightning Rod
Timid Nature
- Protect
- Zap Cannon
- Focus Blast
- Mega Kick",https://play.limitlesstcg.com/tournament/6a2c0161e334c3c9befd473b/player/risanj/teamlist
2026-06-17,*Sitrus-Series*|Champions-MB|#63,99,Charhut,0-3-0,Staraptor,Metagross,Grimmsnarl,Tsareena,Glimmora,Tyranitar,"Staraptor @ Staraptite
Ability: Intimidate
Adamant Nature
- Close Combat
- Brave Bird
- Protect
- Tailwind

Metagross @ Metagrossite
Ability: Clear Body
Adamant Nature
- Meteor Mash
- Psychic Fangs
- Stomping Tantrum
- Protect

Grimmsnarl @ Light Clay
Ability: Prankster
Lax Nature
- Parting Shot
- Foul Play
- Reflect
- Light Screen

Tsareena @ Sitrus Berry
Ability: Queenly Majesty
Adamant Nature
- Knock Off
- Trop Kick
- Triple Axel
- Low Kick

Glimmora @ Focus Sash
Ability: Toxic Debris
Modest Nature
- Power Gem
- Sludge Bomb
- Spiky Shield
- Earth Power

Tyranitar @ Choice Scarf
Ability: Sand Stream
Jolly Nature
- Ice Punch
- Rock Slide
- Knock Off
- Protect",https://play.limitlesstcg.com/tournament/6a2c0161e334c3c9befd473b/player/charhut/teamlist
2026-06-17,*Sitrus-Series*|Champions-MB|#63,100,PedrinVMO,0-1-0,Raichu,Floette,Sinistcha,Incineroar,Garchomp,Basculegion,"Raichu @ Raichunite X
Ability: Lightning Rod
Jolly Nature
- Fake Out
- Charm
- Volt Tackle
- Protect

Floette @ Floettite
Ability: Flower Veil
modest Nature
- Moonblast
- Dazzling Gleam
- Calm Mind
- Protect

Sinistcha @ Kasib Berry
Ability: Hospitality
Calm Nature
- Matcha Gotcha
- Rage Powder
- Trick Room
- protect

Incineroar @ Sitrus Berry
Ability: Intimidate
Careful Nature
- Flare Blitz
- Throat Chop
- Fake Out
- Parting Shot

Garchomp @ Life Orb
Ability: Rough Skin
Adamant Nature
- Earthquake
- Rock Slide
- Dragon Claw
- Protect

Basculegion @ Mystic Water
Ability: Adaptability
lonely Nature
- Wave Crash
- Last Respects
- Aqua Jet
- Flip Turn",https://play.limitlesstcg.com/tournament/6a2c0161e334c3c9befd473b/player/pedrinvmo/teamlist
2026-06-17,Hatterene Series W25/2026 - Champions M-B,unplaced,Gaëlle Coe,1-2-0,Swampert,Scovillain,Archaludon,Pelipper,Annihilape,Sableye,"Swampert @ Swampertite
Ability: Damp
Adamant Nature
- High Horsepower
- Wave Crash
- Protect
- Ice Punch

Scovillain @ Scovillainite
Ability: Moody
Calm Nature
- Super Fang
- Leech Seed
- Protect
- Rage Powder

Archaludon @ Leftovers
Ability: Stamina
Calm Nature
- Flash Cannon
- Electro Shot
- Protect
- Dragon Pulse

Pelipper @ Focus Sash
Ability: Drizzle
Timid Nature
- Hurricane
- Weather Ball
- Wide Guard
- Tailwind

Annihilape @ Sitrus Berry
Ability: Defiant
Adamant Nature
- Rage Fist
- Drain Punch
- Protect
- Bulk Up

Sableye @ Roseli Berry
Ability: Prankster
Sassy Nature
- Fake Out
- Quash
- Rain Dance
- Light Screen",https://play.limitlesstcg.com/tournament/6a205e6747f3797bf6baad73/player/catgaelle/teamlist
2026-06-17,Hatterene Series W25/2026 - Champions M-B,unplaced,Radiant_Grub,2-2-0,Aerodactyl,Charizard,Kingambit,Sylveon,Garchomp,Raichu,"Aerodactyl @ Focus Sash
Ability: Unnerve
Jolly Nature
- Rock Slide
- Tailwind
- Sunny Day
- Protect

Charizard @ Charizardite Y
Ability: Blaze
Modest Nature
- Weather Ball
- Heat Wave
- Solar Beam
- Protect

Kingambit @ Chople Berry
Ability: Defiant
Adamant Nature
- Kowtow Cleave
- Sucker Punch
- Iron Head
- Low Kick

Sylveon @ Fairy Feather
Ability: Pixilate
Modest Nature
- Hyper Voice
- Hyper Beam
- Quick Attack
- Protect

Garchomp @ Sitrus Berry
Ability: Rough Skin
Jolly Nature
- Dragon Claw
- Earthquake
- Rock Slide
- Protect

Raichu @ Raichunite Y
Ability: Lightning Rod
Timid Nature
- Zap Cannon
- Focus Blast
- Encore
- Protect",https://play.limitlesstcg.com/tournament/6a205e6747f3797bf6baad73/player/radiant_grub/teamlist
2026-06-17,Hatterene Series W25/2026 - Champions M-B,unplaced,PolpettaVGC,2-1-0,Incineroar,Milotic,Sinistcha,Sneasler,Charizard,Floette-Eternal,"Incineroar @ Sitrus Berry
Ability: Intimidate
Impish Nature
- Fake Out
- Flare Blitz
- Darkest Lariat
- Parting Shot

Milotic @ Leftovers
Ability: Competitive
Calm Nature
- Muddy Water
- Hypnosis
- Coil
- Recover

Sinistcha @ Kasib Berry
Ability: Hospitality
Bold Nature
- Matcha Gotcha
- Life Dew
- Rage Powder
- Protect

Sneasler @ Focus Sash
Ability: Poison Touch
Jolly Nature
- Fake Out
- Close Combat
- Dire Claw
- Coaching

Charizard @ Charizardite X
Ability: Solar Power
Adamant Nature
- Flare Blitz
- Dragon Claw
- Dragon Dance
- Protect

Floette-Eternal @ Floettite
Ability: Flower Veil
Modest Nature
- Dazzling Gleam
- Draining Kiss
- Calm Mind
- Protect",https://play.limitlesstcg.com/tournament/6a205e6747f3797bf6baad73/player/polpettavgc/teamlist
2026-06-17,Hatterene Series W25/2026 - Champions M-B,unplaced,Ophelia C,0-1-0,Mawile,Farigiraf,Pelipper,Incineroar,Sinistcha,Gholdengo,"Mawile @ Mawilite
Ability: Intimidate
Adamant Nature
- Protect
- Play Rough
- Sucker Punch
- Iron Head

Farigiraf @ Colbur Berry
Ability: Armor Tail
Quiet Nature
- Psychic
- Hyper Voice
- Trick Room
- Protect

Pelipper @ Focus Sash
Ability: Drizzle
Timid Nature
- Weather Ball
- Hurricane
- Protect
- Tailwind

Incineroar @ Sitrus Berry
Ability: Intimidate
Careful Nature
- Fake Out
- Parting Shot
- Darkest Lariat
- Flare Blitz

Sinistcha @ Mental Herb
Ability: Hospitality
Bold Nature
- Matcha Gotcha
- Rage Powder
- Trick Room
- Life Dew

Gholdengo @ Life Orb
Ability: Good as Gold
Modest Nature
- Make It Rain
- Nasty Plot
- Shadow Ball
- Protect",https://play.limitlesstcg.com/tournament/6a205e6747f3797bf6baad73/player/flyerblem/teamlist
2026-06-17,Hatterene Series W25/2026 - Champions M-B,unplaced,GlaceOnARoll,0-2-0,Raichu,Staraptor,Whimsicott,Garchomp,Aegislash,Maushold,"Raichu @ Raichunite X
Ability: Lightning Rod
Timid Nature
- Rising Voltage
- Fake Out
- Protect
- Encore

Staraptor @ Staraptite
Ability: Intimidate
Adamant Nature
- Close Combat
- Dual Wingbeat
- Protect
- Roost

Whimsicott @ Focus Sash
Ability: Prankster
Timid Nature
- Moonblast
- Tailwind
- Tickle
- Light Screen

Garchomp @ Roseli Berry
Ability: Rough Skin
Adamant Nature
- Earthquake
- Rock Slide
- Protect
- Stomping Tantrum

Aegislash @ Life Orb
Ability: Stance Change
Adamant Nature
- King's Shield
- Poltergeist
- Wide Guard
- Iron Head

Maushold @ Wide Lens
Ability: Friend Guard
Jolly Nature
- Population Bomb
- Protect
- Charm
- Follow Me",https://play.limitlesstcg.com/tournament/6a205e6747f3797bf6baad73/player/glaceonaroll/teamlist
2026-06-17,Hatterene Series W25/2026 - Champions M-B,unplaced,GloriWasHere,2-1-0,Raichu,Whimsicott,Kingambit,Basculegion,Incineroar,Sinistcha,"Raichu @ Raichunite Y
Ability: Lightning Rod
Timid Nature
- Zap Cannon
- Focus Blast
- Fake Out
- Protect

Whimsicott @ Focus Sash
Ability: Prankster
Timid Nature
- Tailwind
- Moonblast
- Protect
- Fake Tears

Kingambit @ Black Glasses
Ability: Defiant
Adamant Nature
- Kowtow Cleave
- Iron Head
- Sucker Punch
- Protect

Basculegion @ Mystic Water
Ability: Adaptability
Jolly Nature
- Wave Crash
- Last Respects
- Aqua Jet
- Protect

Incineroar @ Sitrus Berry
Ability: Intimidate
Adamant Nature
- Flare Blitz
- Throat Chop
- Fake Out
- Parting Shot

Sinistcha @ Kasib Berry
Ability: Hospitality
Calm Nature
- Matcha Gotcha
- Imprison
- Rage Powder
- Trick Room",https://play.limitlesstcg.com/tournament/6a205e6747f3797bf6baad73/player/gloriwashere/teamlist
2026-06-17,Hatterene Series W25/2026 - Champions M-B,unplaced,ploalexis,1-1-0,Alakazam,Sneasler,Basculegion,Appletun,Grimmsnarl,Infernape,"Alakazam @ Alakazite
Ability: Magic Guard
Timid Nature
- Energy Ball
- Psychic
- Dazzling Gleam
- Shadow Ball

Sneasler @ White Herb
Ability: Unburden
Adamant Nature
- Dire Claw
- Close Combat
- Protect
- Fake Out

Basculegion @ Choice Scarf
Ability: Adaptability
Jolly Nature
- Last Respects
- Flip Turn
- Ice Fang
- Head Smash

Appletun @ Leftovers
Ability: Thick Fat
Bold Nature
- Leech Seed
- Apple Acid
- Dragon Pulse
- Protect

Grimmsnarl @ Light Clay
Ability: Prankster
Sassy Nature
- Light Screen
- Reflect
- Spirit Break
- Foul Play

Infernape @ Life Orb
Ability: Iron Fist
Adamant Nature
- Flare Blitz
- Mach Punch
- Thunder Punch
- Fire Punch",https://play.limitlesstcg.com/tournament/6a205e6747f3797bf6baad73/player/ploalexis/teamlist
2026-06-17,Hatterene Series W25/2026 - Champions M-B,unplaced,merrypasta,1-2-0,Gardevoir,Annihilape,Maushold,Garchomp,Talonflame,Rotom-Wash,"Gardevoir @ Gardevoirite
Ability: Trace
Modest Nature
- Hyper Voice
- Psyshock
- Protect
- Trick Room

Annihilape @ Leftovers
Ability: Defiant
Jolly Nature
- Drain Punch
- Rage Fist
- Protect
- Bulk Up

Maushold @ Focus Sash
Ability: Friend Guard
Timid Nature
- Super Fang
- Beat Up
- Protect
- Follow Me

Garchomp @ White Herb
Ability: Rough Skin
Jolly Nature
- Dragon Claw
- Rock Slide
- Protect
- Earthquake

Talonflame @ Sharp Beak
Ability: Gale Wings
Jolly Nature
- Brave Bird
- Flare Blitz
- Protect
- Tailwind

Rotom-Wash @ Sitrus Berry
Ability: Levitate
Modest Nature
- Thunderbolt
- Hydro Pump
- Protect
- Will-O-Wisp",https://play.limitlesstcg.com/tournament/6a205e6747f3797bf6baad73/player/merrypasta/teamlist
2026-06-17,Hatterene Series W25/2026 - Champions M-B,1,Finalbelle,5-1-0,Froslass,Sneasler,Volcarona,Farigiraf,Quaquaval,Meowscarada,"Froslass @ Froslassite
Ability: Cursed Body
Timid Nature
- Aurora Veil
- Blizzard
- Shadow Ball
- Protect

Sneasler @ White Herb
Ability: Unburden
Adamant Nature
- Close Combat
- Dire Claw
- Rock Slide
- Fake Out

Volcarona @ Focus Sash
Ability: Flame Body
Modest Nature
- Heat Wave
- Giga Drain
- Quiver Dance
- Protect

Farigiraf @ Leftovers
Ability: Armor Tail
Bold Nature
- Psychic Noise
- Hyper Voice
- Helping Hand
- Trick Room

Quaquaval @ Quick Claw
Ability: Moxie
Adamant Nature
- Wave Crash
- Knock Off
- Close Combat
- Aqua Jet

Meowscarada @ Choice Scarf
Ability: Protean
Adamant Nature
- Flower Trick
- Thunder Punch
- Knock Off
- Triple Axel",https://play.limitlesstcg.com/tournament/6a205e6747f3797bf6baad73/player/finalbelle/teamlist
2026-06-17,Hatterene Series W25/2026 - Champions M-B,2,jazzcatte,4-2-0,Malamar,Incineroar,Sinistcha,Glimmora,Whimsicott,Garchomp,"Malamar @ Malamarite
Ability: Contrary
Adamant Nature
- Knock Off
- Superpower
- Zen Headbutt
- Protect

Incineroar @ Chople Berry
Ability: Intimidate
Serious Nature
- Fake Out
- Parting Shot
- Flare Blitz
- Throat Chop

Sinistcha @ Sitrus Berry
Ability: Hospitality
Bold Nature
- Matcha Gotcha
- Trick Room
- Rage Powder
- Shadow Ball

Glimmora @ Focus Sash
Ability: Toxic Debris
Modest Nature
- Power Gem
- Sludge Bomb
- Earth Power
- Spiky Shield

Whimsicott @ Mental Herb
Ability: Prankster
Timid Nature
- Moonblast
- Tailwind
- Encore
- Protect

Garchomp @ Life Orb
Ability: Rough Skin
Jolly Nature
- Dragon Claw
- Stomping Tantrum
- Rock Slide
- Protect",https://play.limitlesstcg.com/tournament/6a205e6747f3797bf6baad73/player/jazzcatte/teamlist
2026-06-17,Hatterene Series W25/2026 - Champions M-B,3,Gothicrose,4-1-0,Sinistcha,Grimmsnarl,Basculegion,Staraptor,Metagross,Sylveon,"Sinistcha @ Bright Powder
Ability: Hospitality
Calm Nature
- Trick Room
- Life Dew
- Matcha Gotcha
- Rage Powder

Grimmsnarl @ Light Clay
Ability: Prankster
Calm Nature
- Parting Shot
- Scary Face
- Light Screen
- Reflect

Basculegion @ Focus Sash
Ability: Adaptability
Adamant Nature
- Protect
- Liquidation
- Aqua Jet
- Last Respects

Staraptor @ Staraptite
Ability: Intimidate
Adamant Nature
- Protect
- Brave Bird
- Close Combat
- Roost

Metagross @ Metagrossite
Ability: Clear Body
Adamant Nature
- Protect
- Bullet Punch
- Meteor Assault
- Stomping Tantrum

Sylveon @ Fairy Feather
Ability: Pixilate
Modest Nature
- Protect
- Quick Attack
- Hyper Voice
- Moonblast",https://play.limitlesstcg.com/tournament/6a205e6747f3797bf6baad73/player/gothicrose/teamlist
2026-06-17,Hatterene Series W25/2026 - Champions M-B,4,MeganVGC,3-2-0,Glimmora,Whimsicott,Gholdengo,Annihilape,Hydreigon,Maushold,"Glimmora @ Glimmoranite
Ability: Toxic Debris
Timid Nature
- Sludge Bomb
- Power Gem
- Earth Power
- Spiky Shield

Whimsicott @ Focus Sash
Ability: Prankster
Timid Nature
- Moonblast
- Tailwind
- Encore
- Protect

Gholdengo @ Life Orb
Ability: Good as Gold
Timid Nature
- Flash Cannon
- Shadow Ball
- Recover
- Protect

Annihilape @ Leftovers
Ability: Defiant
Jolly Nature
- Drain Punch
- Rage Fist
- Bulk Up
- Protect

Hydreigon @ Wise Glasses
Ability: Levitate
Modest Nature
- Dragon Pulse
- Dark Pulse
- Earth Power
- Protect

Maushold @ Wide Lens
Ability: Friend Guard
Jolly Nature
- Population Bomb
- Beat Up
- Follow Me
- Protect",https://play.limitlesstcg.com/tournament/6a205e6747f3797bf6baad73/player/meganvgc/teamlist
2026-06-17,Hatterene Series W25/2026 - Champions M-B,5,CrimsonRay,2-2-0,Charizard,Garchomp,Malamar,Sneasler,Basculegion,Talonflame,"Charizard @ Charizardite Y
Ability: Solar Power
Timid Nature
- Heat Wave
- Weather Ball
- Solar Beam
- Protect

Garchomp @ Life Orb
Ability: Rough Skin
Jolly Nature
- Stone Edge
- Dragon Claw
- Earthquake
- Protect

Malamar @ Malamarite
Ability: Contrary
Adamant Nature
- Superpower
- Topsy-Turvy
- Baton Pass
- Protect

Sneasler @ White Herb
Ability: Unburden
Jolly Nature
- Dire Claw
- Close Combat
- Fake Out
- Protect

Basculegion @ Mystic Water
Ability: Adaptability
Adamant Nature
- Aqua Jet
- Last Respects
- Wave Crash
- Protect

Talonflame @ No Item
Ability: Gale Wings
Adamant Nature
- Roost
- Acrobatics
- Tailwind
- Quick Guard",https://play.limitlesstcg.com/tournament/6a205e6747f3797bf6baad73/player/crimsonray/teamlist
2026-06-17,Hatterene Series W25/2026 - Champions M-B,6,LilacDaisy,2-2-0,Charizard,Staraptor,Venusaur,Garchomp,Zoroark-Hisui,Sableye,"Charizard @ Charizardite Y
Ability: Blaze
Modest Nature
- Heat Wave
- Solar Beam
- Protect
- Weather Ball

Staraptor @ Starapite
Ability: Intimidate
Adamant Nature
- Brave Bird
- Close Combat
- Roost
- Protect

Venusaur @ Sitrus Berry
Ability: Chlorophyll
Modest Nature
- Giga Drain
- Sludge Bomb
- Protect
- Earth Power

Garchomp @ Life Orb
Ability: Rough Skin
Jolly Nature
- Earthquake
- Stone Edge
- Dragon Claw
- Protect

Zoroark-Hisui @ Focus Sash
Ability: Illusion
Modest Nature
- Will-O-Wisp
- Protect
- Shadow Ball
- Psychic

Sableye @ Light Clay
Ability: Prankster
Calm Nature
- Light Screen
- Encore
- Quash
- Reflect",https://play.limitlesstcg.com/tournament/6a205e6747f3797bf6baad73/player/lilacdaisy/teamlist
2026-06-17,Hatterene Series W25/2026 - Champions M-B,7,AiZinn,2-2-0,Staraptor,Arcanine-Hisui,Grimmsnarl,Whimsicott,Dragalge,Swampert,"Staraptor @ Staraptite
Ability: Intimidate
Adamant Nature
- Protect
- Roost
- Close Combat
- Dual Wingbeat

Arcanine-Hisui @ Choice Scarf
Ability: Rock Head
Jolly Nature
- Head Smash
- Rock Slide
- Iron Head
- Flare Blitz

Grimmsnarl @ Light Clay
Ability: Prankster
Impish Nature
- Spirit Break
- Light Screen
- Reflect
- Parting Shot

Whimsicott @ Focus Sash
Ability: Prankster
Timid Nature
- Tailwind
- Encore
- Moonblast
- Charm

Dragalge @ Dragalgite
Ability: Adaptability
Modest Nature
- Protect
- Scald
- Draco Meteor
- Sludge Bomb

Swampert @ Rindo Berry
Ability: Torrent
Careful Nature
- Wide Guard
- Earthquake
- Icy Wind
- Liquidation",https://play.limitlesstcg.com/tournament/6a205e6747f3797bf6baad73/player/aizinn/teamlist
2026-06-17,Hatterene Series W25/2026 - Champions M-B,8,Lavender,2-2-0,Basculegion,Aerodactyl,Garchomp,Sableye,Kingambit,Charizard,"Basculegion @ Focus Sash
Ability: Adaptability
Adamant Nature
- Liquidation
- Last Respects
- Aqua Jet
- Protect

Aerodactyl @ Aerodactylite
Ability: Unnerve
Jolly Nature
- Rock Slide
- Dual Wingbeat
- Tailwind
- Wide Guard

Garchomp @ Life Orb
Ability: Rough Skin
Jolly Nature
- Dragon Claw
- Earthquake
- Rock Tomb
- Protect

Sableye @ Light Clay
Ability: Prankster
Bold Nature
- Will-O-Wisp
- Reflect
- Light Screen
- Sunny Day

Kingambit @ Chople Berry
Ability: Defiant
Adamant Nature
- Kowtow Cleave
- Sucker Punch
- Iron Head
- Low Kick

Charizard @ Charizardite Y
Ability: Blaze
Modest Nature
- Heat Wave
- Weather Ball
- Solar Beam
- Protect",https://play.limitlesstcg.com/tournament/6a205e6747f3797bf6baad73/player/lavender/teamlist
2026-06-17,Hatterene Series W25/2026 - Champions M-B,9,victoriaisbored,1-3-0,Tinkaton,Farigiraf,Krookodile,Whimsicott,Dragonite,Eelektross,"Tinkaton @ Occa Berry
Ability: Mold Breaker
Adamant Nature
- Gigaton Hammer
- Fake Out
- Play Rough
- Encore

Farigiraf @ Mental Herb
Ability: Armor Tail
Quiet Nature
- Trick Room
- Helping Hand
- Psychic
- Protect

Krookodile @ Choice Scarf
Ability: Intimidate
Jolly Nature
- Throat Chop
- Close Combat
- Earthquake
- Rock Slide

Whimsicott @ Focus Sash
Ability: Prankster
Timid Nature
- Moonblast
- Tailwind
- Protect
- Encore

Dragonite @ Sitrus Berry
Ability: Multiscale
Jolly Nature
- Dragon Claw
- Thunder Punch
- Dragon Dance
- Extreme Speed

Eelektross @ Eelektrossite
Ability: Levitate
Adamant Nature
- Wild Charge
- Crunch
- Liquidation
- Protect",https://play.limitlesstcg.com/tournament/6a205e6747f3797bf6baad73/player/victoriaisbored/teamlist
2026-06-17,Hatterene Series W25/2026 - Champions M-B,10,Fluna,1-3-0,Sylveon,Vivillon,Staraptor,Araquanid,Farigiraf,Sinistcha,"Sylveon @ Leftovers
Ability: Pixilate
Modest Nature
- Hyper Voice
- Protect
- Hyper Beam
- Calm Mind

Vivillon @ Focus Sash
Ability: Compound Eyes
Timid Nature
- Tailwind
- Sleep Powder
- Hurricane
- Protect

Staraptor @ Staraptite
Ability: Intimidate
Jolly Nature
- Close Combat
- Brave Bird
- Roost
- Protect

Araquanid @ Mystic Water
Ability: Water Bubble
Adamant Nature
- Liquidation
- Lunge
- Wide Guard
- Protect

Farigiraf @ Sitrus Berry
Ability: Armor Tail
Bold Nature
- Psychic
- Helping Hand
- Hyper Voice
- Trick Room

Sinistcha @ Colbur Berry
Ability: Hospitality
Bold Nature
- Matcha Gotcha
- Rage Powder
- Life Dew
- Trick Room",https://play.limitlesstcg.com/tournament/6a205e6747f3797bf6baad73/player/fluna/teamlist
2026-06-17,Alpensee Tour (Reg M-B) #62 - ✨🐢 for #1! IN-GAME!,1,Testing444,5-0-0,Pelipper,Sneasler,Basculegion,Dragonite,Archaludon,Swampert,"Pelipper @ Sitrus Berry
Ability: Drizzle
Bold Nature
- Wide Guard
- Tailwind
- Weather Ball
- Hurricane

Sneasler @ White Herb
Ability: Unburden
Adamant Nature
- Close Combat
- Dire Claw
- Fake Out
- Protect

Basculegion @ Choice Scarf
Ability: Adaptability
Jolly Nature
- Wave Crash
- Last Respects
- Flip Turn
- Aqua Jet

Dragonite @ Dragoninite
Ability: Inner Focus
Modest Nature
- Dragon Pulse
- Heat Wave
- Tailwind
- Protect

Archaludon @ Leftovers
Ability: Stamina
Bold Nature
- Electro Shot
- Dragon Pulse
- Flash Cannon
- Protect

Swampert @ Swampertite
Ability: Torrent
Adamant Nature
- Wave Crash
- Earthquake
- High Horsepower
- Protect",https://play.limitlesstcg.com/tournament/6a14208e0f6c1f08998609b4/player/testing444/teamlist
2026-06-17,Alpensee Tour (Reg M-B) #62 - ✨🐢 for #1! IN-GAME!,2,ImTengenUzui,4-1-0,Incineroar,Floette-Eternal,Sinistcha,Delphox,Kingambit,Sneasler,"Incineroar @ Sitrus Berry
Ability: Intimidate
Impish Nature
- Throat Chop
- Fake Out
- Flare Blitz
- Parting Shot

Floette-Eternal @ Floettite
Ability: Flower Veil
Timid Nature
- Moonblast
- Dazzling Gleam
- Calm Mind
- Protect

Sinistcha @ Occa Berry
Ability: Hospitality
Bold Nature
- Matcha Gotcha
- Rage Powder
- Life Dew
- Trick Room

Delphox @ Delphoxite
Ability: Blaze
Timid Nature
- Heat Wave
- Psychic
- Nasty Plot
- Protect

Kingambit @ Black Glasses
Ability: Defiant
Adamant Nature
- Kowtow Cleave
- Sucker Punch
- Iron Head
- Protect

Sneasler @ White Herb
Ability: Unburden
Jolly Nature
- Close Combat
- Dire Claw
- Fake Out
- Protect",https://play.limitlesstcg.com/tournament/6a14208e0f6c1f08998609b4/player/imtengenuzui/teamlist
2026-06-17,Alpensee Tour (Reg M-B) #62 - ✨🐢 for #1! IN-GAME!,3,Frytki,4-1-0,Dragonite,Maushold,Archaludon,Pelipper,Basculegion,Mawile,"Dragonite @ Dragoninite
Ability: Multiscale
Timid Nature
- Dragon Pulse
- Hurricane
- Weather Ball
- Protect

Maushold @ Wide Lens
Ability: Technician
Jolly Nature
- Protect
- Population Bomb
- Rain Dance
- Follow Me

Archaludon @ Leftovers
Ability: Stamina
Modest Nature
- Dragon Pulse
- Flash Cannon
- Electro Shot
- Protect

Pelipper @ Life Orb
Ability: Drizzle
Modest Nature
- Hurricane
- Weather Ball
- Wide Guard
- Tailwind

Basculegion @ Choice Scarf
Ability: Adaptability
Jolly Nature
- Wave Crash
- Last Respects
- Aqua Jet
- Flip Turn

Mawile @ Mawilite
Ability: Intimidate
Adamant Nature
- Play Rough
- Iron Head
- Sucker Punch
- Protect",https://play.limitlesstcg.com/tournament/6a14208e0f6c1f08998609b4/player/frytki/teamlist
2026-06-17,Alpensee Tour (Reg M-B) #62 - ✨🐢 for #1! IN-GAME!,4,shabarai,4-1-0,Whimsicott,Charizard,Kingambit,Basculegion,Sinistcha,Staraptor,"Whimsicott @ Focus Sash
Ability: Prankster
Timid Nature
- Tailwind
- Moonblast
- Charm
- Protect

Charizard @ Charizardite Y
Ability: Blaze
Timid Nature
- Heat Wave
- Weather Ball
- Solar Beam
- Protect

Kingambit @ Chople Berry
Ability: Defiant
Adamant Nature
- Kowtow Cleave
- Sucker Punch
- Iron Head
- Low Kick

Basculegion @ Focus Sash
Ability: Adaptability
Jolly Nature
- Liquidation
- Last Respects
- Aqua Jet
- Protect

Sinistcha @ Sitrus Berry
Ability: Hospitality
Bold Nature
- Rage Powder
- Matcha Gotcha
- Trick Room
- Life Dew

Staraptor @ Staraptite
Ability: Intimidate
Adamant Nature
- Brave Bird
- Close Combat
- Roost
- Protect",https://play.limitlesstcg.com/tournament/6a14208e0f6c1f08998609b4/player/shabarai/teamlist
2026-06-17,Alpensee Tour (Reg M-B) #62 - ✨🐢 for #1! IN-GAME!,5,Yoshi1267,4-1-0,Delphox,Primarina,Sneasler,Kingambit,Sinistcha,Incineroar,"Delphox @ Delphoxite
Ability: Blaze
Timid Nature
- Heat Wave
- Psyshock
- Nasty Plot
- Protect

Primarina @ Leftovers
Ability: Liquid Voice
Modest Nature
- Hyper Voice
- Draining Kiss
- Calm Mind
- Protect

Sneasler @ Focus Sash
Ability: Poison Touch
Jolly Nature
- Dire Claw
- Close Combat
- Quick Guard
- Fake Out

Kingambit @ Black Glasses
Ability: Defiant
Adamant Nature
- Sucker Punch
- Kowtow Cleave
- Swords Dance
- Protect

Sinistcha @ Kasib Berry
Ability: Hospitality
Bold Nature
- Matcha Gotcha
- Rage Powder
- Trick Room
- Protect

Incineroar @ Sitrus Berry
Ability: Intimidate
Careful Nature
- Fake Out
- Flare Blitz
- Parting Shot
- Throat Chop",https://play.limitlesstcg.com/tournament/6a14208e0f6c1f08998609b4/player/yoshi1267/teamlist
2026-06-17,Alpensee Tour (Reg M-B) #62 - ✨🐢 for #1! IN-GAME!,6,Jayisdecent,4-1-0,Blaziken,Hydreigon,Incineroar,Sinistcha,Milotic,Floette-Eternal,"Blaziken @ Blazikenite
Ability: Speed Boost
Adamant Nature
- Flare Blitz
- Close Combat
- Swords Dance
- Detect

Hydreigon @ Choice Scarf
Ability: Levitate
Modest Nature
- Draco Meteor
- Heat Wave
- Dark Pulse
- Snarl

Incineroar @ Sitrus Berry
Ability: Intimidate
Adamant Nature
- Fake Out
- Flare Blitz
- Throat Chop
- Parting Shot

Sinistcha @ Occa Berry
Ability: Hospitality
Calm Nature
- Matcha Gotcha
- Rage Powder
- Life Dew
- Protect

Milotic @ Leftovers
Ability: Competitive
Calm Nature
- Muddy Water
- Coil
- Hypnosis
- Recover

Floette-Eternal @ Floettite
Ability: Fairy Aura
Modest Nature
- Moonblast
- Dazzling Gleam
- Calm Mind
- Protect",https://play.limitlesstcg.com/tournament/6a14208e0f6c1f08998609b4/player/jayisdecent/teamlist
2026-06-17,Alpensee Tour (Reg M-B) #62 - ✨🐢 for #1! IN-GAME!,7,trevYah,4-1-0,Incineroar,Venusaur,Charizard,Sinistcha,Sneasler,Kingambit,"Incineroar @ Sitrus Berry
Ability: Intimidate
Impish Nature
- Flare Blitz
- Throat Chop
- Parting Shot
- Fake Out

Venusaur @ Venusaurite
Ability: Chlorophyll
Modest Nature
- Sludge Bomb
- Leaf Storm
- Earth Power
- Protect

Charizard @ Charizardite X
Ability: Blaze
Adamant Nature
- Dragon Claw
- Temper Flare
- Dragon Dance
- Protect

Sinistcha @ Leftovers
Ability: Hospitality
Bold Nature
- Matcha Gotcha
- Rage Powder
- Trick Room
- Protect

Sneasler @ White Herb
Ability: Unburden
Adamant Nature
- Close Combat
- Dire Claw
- Fake Out
- Protect

Kingambit @ Life Orb
Ability: Defiant
Adamant Nature
- Kowtow Cleave
- Swords Dance
- Sucker Punch
- Protect",https://play.limitlesstcg.com/tournament/6a14208e0f6c1f08998609b4/player/trevyah/teamlist
2026-06-17,Alpensee Tour (Reg M-B) #62 - ✨🐢 for #1! IN-GAME!,8,SDGRyo,4-1-0,Raichu,Staraptor,Sinistcha,Incineroar,Garchomp,Basculegion,"Raichu @ Raichunite X
Ability: Lightning Rod
Jolly Nature
- Fake Out
- Charm
- Volt Tackle
- Protect

Staraptor @ Staraptite
Ability: Intimidate
Adamant Nature
- Close Combat
- Brave Bird
- Tailwind
- Protect

Sinistcha @ Kasib Berry
Ability: Hospitality
Calm Nature
- Matcha Gotcha
- Rage Powder
- Trick Room
- Strength Sap

Incineroar @ Sitrus Berry
Ability: Intimidate
Impish Nature
- Flare Blitz
- Throat Chop
- Fake Out
- Parting Shot

Garchomp @ Life Orb
Ability: Rough Skin
Jolly Nature
- Earthquake
- Rock Slide
- Dragon Claw
- Protect

Basculegion @ Mystic Water
Ability: Adaptability
Adamant Nature
- Wave Crash
- Last Respects
- Aqua Jet
- Protect",https://play.limitlesstcg.com/tournament/6a14208e0f6c1f08998609b4/player/sdgryo/teamlist
2026-06-17,Alpensee Tour (Reg M-B) #62 - ✨🐢 for #1! IN-GAME!,9,Snorlaxpikachu1,3-2-0,Pyroar,Ninetales,Corviknight,Garchomp,Sylveon,Farigiraf,"Pyroar @ Pyroarite
Ability: Unnerve
Timid Nature
- Heat Wave
- Overheat
- Solar Beam
- Protect

Ninetales @ Choice Scarf
Ability: Drought
Modest Nature
- Overheat
- Heat Wave
- Psyshock
- Fake Tears

Corviknight @ Occa Berry
Ability: Mirror Armor
Adamant Nature
- Tailwind
- Brave Bird
- Roost
- Protect

Garchomp @ Life Orb
Ability: Rough Skin
Jolly Nature
- Earthquake
- Dragon Claw
- Rock Slide
- Protect

Sylveon @ Fairy Feather
Ability: Pixilate
Modest Nature
- Hyper Voice
- Hyper Beam
- Quick Attack
- Detect

Farigiraf @ Sitrus Berry
Ability: Armor Tail
Modest Nature
- Hyper Voice
- Psychic
- Trick Room
- Helping Hand",https://play.limitlesstcg.com/tournament/6a14208e0f6c1f08998609b4/player/snorlaxpikachu1/teamlist
2026-06-17,Alpensee Tour (Reg M-B) #62 - ✨🐢 for #1! IN-GAME!,10,Luca,3-2-0,Charizard,Farigiraf,Incineroar,Venusaur,Garchomp,Mawile,"Charizard @ Charizardite Y
Ability: Blaze
Modest Nature
- Weather Ball
- Heat Wave
- Solar Beam
- Protect

Farigiraf @ Sitrus Berry
Ability: Armor Tail
Calm Nature
- Psychic
- Trick Room
- Helping Hand
- Protect

Incineroar @ Charcoal
Ability: Intimidate
Adamant Nature
- Flare Blitz
- Throat Chop
- Parting Shot
- Fake Out

Venusaur @ Focus Sash
Ability: Chlorophyll
Modest Nature
- Sludge Bomb
- Leaf Storm
- Sleep Powder
- Protect

Garchomp @ Life Orb
Ability: Rough Skin
Jolly Nature
- Earthquake
- Rock Slide
- Dragon Claw
- Protect

Mawile @ Mawilite
Ability: Hyper Cutter
Adamant Nature
- Iron Head
- Play Rough
- Rock Slide
- Protect",https://play.limitlesstcg.com/tournament/6a14208e0f6c1f08998609b4/player/luca/teamlist
2026-06-17,Alpensee Tour (Reg M-B) #62 - ✨🐢 for #1! IN-GAME!,11,eanna_h,3-2-0,Charizard,Grimmsnarl,Aegislash,Rotom-Wash,Garchomp,Staraptor,"Charizard @ Charizardite Y
Ability: Drought
Modest Nature
- Weather Ball
- Heat Wave
- Solar Beam
- Protect

Grimmsnarl @ Light Clay
Ability: Prankster
Careful Nature
- Light Screen
- Reflect
- Scary Face
- Spirit Break

Aegislash @ Spell Tag
Ability: Stance Change
Adamant Nature
- Poltergeist
- Iron Head
- King's Shield
- Shadow Sneak

Rotom-Wash @ Leftovers
Ability: Levitate
Bold Nature
- Hydro Pump
- Protect
- Will-O-Wisp
- Volt Switch

Garchomp @ Life Orb
Ability: Rough Skin
Jolly Nature
- Earthquake
- Dragon Claw
- Stomping Tantrum
- Protect

Staraptor @ Staraptite
Ability: Intimidate
Adamant Nature
- Close Combat
- Protect
- Brave Bird
- Roost",https://play.limitlesstcg.com/tournament/6a14208e0f6c1f08998609b4/player/eanna_h/teamlist
2026-06-17,Alpensee Tour (Reg M-B) #62 - ✨🐢 for #1! IN-GAME!,12,CJ__black98,3-2-0,Tyranitar,Excadrill,Corviknight,Hydreigon,Rotom-Wash,Mimikyu,"Tyranitar @ Tyranitarite
Ability: Sand Stream
Adamant Nature
- Rock Slide
- Knock Off
- Low Kick
- Protect

Excadrill @ Focus Sash
Ability: Sand Rush
Adamant Nature
- Earthquake
- Iron Head
- Rock Slide
- Protect

Corviknight @ Leftovers
Ability: Mirror Armor
Careful Nature
- Brave Bird
- Bulk Up
- Tailwind
- Roost

Hydreigon @ Choice Scarf
Ability: Levitate
Modest Nature
- Dark Pulse
- Draco Meteor
- Heat Wave
- Snarl

Rotom-Wash @ Sitrus Berry
Ability: Levitate
Modest Nature
- Thunderbolt
- Hydro Pump
- Will-O-Wisp
- Protect

Mimikyu @ Life Orb
Ability: Disguise
Adamant Nature
- Shadow Sneak
- Shadow Claw
- Play Rough
- Protect",https://play.limitlesstcg.com/tournament/6a14208e0f6c1f08998609b4/player/cj__black98/teamlist
2026-06-17,Alpensee Tour (Reg M-B) #62 - ✨🐢 for #1! IN-GAME!,13,othunder21,3-2-0,Gholdengo,Floette-Eternal,Sinistcha,Incineroar,Basculegion,Sneasler,"Gholdengo @ Life Orb
Ability: Good as Gold
Modest Nature
- Make It Rain
- Shadow Ball
- Nasty Plot
- Protect

Floette-Eternal @ Floettite
Ability: Flower Veil
Modest Nature
- Moonblast
- Dazzling Gleam
- Calm Mind
- Protect

Sinistcha @ Kasib Berry
Ability: Hospitality
Bold Nature
- Matcha Gotcha
- Rage Powder
- Life Dew
- Protect

Incineroar @ Sitrus Berry
Ability: Intimidate
Impish Nature
- Fake Out
- Flare Blitz
- Darkest Lariat
- Parting Shot

Basculegion @ Choice Scarf
Ability: Adaptability
Jolly Nature
- Wave Crash
- Flip Turn
- Aqua Jet
- Last Respects

Sneasler @ White Herb
Ability: Unburden
Adamant Nature
- Fake Out
- Close Combat
- Dire Claw
- Protect",https://play.limitlesstcg.com/tournament/6a14208e0f6c1f08998609b4/player/othunder21/teamlist
2026-06-17,Alpensee Tour (Reg M-B) #62 - ✨🐢 for #1! IN-GAME!,14,Fr33z,3-0-0,Staraptor,Incineroar,Farigiraf,Mawile,Kingambit,Torkoal,"Staraptor @ Choice Scarf
Ability: Intimidate
Jolly Nature
- Final Gambit
- Brave Bird
- Close Combat
- U-turn

Incineroar @ Sitrus Berry
Ability: Intimidate
Adamant Nature
- Flare Blitz
- Throat Chop
- Parting Shot
- Fake Out

Farigiraf @ Colbur Berry
Ability: Armor Tail
Quiet Nature
- Psychic
- Helping Hand
- Trick Room
- Protect

Mawile @ Mawilite
Ability: Hyper Cutter
Brave Nature
- Play Rough
- Sucker Punch
- Rock Slide
- Protect

Kingambit @ Life Orb
Ability: Defiant
Brave Nature
- Kowtow Cleave
- Sucker Punch
- Iron Head
- Low Kick

Torkoal @ Charcoal
Ability: Drought
Quiet Nature
- Eruption
- Weather Ball
- Solar Beam
- Protect",https://play.limitlesstcg.com/tournament/6a14208e0f6c1f08998609b4/player/fr33z/teamlist
2026-06-17,Alpensee Tour (Reg M-B) #62 - ✨🐢 for #1! IN-GAME!,15,jay49,3-2-0,Tyranitar,Excadrill,Rotom-Wash,Staraptor,Grimmsnarl,Sinistcha,"Tyranitar @ Tyranitarite
Ability: Sand Stream
Adamant Nature
- Protect
- Knock Off
- Rock Slide
- Low Kick

Excadrill @ Focus Sash
Ability: Sand Rush
Jolly Nature
- Iron Head
- High Horsepower
- Earthquake
- Protect

Rotom-Wash @ Leftovers
Ability: Levitate
Bold Nature
- Thunderbolt
- Hydro Pump
- Will-O-Wisp
- Protect

Staraptor @ Staraptite
Ability: Intimidate
Adamant Nature
- Close Combat
- Tailwind
- Dual Wingbeat
- Protect

Grimmsnarl @ Light Clay
Ability: Prankster
Careful Nature
- Light Screen
- Reflect
- Spirit Break
- Parting Shot

Sinistcha @ Sitrus Berry
Ability: Hospitality
Calm Nature
- Matcha Gotcha
- Strength Sap
- Rage Powder
- Protect",https://play.limitlesstcg.com/tournament/6a14208e0f6c1f08998609b4/player/jay49/teamlist
2026-06-17,Alpensee Tour (Reg M-B) #62 - ✨🐢 for #1! IN-GAME!,16,Goodwyn,3-2-0,Staraptor,Floette,Grimmsnarl,Kingambit,Basculegion,Sinistcha,"Staraptor @ Staraptite
Ability: Intimidate
Jolly Nature
- Brave Bird
- Close Combat
- Roost
- Protect

Floette @ Floettite
Ability: Flower Veil
Modest Nature
- Dazzling Gleam
- Draining Kiss
- Calm Mind
- Protect

Grimmsnarl @ Light Clay
Ability: Prankster
Careful Nature
- Spirit Break
- Light Screen
- Reflect
- Parting Shot

Kingambit @ Chople Berry
Ability: Defiant
Adamant Nature
- Kowtow Cleave
- Sucker Punch
- Swords Dance
- Protect

Basculegion @ Choice Scarf
Ability: Adaptability
Adamant Nature
- Wave Crash
- Last Respects
- Aqua Jet
- Flip Turn

Sinistcha @ Kasib Berry
Ability: Hospitality
Bold Nature
- Rage Powder
- Matcha Gotcha
- Strength Sap
- Life Dew",https://play.limitlesstcg.com/tournament/6a14208e0f6c1f08998609b4/player/goodwyn/teamlist
2026-06-17,Alpensee Tour (Reg M-B) #62 - ✨🐢 for #1! IN-GAME!,17,DieTaube,3-2-0,Staraptor,Metagross,Rotom-Wash,Maushold,Sinistcha,Weavile,"Staraptor @ Staraptite
Ability: Contrary
Jolly Nature
- Close Combat
- Brave Bird
- Tailwind
- Protect

Metagross @ Metagrossite
Ability: Tough Claws
Adamant Nature
- Iron Head
- Bullet Punch
- Psychic Fangs
- Protect

Rotom-Wash @ Sitrus Berry
Ability: Levitate
Modest Nature
- Thunderbolt
- Hydro Pump
- Will-O-Wisp
- Protect

Maushold @ Wide Lens
Ability: Friend Guard
Adamant Nature
- Population Bomb
- Follow Me
- Encore
- Protect

Sinistcha @ Kasib Berry
Ability: Hospitality
Bold Nature
- Matcha Gotcha
- Shadow Ball
- Life Dew
- Rage Powder

Weavile @ Focus Sash
Ability: Pickpocket
Jolly Nature
- Triple Axel
- Knock Off
- Fake Out
- Protect",https://play.limitlesstcg.com/tournament/6a14208e0f6c1f08998609b4/player/dietaube/teamlist
2026-06-17,Alpensee Tour (Reg M-B) #62 - ✨🐢 for #1! IN-GAME!,18,Vossi,3-2-0,Volcarona,Raichu,Scovillain,Ninetales-Alola,Incineroar,Basculegion,"Volcarona @ Charti Berry
Ability: Flame Body
Modest Nature
- Giga Drain
- Fiery Dance
- Quiver Dance
- Protect

Raichu @ Raichunite X
Ability: Lightning Rod
Timid Nature
- Fake Out
- Volt Switch
- Rising Voltage
- Electroweb

Scovillain @ Scovillainite
Ability: Moody
Bold Nature
- Flamethrower
- Giga Drain
- Rage Powder
- Protect

Ninetales-Alola @ Light Clay
Ability: Snow Warning
Timid Nature
- Blizzard
- Protect
- Encore
- Freeze-Dry

Incineroar @ Sitrus Berry
Ability: Intimidate
Impish Nature
- Fake Out
- Parting Shot
- Flare Blitz
- Throat Chop

Basculegion @ Choice Scarf
Ability: Adaptability
Jolly Nature
- Flip Turn
- Wave Crash
- Last Respects
- Aqua Jet",https://play.limitlesstcg.com/tournament/6a14208e0f6c1f08998609b4/player/vossi/teamlist
2026-06-17,Alpensee Tour (Reg M-B) #62 - ✨🐢 for #1! IN-GAME!,19,zichris,3-2-0,Grimmsnarl,Gholdengo,Staraptor,Whimsicott,Incineroar,Floette-Eternal,"Grimmsnarl @ Light Clay
Ability: Prankster
Careful Nature
- Fake Out
- Parting Shot
- Spirit Break
- Light Screen

Gholdengo @ White Herb
Ability: Good as Gold
Modest Nature
- Shadow Ball
- Make It Rain
- Nasty Plot
- Protect

Staraptor @ Staraptite
Ability: Intimidate
Adamant Nature
- Close Combat
- Brave Bird
- Roost
- Protect

Whimsicott @ Focus Sash
Ability: Prankster
Timid Nature
- Moonblast
- Tickle
- Tailwind
- Protect

Incineroar @ Sitrus Berry
Ability: Intimidate
Jolly Nature
- Flare Blitz
- Parting Shot
- Fake Out
- Taunt

Floette-Eternal @ Floettite
Ability: Flower Veil
Timid Nature
- Dazzling Gleam
- Draining Kiss
- Calm Mind
- Protect",https://play.limitlesstcg.com/tournament/6a14208e0f6c1f08998609b4/player/zichris/teamlist
2026-06-17,Alpensee Tour (Reg M-B) #62 - ✨🐢 for #1! IN-GAME!,20,SinVGC,2-2-0,Staraptor,Whimsicott,Glimmora,Kingambit,Basculegion,Raichu,"Staraptor @ Staraptite
Ability: Intimidate
Jolly Nature
- Close Combat
- Brave Bird
- Dual Wingbeat
- Protect

Whimsicott @ Fairy Feather
Ability: Prankster
Timid Nature
- Moonblast
- Tailwind
- Charm
- Protect

Glimmora @ Focus Sash
Ability: Toxic Debris
Modest Nature
- Power Gem
- Sludge Bomb
- Earth Power
- Spiky Shield

Kingambit @ Black Glasses
Ability: Defiant
Adamant Nature
- Kowtow Cleave
- Sucker Punch
- Iron Head
- Protect

Basculegion @ Colbur Berry
Ability: Adaptability
Adamant Nature
- Wave Crash
- Last Respects
- Aqua Jet
- Protect

Raichu @ Raichunite X
Ability: Lightning Rod
Modest Nature
- Rising Voltage
- Volt Switch
- Fake Out
- Protect",https://play.limitlesstcg.com/tournament/6a14208e0f6c1f08998609b4/player/sinvgc/teamlist
2026-06-17,Alpensee Tour (Reg M-B) #62 - ✨🐢 for #1! IN-GAME!,21,Rees,2-3-0,Staraptor,Sinistcha,Whimsicott,Incineroar,Basculegion,Floette-Eternal,"Staraptor @ Staraptite
Ability: Intimidate
Adamant Nature
- Close Combat
- Brave Bird
- Roost
- Protect

Sinistcha @ Kasib Berry
Ability: Hospitality
Relaxed Nature
- Strength Sap
- Matcha Gotcha
- Trick Room
- Rage Powder

Whimsicott @ Focus Sash
Ability: Prankster
Timid Nature
- Encore
- Tailwind
- Tickle
- Moonblast

Incineroar @ Sitrus Berry
Ability: Intimidate
Careful Nature
- Fake Out
- Parting Shot
- Darkest Lariat
- Flare Blitz

Basculegion @ Choice Scarf
Ability: Adaptability
Adamant Nature
- Last Respects
- Wave Crash
- Flip Turn
- Aqua Jet

Floette-Eternal @ Floettite
Ability: Flower Veil
Timid Nature
- Moonblast
- Dazzling Gleam
- Calm Mind
- Protect",https://play.limitlesstcg.com/tournament/6a14208e0f6c1f08998609b4/player/rees/teamlist
2026-06-17,Alpensee Tour (Reg M-B) #62 - ✨🐢 for #1! IN-GAME!,22,YunaPon_VGC,2-3-0,Scolipede,Gholdengo,Incineroar,Sinistcha,Aerodactyl,Gyarados,"Scolipede @ Scolipite
Ability: Speed-Boost
Tera Type: Bug
Adamant Nature
- Cross Poison
- Leech Life
- Swords Dance
- Protect

Gholdengo @ Life Orb
Ability: Good as Gold
Modest Nature
- Make It Rain
- Power Gem
- Shadow Ball
- Protect

Incineroar @ Passho Berry
Ability: Intimidate
Impish Nature
- Flare Blitz
- Throat Chop
- Fake Out
- Parting Shot

Sinistcha @ Kasib Berry
Ability: Hospitality
Calm Nature
- Matcha Gotcha
- Rage Powder
- Trick Room
- Protect

Aerodactyl @ Focus Sash
Ability: Unnerve
Jolly Nature
- Rock Slide
- Tailwind
- Wide Guard
- Protect

Gyarados @ Gyaradosite
Ability: Intimidate
Adamant Nature
- Waterfall
- Crunch
- Dragon Dance
- Protect",https://play.limitlesstcg.com/tournament/6a14208e0f6c1f08998609b4/player/yunapon_vgc/teamlist
2026-06-17,Alpensee Tour (Reg M-B) #62 - ✨🐢 for #1! IN-GAME!,23,joniaco,2-2-0,Staraptor,Sinistcha,Whimsicott,Glimmora,Gholdengo,Hydreigon,"Staraptor @ Staraptite
Ability: Intimidate
Jolly Nature
- Close Combat
- Brave Bird
- Blaze Kick
- Protect

Sinistcha @ Occa Berry
Ability: Hospitality
Calm Nature
- Matcha Gotcha
- Strength Sap
- Rage Powder
- Trick Room

Whimsicott @ Coba Berry
Ability: Prankster
Calm Nature
- Tailwind
- Charm
- Protect
- Moonblast

Glimmora @ Focus Sash
Ability: Toxic Debris
Modest Nature
- Spiky Shield
- Earth Power
- Power Gem
- Sludge Bomb

Gholdengo @ Life Orb
Ability: Good as Gold
Modest Nature
- Make It Rain
- Shadow Ball
- Nasty Plot
- Protect

Hydreigon @ Choice Scarf
Ability: Levitate
Modest Nature
- Dark Pulse
- Draco Meteor
- Heat Wave
- Snarl",https://play.limitlesstcg.com/tournament/6a14208e0f6c1f08998609b4/player/joniaco/teamlist
2026-06-17,Alpensee Tour (Reg M-B) #62 - ✨🐢 for #1! IN-GAME!,24,Agodiluggo,2-3-0,Staraptor,Grimmsnarl,Glimmora,Sinistcha,Incineroar,Metagross,"Staraptor @ Staraptite
Ability: Intimidate
Jolly Nature
- Brave Bird
- Close Combat
- Roost
- Protect

Grimmsnarl @ Light Clay
Ability: Prankster
Impish Nature
- Spirit Break
- Reflect
- Light Screen
- Parting Shot

Glimmora @ Focus Sash
Ability: Toxic Debris
Timid Nature
- Sludge Bomb
- Power Gem
- Earth Power
- Spiky Shield

Sinistcha @ Colbur Berry
Ability: Hospitality
Bold Nature
- Matcha Gotcha
- Trick Room
- Life Dew
- Protect

Incineroar @ Sitrus Berry
Ability: Intimidate
Jolly Nature
- Flare Blitz
- Throat Chop
- Fake Out
- Parting Shot

Metagross @ Metagrossite
Ability: Clear Body
Jolly Nature
- Meteor Mash
- Psychic Fangs
- Ice Punch
- Protect",https://play.limitlesstcg.com/tournament/6a14208e0f6c1f08998609b4/player/agodiluggo/teamlist
2026-06-17,Alpensee Tour (Reg M-B) #62 - ✨🐢 for #1! IN-GAME!,25,MrKiranVGC,2-3-0,Metagross,Floette-Eternal,Annihilape,Maushold,Talonflame,Garchomp,"Metagross @ Metagrossite
Ability: Clear Body
Jolly Nature
- Bullet Punch
- Psychic Fangs
- Ice Punch
- Protect

Floette-Eternal @ Floettite
Ability: Flower Veil
Modest Nature
- Moonblast
- Dazzling Gleam
- Calm Mind
- Protect

Annihilape @ Leftovers
Ability: Defiant
Adamant Nature
- Drain Punch
- Rage Fist
- Bulk Up
- Protect

Maushold @ Focus Sash
Ability: Friend Guard
Timid Nature
- Super Fang
- Follow Me
- Beat Up
- Protect

Talonflame @ Sharp Beak
Ability: Gale Wings
Jolly Nature
- Flare Blitz
- Dual Wingbeat
- Tailwind
- Protect

Garchomp @ Life Orb
Ability: Rough Skin
Jolly Nature
- Dragon Claw
- Rock Slide
- Earthquake
- Protect",https://play.limitlesstcg.com/tournament/6a14208e0f6c1f08998609b4/player/mrkiranvgc/teamlist
2026-06-17,Alpensee Tour (Reg M-B) #62 - ✨🐢 for #1! IN-GAME!,26,bpecina03,2-2-0,Staraptor,Sinistcha,Whimsicott,Glimmora,Gholdengo,Hydreigon,"Staraptor @ Staraptite
Ability: Intimidate
Jolly Nature
- Protect
- Blaze Kick
- Brave Bird
- Close Combat

Sinistcha @ Sitrus Berry
Ability: Hospitality
Calm Nature
- Matcha Gotcha
- Strength Sap
- Rage Powder
- Trick Room

Whimsicott @ Coba Berry
Ability: Prankster
Calm Nature
- Tailwind
- Charm
- Protect
- Moonblast

Glimmora @ Focus Sash
Ability: Toxic Debris
Modest Nature
- Spiky Shield
- Earth Power
- Power Gem
- Sludge Bomb

Gholdengo @ Life Orb
Ability: Good as Gold
Modest Nature
- Make It Rain
- Shadow Ball
- Nasty Plot
- Protect

Hydreigon @ Choice Scarf
Ability: Levitate
Modest Nature
- Dark Pulse
- Draco Meteor
- Heat Wave
- Snarl",https://play.limitlesstcg.com/tournament/6a14208e0f6c1f08998609b4/player/bpecina03/teamlist
2026-06-17,Alpensee Tour (Reg M-B) #62 - ✨🐢 for #1! IN-GAME!,27,TypNull07,2-3-0,Excadrill,Tyranitar,Corviknight,Hydreigon,Rotom-Wash,Gholdengo,"Excadrill @ Focus Sash
Ability: Sand Rush
Adamant Nature
- Iron Head
- Earthquake
- Rock Slide
- Protect

Tyranitar @ Tyranitarite
Ability: Sand Stream
Adamant Nature
- Rock Slide
- Knock Off
- Low Kick
- Protect

Corviknight @ Leftovers
Ability: Mirror Armor
Adamant Nature
- Brave Bird
- Body Press
- Bulk Up
- Tailwind

Hydreigon @ Choice Scarf
Ability: Levitate
Modest Nature
- Dark Pulse
- Draco Meteor
- Heat Wave
- Snarl

Rotom-Wash @ Sitrus Berry
Ability: Levitate
Bold Nature
- Thunderbolt
- Hydro Pump
- Will-O-Wisp
- Protect

Gholdengo @ Life Orb
Ability: Good as Gold
Modest Nature
- Make It Rain
- Shadow Ball
- Nasty Plot
- Protect",https://play.limitlesstcg.com/tournament/6a14208e0f6c1f08998609b4/player/typnull07/teamlist
2026-06-17,Alpensee Tour (Reg M-B) #62 - ✨🐢 for #1! IN-GAME!,28,DragonMasterCody,2-3-0,Charizard,Blaziken,Rotom-Heat,Garchomp,Whimsicott,Hydreigon,"Charizard @ Charizardite Y
Ability: Solar Power
Modest Nature
- Heat Wave
- Weather Ball
- Protect
- Solar Beam

Blaziken @ Life Orb
Ability: Speed Boost
Adamant Nature
- Flare Blitz
- Close Combat
- Protect
- Knock Off

Rotom-Heat @ Sitrus Berry
Ability: Levitate
Modest Nature
- Thunderbolt
- Overheat
- Protect
- Electroweb

Garchomp @ Muscle Band
Ability: Rough Skin
Jolly Nature
- Dragon Claw
- Earthquake
- Protect
- Rock Slide

Whimsicott @ Focus Sash
Ability: Prankster
Timid Nature
- Fake Tears
- Moonblast
- Protect
- Tailwind

Hydreigon @ Choice Scarf
Ability: Levitate
Modest Nature
- Dark Pulse
- Draco Meteor
- Snarl
- Earth Power",https://play.limitlesstcg.com/tournament/6a14208e0f6c1f08998609b4/player/dragonmastercody/teamlist
2026-06-17,Alpensee Tour (Reg M-B) #62 - ✨🐢 for #1! IN-GAME!,29,ZUKY187,1-3-0,Incineroar,Grimmsnarl,Sinistcha,Gholdengo,Raichu,Staraptor,"Incineroar @ Chople Berry
Ability: Intimidate
Brave Nature
- Flare Blitz
- Parting Shot
- Fake Out
- Throat Chop

Grimmsnarl @ Light Clay
Ability: Prankster
Impish Nature
- Parting Shot
- Foul Play
- Reflect
- Light Screen

Sinistcha @ Sitrus Berry
Ability: Hospitality
Calm Nature
- Matcha Gotcha
- Trick Room
- Rage Powder
- Life Dew

Gholdengo @ Leftovers
Ability: Good as Gold
Timid Nature
- Protect
- Make It Rain
- Nasty Plot
- Shadow Ball

Raichu @ Shuca Berry
Ability: Lightning Rod
Jolly Nature
- Fake Out
- Charm
- Volt Switch
- Encore

Staraptor @ Staraptite
Ability: Intimidate
Jolly Nature
- Close Combat
- Protect
- Brave Bird
- Tailwind",https://play.limitlesstcg.com/tournament/6a14208e0f6c1f08998609b4/player/zuky187/teamlist
2026-06-17,Alpensee Tour (Reg M-B) #62 - ✨🐢 for #1! IN-GAME!,30,Yegorushhka,1-2-0,Swampert,Dragonite,Pelipper,Archaludon,Gholdengo,Sinistcha,"Swampert @ Swampertite
Ability: Torrent
Adamant Nature
- Wave Crash
- Earthquake
- Ice Punch
- Protect

Dragonite @ Dragoninite
Ability: Inner Focus
Modest Nature
- Dragon Pulse
- Hurricane
- Heat Wave
- Tailwind

Pelipper @ Focus Sash
Ability: Drizzle
Modest Nature
- Weather Ball
- Hurricane
- Wide Guard
- Protect

Archaludon @ Leftovers
Ability: Stamina
Modest Nature
- Electro Shot
- Dragon Pulse
- Flash Cannon
- Protect

Gholdengo @ Choice Scarf
Ability: Good as Gold
Timid Nature
- Make It Rain
- Shadow Ball
- Power Gem
- Trick

Sinistcha @ Sitrus Berry
Ability: Hospitality
Bold Nature
- Matcha Gotcha
- Protect
- Rage Powder
- Trick Room",https://play.limitlesstcg.com/tournament/6a14208e0f6c1f08998609b4/player/yegorushhka/teamlist
2026-06-17,Alpensee Tour (Reg M-B) #62 - ✨🐢 for #1! IN-GAME!,31,ellysux,1-2-0,Aerodactyl,Sinistcha,Incineroar,Metagross,Garchomp,Basculegion,"Aerodactyl @ Aerodactylite
Ability: Unnerve
Jolly Nature
- Dual Wingbeat
- Rock Slide
- Tailwind
- Protect

Sinistcha @ Sitrus Berry
Ability: Hospitality
Relaxed Nature
- Matcha Gotcha
- Rage Powder
- Trick Room
- Protect

Incineroar @ Passho Berry
Ability: Intimidate
Adamant Nature
- Fake Out
- Throat Chop
- Flare Blitz
- Parting Shot

Metagross @ Metagrossite
Ability: Clear Body
Jolly Nature
- Psychic Fangs
- Body Press
- Rock Slide
- Protect

Garchomp @ Life Orb
Ability: Rough Skin
Jolly Nature
- Dragon Claw
- Earthquake
- Rock Slide
- Protect

Basculegion @ Focus Sash
Ability: Adaptability
Adamant Nature
- Liquidation
- Aqua Jet
- Last Respects
- Protect",https://play.limitlesstcg.com/tournament/6a14208e0f6c1f08998609b4/player/ellysux/teamlist
2026-06-17,Alpensee Tour (Reg M-B) #62 - ✨🐢 for #1! IN-GAME!,32,angrybook,1-2-0,Metagross,Scrafty,Annihilape,Lycanroc-Dusk,Farigiraf,Zoroark-Hisui,"Metagross @ Metagrossite
Ability: Clear Body
Adamant Nature
- Iron Head
- Bullet Punch
- Protect
- Psychic Fangs

Scrafty @ Scraftinite
Ability: Intimidate
Adamant Nature
- Fake Out
- Close Combat
- Knock Off
- Protect

Annihilape @ Lum Berry
Ability: Defiant
Jolly Nature
- Rage Fist
- Close Combat
- Coaching
- Protect

Lycanroc-Dusk @ Focus Sash
Ability: Tough Claws
Adamant Nature
- Accelerock
- Rock Slide
- Close Combat
- Protect

Farigiraf @ Sitrus Berry
Ability: Armor Tail
Modest Nature
- Hyper Voice
- Psychic
- Trick Room
- Protect

Zoroark-Hisui @ Life Orb
Ability: Illusion
Timid Nature
- Hyper Voice
- Bitter Malice
- Icy Wind
- Protect",https://play.limitlesstcg.com/tournament/6a14208e0f6c1f08998609b4/player/angrybook/teamlist
2026-06-17,Alpensee Tour (Reg M-B) #62 - ✨🐢 for #1! IN-GAME!,33,Buggy_D_Clown,1-3-0,Pelipper,Archaludon,Sableye,Swampert,Annihilape,Incineroar,"Pelipper @ Life Orb
Ability: Drizzle
Timid Nature
- Hurricane
- Weather Ball
- Tailwind
- Protect

Archaludon @ Leftovers
Ability: Stamina
Modest Nature
- Electro Shot
- Flash Cannon
- Draco Meteor
- Protect

Sableye @ Light Clay
Ability: Prankster
Careful Nature
- Foul Play
- Reflect
- Light Screen
- Rain Dance

Swampert @ Swampertite
Ability: Torrent
Adamant Nature
- Wave Crash
- Knock Off
- High Horsepower
- Protect

Annihilape @ Choice Scarf
Ability: Defiant
Jolly Nature
- Close Combat
- Rock Tomb
- Coaching
- Rage Fist

Incineroar @ Passho Berry
Ability: Intimidate
Impish Nature
- Parting Shot
- Throat Chop
- Flare Blitz
- Fake Out",https://play.limitlesstcg.com/tournament/6a14208e0f6c1f08998609b4/player/buggy_d_clown/teamlist
2026-06-17,Alpensee Tour (Reg M-B) #62 - ✨🐢 for #1! IN-GAME!,34,Pesantos120,1-2-0,Froslass,Sneasler,Whimsicott,Basculegion,Arcanine-Hisui,Kingambit,"Froslass @ Froslassite
Ability: Snow Cloak
Modest Nature
- Protect
- Blizzard
- Shadow Ball
- Taunt

Sneasler @ White Herb
Ability: Unburden
Adamant Nature
- Protect
- Close Combat
- Dire Claw
- Fake Out

Whimsicott @ Fairy Feather
Ability: Prankster
Timid Nature
- Protect
- Moonblast
- Encore
- Tailwind

Basculegion @ Choice Scarf
Ability: Adaptability
Jolly Nature
- Last Respects
- Flip Turn
- Wave Crash
- Aqua Jet

Arcanine-Hisui @ Focus Sash
Ability: Rock Head
Adamant Nature
- Protect
- Head Smash
- Flare Blitz
- Close Combat

Kingambit @ Chople Berry
Ability: Defiant
Naughty Nature
- Protect
- Sucker Punch
- Kowtow Cleave
- Low Kick",https://play.limitlesstcg.com/tournament/6a14208e0f6c1f08998609b4/player/pesantos120/teamlist
2026-06-17,Alpensee Tour (Reg M-B) #62 - ✨🐢 for #1! IN-GAME!,35,Leon000,1-0-0,Lycanroc-Dusk,Froslass,Scovillain,Basculegion,Kingambit,Sneasler,"Lycanroc-Dusk @ Focus Sash
Ability: Tough Claws
Adamant Nature
- Rock Slide
- Close Combat
- Accelerock
- Protect

Froslass @ Froslassite
Ability: Cursed Body
Modest Nature
- Blizzard
- Shadow Ball
- Aurora Veil
- Protect

Scovillain @ Scovillainite
Ability: Moody
Bold Nature
- Overheat
- Giga Drain
- Protect
- Rage Powder

Basculegion @ Life Orb
Ability: Adaptability
Adamant Nature
- Wave Crash
- Last Respects
- Aqua Jet
- Protect

Kingambit @ Black Glasses
Ability: Defiant
Adamant Nature
- Kowtow Cleave
- Sucker Punch
- Swords Dance
- Protect

Sneasler @ White Herb
Ability: Unburden
Adamant Nature
- Close Combat
- Dire Claw
- Fake Out
- Protect",https://play.limitlesstcg.com/tournament/6a14208e0f6c1f08998609b4/player/leon000/teamlist
2026-06-17,Alpensee Tour (Reg M-B) #62 - ✨🐢 for #1! IN-GAME!,36,joyfulwizardVGC,1-4-0,Scovillain,Corviknight,Excadrill,Rotom-Wash,Tyranitar,Primarina,"Scovillain @ Scovillainite
Ability: Moody
Modest Nature
- Protect
- Rage Powder
- Burning Jealousy
- Energy Ball

Corviknight @ Sharp Beak
Ability: Mirror Armor
Impish Nature
- Tailwind
- Roost
- Bulk Up
- Brave Bird

Excadrill @ Focus Sash
Ability: Sand Rush
Adamant Nature
- Protect
- Earthquake
- Rock Slide
- Iron Head

Rotom-Wash @ Choice Scarf
Ability: Levitate
Timid Nature
- Hydro Pump
- Volt Switch
- Thunderbolt
- Electroweb

Tyranitar @ Tyranitarite
Ability: Sand Stream
Adamant Nature
- Protect
- Low Kick
- Knock Off
- Rock Slide

Primarina @ Leftovers
Ability: Liquid Voice
Modest Nature
- Protect
- Moonblast
- Hyper Voice
- Calm Mind",https://play.limitlesstcg.com/tournament/6a14208e0f6c1f08998609b4/player/joyfulwizardvgc/teamlist
2026-06-17,Alpensee Tour (Reg M-B) #62 - ✨🐢 for #1! IN-GAME!,37,Beedrillvgc,1-4-0,Incineroar,Sinistcha,Floette-Eternal,Garchomp,Charizard,Venusaur,"Incineroar @ Sitrus Berry
Ability: Intimidate
Careful Nature
- Flare Blitz
- Fake Out
- Parting Shot
- Throat Chop

Sinistcha @ Colbur Berry
Ability: Hospitality
Relaxed Nature
- Matcha Gotcha
- Protect
- Trick Room
- Rage Powder

Floette-Eternal @ Floettite
Ability: Flower Veil
Modest Nature
- Moonblast
- Dazzling Gleam
- Protect
- Calm Mind

Garchomp @ Choice Scarf
Ability: Rough Skin
Adamant Nature
- Rock Slide
- Earthquake
- Dragon Claw
- Stomping Tantrum

Charizard @ Charizardite Y
Ability: Blaze
Modest Nature
- Heat Wave
- Weather Ball
- Protect
- Solar Beam

Venusaur @ Focus Sash
Ability: Chlorophyll
Timid Nature
- Sludge Bomb
- Earth Power
- Sleep Powder
- Protect",https://play.limitlesstcg.com/tournament/6a14208e0f6c1f08998609b4/player/beedrillvgc/teamlist
2026-06-17,Alpensee Tour (Reg M-B) #62 - ✨🐢 for #1! IN-GAME!,38,Katiclus,1-1-0,Torkoal,Farigiraf,Sylveon,Kingambit,Drampa,Vileplume,"Torkoal @ Charcoal
Ability: Drought
Quiet Nature
- Eruption
- Heat Wave
- Weather Ball
- Protect

Farigiraf @ Sitrus Berry
Ability: Armor Tail
Relaxed Nature
- Hyper Voice
- Psychic
- Trick Room
- Protect

Sylveon @ Life Orb
Ability: Pixilate
Quiet Nature
- Hyper Voice
- Moonblast
- Hyper Beam
- Protect

Kingambit @ Occa Berry
Ability: Defiant
Brave Nature
- Kowtow Cleave
- Sucker Punch
- Low Kick
- Iron Head

Drampa @ Drampanite
Ability: Berserk
Quiet Nature
- Ice Beam
- Hyper Voice
- Thunderbolt
- Earth Power

Vileplume @ Focus Sash
Ability: Chlorophyll
Timid Nature
- Sludge Bomb
- After You
- Sleep Powder
- Protect",https://play.limitlesstcg.com/tournament/6a14208e0f6c1f08998609b4/player/katiclus/teamlist
2026-06-17,Alpensee Tour (Reg M-B) #62 - ✨🐢 for #1! IN-GAME!,39,Karim Ediel Bustillos Juárez,0-3-0,Sneasler,Kingambit,Clefable,Delphox,Azumarill,Gyarados,"Sneasler @ Focus Sash
Ability: Unburden
Adamant Nature
- Close Combat
- Dire Claw
- Fake Out
- Protect

Kingambit @ Black Glasses
Ability: Defiant
Brave Nature
- Swords Dance
- Kowtow Cleave
- Sucker Punch
- Protect

Clefable @ Bright Powder
Ability: Unaware
Sassy Nature
- Protect
- Follow Me
- Helping Hand
- Life Dew

Delphox @ Delphoxite
Ability: Blaze
Timid Nature
- Protect
- Substitute
- Heat Wave
- Psychic

Azumarill @ Sitrus Berry
Ability: Huge Power
Adamant Nature
- Protect
- Aqua Jet
- Play Rough
- Belly Drum

Gyarados @ Quick Claw
Ability: Intimidate
Careful Nature
- Waterfall
- Thunder Wave
- Taunt
- Helping Hand",https://play.limitlesstcg.com/tournament/6a14208e0f6c1f08998609b4/player/karimediel21/teamlist
2026-06-17,Alpensee Tour (Reg M-B) #62 - ✨🐢 for #1! IN-GAME!,40,Dussehra,0-3-0,Charizard,Whimsicott,Garchomp,Glimmora,Basculegion,Incineroar,"Charizard @ Charizardite Y
Ability: Solar Power
Modest Nature
- Protect
- Weather Ball
- Heat Wave
- Solar Beam

Whimsicott @ Coba Berry
Ability: Prankster
Modest Nature
- Tailwind
- Sunny Day
- Fake Tears
- Moonblast

Garchomp @ Soft Sand
Ability: Rough Skin
Adamant Nature
- Protect
- Earthquake
- Stomping Tantrum
- Dragon Claw

Glimmora @ Focus Sash
Ability: Toxic Debris
Modest Nature
- Protect
- Sludge Bomb
- Power Gem
- Earth Power

Basculegion @ Choice Scarf
Ability: Adaptability
Adamant Nature
- Wave Crash
- Flip Turn
- Last Respects
- Aqua Jet

Incineroar @ Sitrus Berry
Ability: Intimidate
Adamant Nature
- Fake Out
- Parting Shot
- Flare Blitz
- Throat Chop",https://play.limitlesstcg.com/tournament/6a14208e0f6c1f08998609b4/player/dussehra/teamlist
2026-06-17,Alpensee Tour (Reg M-B) #62 - ✨🐢 for #1! IN-GAME!,41,Dragapultvgc,0-1-0,Incineroar,Gengar,Sneasler,Dragapult,Ninetales-Alola,Staraptor,"Incineroar @ Passho Berry
Ability: Intimidate
Impish Nature
- Flare Blitz
- Parting Shot
- Fake Out
- Protect

Gengar @ Gengarite
Ability: Cursed Body
Timid Nature
- Shadow Ball
- Perish Song
- Disable
- Protect

Sneasler @ White Herb
Ability: Unburden
Adamant Nature
- Dire Claw
- Close Combat
- Fake Out
- Protect

Dragapult @ Life Orb
Ability: Clear Body
Adamant Nature
- Dragon Darts
- Phantom Force
- Psychic Fangs
- Protect

Ninetales-Alola @ Sitrus Berry
Ability: Snow Warning
Timid Nature
- Blizzard
- Aurora Veil
- Encore
- Protect

Staraptor @ Staraptite
Ability: Intimidate
Jolly Nature
- Close Combat
- Brave Bird
- Tailwind
- Protect",https://play.limitlesstcg.com/tournament/6a14208e0f6c1f08998609b4/player/dragapultvgc/teamlist
2026-06-17,Alpensee Tour (Reg M-B) #62 - ✨🐢 for #1! IN-GAME!,42,Evelyn K,0-1-0,Blaziken,Kingambit,Basculegion,Garchomp,Volcarona,Froslass,"Blaziken @ Blazikenite
Ability: Speed Boost
Tera Type: Fire
Adamant Nature
- Protect
- Flare Blitz
- Close Combat
- Coaching

Kingambit @ Black Glasses
Ability: Defiant
Tera Type: Dark
Adamant Nature
- Protect
- Kowtow Cleave
- Iron Head
- Sucker Punch

Basculegion @ Sitrus Berry
Ability: Adaptability
Tera Type: Water
Adamant Nature
- Protect
- Wave Crash
- Last Respects
- Aqua Jet

Garchomp @ Life Orb
Ability: Rough Skin
Serious Nature
- Protect
- Stomping Tantrum
- Dragon Claw
- Earthquake

Volcarona @ Passho Berry
Ability: Flame Body
Bold Nature
- Protect
- Fiery Dance
- Giga Drain
- Rage Powder

Froslass @ Froslassite
Ability: Cursed Body
Modest Nature
- Protect
- Blizzard
- Shadow Ball
- Aurora Veil",https://play.limitlesstcg.com/tournament/6a14208e0f6c1f08998609b4/player/eeveeiynn/teamlist
2026-06-17,Alpensee Tour (Reg M-B) #62 - ✨🐢 for #1! IN-GAME!,43,Mauro Gonzalez,0-2-0,Scrafty,Maushold,Gholdengo,Annihilape,Sinistcha,Incineroar,"Scrafty @ Scraftinite
Ability: Intimidate
Adamant Nature
- Fake Out
- Drain Punch
- Close Combat
- Protect

Maushold @ Leftovers
Ability: Friend Guard
Timid Nature
- Protect
- Super Fang
- Population Bomb
- Follow Me

Gholdengo @ Wise Glasses
Ability: Good as Gold
Modest Nature
- Make It Rain
- Shadow Ball
- Nasty Plot
- Protect

Annihilape @ Metronome
Ability: Competitive
Adamant Nature
- Rage Fist
- Drain Punch
- Bulk Up
- Protect

Sinistcha @ Colbur Berry
Ability: Hospitality
Relaxed Nature
- Matcha Gotcha
- Life Dew
- Rage Powder
- Protect

Incineroar @ Passho Berry
Ability: Intimidate
Relaxed Nature
- Fake Out
- Flare Blitz
- Parting Shot
- Protect",https://play.limitlesstcg.com/tournament/6a14208e0f6c1f08998609b4/player/kaori_uy/teamlist
2026-06-17,Alpensee Tour (Reg M-B) #62 - ✨🐢 for #1! IN-GAME!,44,Illumina__IrisQ,0-1-0,Swampert,Pelipper,Archaludon,Annihilape,Maushold,Rotom-Mow,"Swampert @ Swampertite
Ability: Damp
Adamant Nature
- Wave Crash
- Earthquake
- High Horsepower
- Protect

Pelipper @ Damp Rock
Ability: Drizzle
Bold Nature
- Hurricane
- Weather Ball
- Tailwind
- Protect

Archaludon @ Leftovers
Ability: Stamina
Modest Nature
- Electro Shot
- Dragon Pulse
- Flash Cannon
- Protect

Annihilape @ Sitrus Berry
Ability: Defiant
Jolly Nature
- Drain Punch
- Rage Fist
- Bulk Up
- Protect

Maushold @ Focus Sash
Ability: Friend Guard
Jolly Nature
- Super Fang
- Follow Me
- Beat Up
- Protect

Rotom-Mow @ Choice Scarf
Ability: Levitate
Timid Nature
- Thunderbolt
- Leaf Storm
- Electroweb
- Volt Switch",https://play.limitlesstcg.com/tournament/6a14208e0f6c1f08998609b4/player/illumina__irisq/teamlist
2026-06-17,Alpensee Tour (Reg M-B) #62 - ✨🐢 for #1! IN-GAME!,45,Brabrei,0-2-0,Charizard,Whimsicott,Venusaur,Incineroar,Garchomp,Rotom-Wash,"Charizard @ Charizardite Y
Ability: Solar Power
Timid Nature
- Protect
- Heat Wave
- Weather Ball
- Solar Beam

Whimsicott @ Coba Berry
Ability: Prankster
Timid Nature
- Tailwind
- Moonblast
- Encore
- Sunny Day

Venusaur @ Focus Sash
Ability: Chlorophyll
Modest Nature
- Protect
- Sludge Bomb
- Energy Ball
- Sleep Powder

Incineroar @ Sitrus Berry
Ability: Intimidate
Impish Nature
- Parting Shot
- Flare Blitz
- Fake Out
- Throat Chop

Garchomp @ Choice Scarf
Ability: Rough Skin
Adamant Nature
- Earthquake
- Dragon Claw
- Rock Slide
- Stomping Tantrum

Rotom-Wash @ Leftovers
Ability: Levitate
Modest Nature
- Protect
- Thunderbolt
- Hydro Pump
- Will-O-Wisp",https://play.limitlesstcg.com/tournament/6a14208e0f6c1f08998609b4/player/brabrei/teamlist
2026-06-17,Alpensee Tour (Reg M-B) #62 - ✨🐢 for #1! IN-GAME!,46,BobElephant,0-2-0,Metagross,Aerodactyl,Blaziken,Conkeldurr,Farigiraf,Armarouge,"Metagross @ Metagrossite
Ability: Clear Body
Adamant Nature
- Meteor Mash
- Bullet Punch
- Ice Punch
- Rock Slide

Aerodactyl @ Focus Sash
Ability: Pressure
Jolly Nature
- Dual Wingbeat
- Protect
- Tailwind
- Rock Slide

Blaziken @ Blazikenite
Ability: Speed Boost
Jolly Nature
- Protect
- Swords Dance
- Close Combat
- Flare Blitz

Conkeldurr @ Black Belt
Ability: Iron Fist
Brave Nature
- Protect
- Mach Punch
- Drain Punch
- Thunder Punch

Farigiraf @ Colbur Berry
Ability: Armor Tail
Quiet Nature
- Trick Room
- Protect
- Psychic
- Dazzling Gleam

Armarouge @ Colbur Berry
Ability: Flash Fire
Quiet Nature
- Trick Room
- Armor Cannon
- Energy Ball
- Protect",https://play.limitlesstcg.com/tournament/6a14208e0f6c1f08998609b4/player/bobelephant/teamlist
2026-06-17,Alpensee Tour (Reg M-B) #62 - ✨🐢 for #1! IN-GAME!,47,Yukaza,0-1-0,Grimmsnarl,Sinistcha,Incineroar,Garchomp,Delphox,Staraptor,"Grimmsnarl @ Light Clay
Ability: Prankster
Careful Nature
- Spirit Break
- Parting Shot
- Reflect
- Light Screen

Sinistcha @ Kasib Berry
Ability: Hospitality
Bold Nature
- Matcha Gotcha
- Rage Powder
- Life Dew
- Protect

Incineroar @ Sitrus Berry
Ability: Intimidate
Careful Nature
- Flare Blitz
- Throat Chop
- Parting Shot
- Fake Out

Garchomp @ Life Orb
Ability: Rough Skin
Jolly Nature
- Dragon Claw
- Earthquake
- Rock Slide
- Protect

Delphox @ Delphoxite
Ability: Blaze
Timid Nature
- Heat Wave
- Psyshock
- Nasty Plot
- Protect

Staraptor @ Staraptite
Ability: Intimidate
Jolly Nature
- Close Combat
- Brave Bird
- Roost
- Protect",https://play.limitlesstcg.com/tournament/6a14208e0f6c1f08998609b4/player/yukaza/teamlist
2026-06-17,Alpensee Tour (Reg M-B) #62 - ✨🐢 for #1! IN-GAME!,49,Gurrasnurra5,0-2-0,Dragalge,Incineroar,Sinistcha,Grimmsnarl,Rotom-Wash,Gholdengo,"Dragalge @ Dragalgite
Ability: Adaptability
Quiet Nature
- Dragon Pulse
- Sludge Bomb
- Protect
- Scald

Incineroar @ Sitrus Berry
Ability: Intimidate
Adamant Nature
- Flare Blitz
- Darkest Lariat
- Parting Shot
- Fake Out

Sinistcha @ Occa Berry
Ability: Hospitality
Calm Nature
- Matcha Gotcha
- Life Dew
- Rage Powder
- Trick Room

Grimmsnarl @ Light Clay
Ability: Prankster
Careful Nature
- Light Screen
- Reflect
- Spirit Break
- Taunt

Rotom-Wash @ Choice Scarf
Ability: Levitate
Modest Nature
- Hydro Pump
- Electroweb
- Volt Switch
- Will-O-Wisp

Gholdengo @ Life Orb
Ability: Good as Gold
Modest Nature
- Make It Rain
- Shadow Ball
- Nasty Plot
- Protect",https://play.limitlesstcg.com/tournament/6a14208e0f6c1f08998609b4/player/gurrasnurra5/teamlist
2026-06-17,Alpensee Tour (Reg M-B) #62 - ✨🐢 for #1! IN-GAME!,52,HerDant,0-1-0,Garchomp,Sneasler,Sinistcha,Tyranitar,Whimsicott,Skarmory,"Garchomp @ Garchompite
Ability: Sand Veil
Jolly Nature
- Stomping Tantrum
- Dragon Claw
- Rock Slide
- Protect

Sneasler @ White Herb
Ability: Unburden
Adamant Nature
- Fake Out
- Close Combat
- Dire Claw
- Rock Tomb

Sinistcha @ Kasib Berry
Ability: Hospitality
Bold Nature
- Rage Powder
- Matcha Gotcha
- Protect
- Strength Sap

Tyranitar @ Roseli Berry
Ability: Sand Stream
Adamant Nature
- Protect
- Knock Off
- Rock Slide
- Low Kick

Whimsicott @ Coba Berry
Ability: Prankster
Bold Nature
- Tailwind
- Encore
- Moonblast
- Protect

Skarmory @ Skarmorite
Ability: Weak Armor
Jolly Nature
- Protect
- Brave Bird
- Iron Head
- Rock Slide",https://play.limitlesstcg.com/tournament/6a14208e0f6c1f08998609b4/player/herdant/teamlist
2026-06-17,Alpensee Tour (Reg M-B) #62 - ✨🐢 for #1! IN-GAME!,53,Dondolan555,0-1-0,Garchomp,Glimmora,Charizard,Basculegion,Whimsicott,Kingambit,"Garchomp @ Garchompite
Ability: Rough Skin
Jolly Nature
- Dragon Claw
- Protect
- Earthquake
- Rock Slide

Glimmora @ Focus Sash
Ability: Toxic Debris
Modest Nature
- Spiky Shield
- Power Gem
- Sludge Bomb
- Earth Power

Charizard @ Charizardite Y
Ability: Blaze
Timid Nature
- Weather Ball
- Heat Wave
- Protect
- Solar Beam

Basculegion @ Choice Scarf
Ability: Adaptability
Jolly Nature
- Aqua Jet
- Flip Turn
- Last Respects
- Wave Crash

Whimsicott @ Fairy Feather
Ability: Prankster
Timid Nature
- Moonblast
- Taunt
- Tailwind
- Protect

Kingambit @ Chople Berry
Ability: Defiant
Adamant Nature
- Kowtow Cleave
- Sucker Punch
- Iron Head
- Low Kick",https://play.limitlesstcg.com/tournament/6a14208e0f6c1f08998609b4/player/dondolan555/teamlist
2026-06-17,Alpensee Tour (Reg M-B) #62 - ✨🐢 for #1! IN-GAME!,54,TheUpcomingWolfe,0-2-0,Floette-Eternal,Garchomp,Gholdengo,Whimsicott,Incineroar,Rotom-Wash,"Floette-Eternal @ Floettite
Ability: Flower Veil
Timid Nature
- Moonblast
- Dazzling Gleam
- Light of Ruin
- Protect

Garchomp @ Life Orb
Ability: Rough Skin
Jolly Nature
- Earthquake
- Stomping Tantrum
- Scale Shot
- Protect

Gholdengo @ Metal Coat
Ability: Good as Gold
Modest Nature
- Make It Rain
- Shadow Ball
- Nasty Plot
- Protect

Whimsicott @ Focus Sash
Ability: Prankster
Timid Nature
- Tailwind
- Moonblast
- Fake Tears
- Protect

Incineroar @ Passho Berry
Ability: Intimidate
Relaxed Nature
- Fake Out
- Flare Blitz
- Throat Chop
- Parting Shot

Rotom-Wash @ Sitrus Berry
Ability: Levitate
Modest Nature
- Thunderbolt
- Hydro Pump
- Will-O-Wisp
- Protect",https://play.limitlesstcg.com/tournament/6a14208e0f6c1f08998609b4/player/theupcomingwolfe/teamlist
